[17:52:18.984] === TEST START === profile: default
[17:52:29.029] $ (knock every 2s) 
[17:52:29.269] ubi0: scanning is finished
[17:52:29.275] ubi0: attached mtd19 (name "rootfs", size 100 MiB)
[17:52:29.279] ubi0: PEB size: 262144 bytes (256 KiB), LEB size: 253952 bytes
[17:52:29.283] ubi0: min./max. I/O unit sizes: 4096/4096, sub-page size 4096
[17:52:29.288] ubi0: VID header offset: 4096 (aligned 4096), data offset: 8192
[17:52:29.292] ubi0: good PEBs: 400, bad PEBs: 0, corrupted PEBs: 0
[17:52:29.296] ubi0: user volume: 1, internal volumes: 1, max. volumes count: 128
[17:52:29.300] ubi0: max/mean erase counter: 2/0, WL threshold: 4096, image sequence number: 2015018471
[17:52:29.305] ubi0: available PEBs: 0, total reserved PEBs: 400, PEBs reserved for bad PEB handling: 40
[17:52:29.310] ubi0: background thread "ubi_bgt0d" started, PID 1078
[17:52:29.314] gdm_mux_init
[17:52:29.318] clk: Not disabling unused clocks
[17:52:29.322] em_mode=0x00000c00:
[17:52:29.325] b[0]=REBOOT_ON_LINUX_CRASH(off)
[17:52:29.328] b[1]=REBOOT_ON_APP_CRASH(off)
[17:52:29.331] b[8]=REBOOT_ON_MODEM_CRASH(off)
[17:52:29.335] b[9]=REBOOT_ON_MODEM_WDT(off)
[17:52:29.338] b[10]=RELOAD_ON_MODEM_CRASH(ON)
[17:52:29.342] b[11]=RELOAD_ON_MODEM_WDT(ON)
[17:52:29.345] b[16]=RUN_CRASH_SH(off)
[17:52:29.349] hw_wd_start(15000/20000)
[17:52:29.353] md wd started: to=3000 du=10000
[17:52:29.356] PM: genpd: Not disabling unused power domains
[17:52:29.359] c00: gdm_irq_set_type: cpu=0 hwirq=97 type=4
[17:52:29.363] c00: set_affinity: irq=44(UART RX) cpu=0
[17:52:29.366] c00: gdm_irq_set_type: cpu=0 hwirq=96 type=4
[17:52:29.370] c00: set_affinity: irq=45(UART TX) cpu=0
[17:52:29.373] uart port[0] fc=0 cr=0000002b
[17:52:29.419] UBIFS (ubi0:0): Mounting in unauthenticated mode
[17:52:29.443] UBIFS (ubi0:0): recovery needed
[17:52:29.448] UBIFS (ubi0:0): recovery deferred
[17:52:29.452] UBIFS (ubi0:0): UBIFS: mounted UBI device 0, volume 0, name "rootfs", R/O mode
[17:52:29.456] UBIFS (ubi0:0): LEB size: 253952 bytes (248 KiB), min./max. I/O unit sizes: 4096 bytes/4096 bytes
[17:52:29.462] UBIFS (ubi0:0): FS size: 87867392 bytes (83 MiB, 346 LEBs), max 384 LEBs, journal size 9404416 bytes (8 MiB, 38 LEBs)
[17:52:29.468] UBIFS (ubi0:0): reserved for root: 0 bytes (0 KiB)
[17:52:29.473] UBIFS (ubi0:0): media format: w4/r0 (latest is w5/r0), UUID C6D979DA-F702-4818-9778-CBF9606FDB8E, small LPT model
[17:52:29.479] VFS: Mounted root (ubifs filesystem) readonly on device 0:16.
[17:52:29.483] devtmpfs: mounted
[17:52:29.486] Freeing unused kernel memory: 1728K
[17:52:29.490] Run /sbin/init as init process
[17:52:29.493]   with arguments:
[17:52:29.497]     /sbin/init
[17:52:29.500]   with environment:
[17:52:29.504]     HOME=/
[17:52:29.925]     TERM=linux
[17:52:29.929]     attty=ttyS1
[17:52:29.933]     sbl_ver=1.2.0
[17:52:29.937]     bl_ver=1.2.0
[17:52:29.940] Welcome to
[17:52:29.944]   G C T   L T E   M O D E M
[17:52:29.947] modprobe: module board not found in modules.dep
[17:52:29.950] backtrace info:
[17:52:29.954]   LIBC=uClibc
[17:52:29.957]   __SSP_ALL__
[17:52:29.961]   guard=0xefbeaddeefbeadde
[17:52:29.964]   inited=1
[17:52:29.967]   stack_corr_nr=0
[17:52:30.051]   load_nr=0
[17:52:30.058]   unload_nr=0
[17:52:30.070]   malloc_flags=0x0
[17:52:30.075] [NV] NV flash Device : NAND FLASH 
[17:52:30.078] [NV] nv_log mask: 0x0->0x3
[17:52:30.082] [NV] NVM_VER=3.0
[17:52:30.086] [NV] +nv_reload ucfg
[17:52:30.089] [NV] NR1NV(9) map(0x0 0x200000)
[17:52:30.093] [NV] [SEL-NV] NR1NV(9) hdr[0]: max_nv_size(0x96e24)
[17:52:30.160] [NV]   hchk=0x7af20757(0x7af20757-ok) magic=0xcafebabe(ok) hsize=0x40 ts=0xc
[17:52:30.169] [NV]   dchk=0xe75e31fb(0xe75e31fb-ok) dsize=0x96de4(ok)
[17:52:30.174] [NV] [SEL-NV] NR1NV(9) hdr[1]: max_nv_size(0x96e24)
[17:52:30.178] [NV]   hchk=0x7b260758(0x7b260758-ok) magic=0xcafebabe(ok) hsize=0x40 ts=0xd
[17:52:30.204] [NV]   dchk=0xe75e31fb(0xe75e31fb-ok) dsize=0x96de4(ok)
[17:52:30.208] [NV] NR1NV(9): active=1 map(0x0-0x200000) ts=0xd sz=0x96e24
[17:52:30.212] [NV] NR2NV(10) map(0x0 0x100000)
[17:52:30.215] [NV] [SEL-NV] NR2NV(10) hdr[0]: max_nv_size(0x19140)
[17:52:30.240] [NV]   hchk=0x2f8905b5(0x2f8905b5-ok) magic=0xcafebabe(ok) hsize=0x40 ts=0x4
[17:52:30.246] [NV]   dchk=0xeb592437(0xeb592437-ok) dsize=0x19100(ok)
[17:52:30.250] [NV] [SEL-NV] NR2NV(10) hdr[1]: max_nv_size(0x19140)
[17:52:30.253] [NV]   hchk=0x2bf30594(0x2bf30594-ok) magic=0xcafebabe(ok) hsize=0x40 ts=0x5
[17:52:30.277] [NV]   dchk=0x1f4024fa(0x1f4024fa-ok) dsize=0x19100(ok)
[17:52:30.282] [NV] NR2NV(10): active=1 map(0x0-0x100000) ts=0x5 sz=0x19140
[17:52:30.286] [NV] NR2NV Init active block [1]=0x100000
[17:52:30.290] [NV] CMNNV(13) map(0x0 0x100000)
[17:52:30.293] [NV] [SEL-NV] CMNNV(13) hdr[0]: max_nv_size(0x40000)
[17:52:30.314] [NV]   hchk=0x8d0007c4(0x8d0007c4-ok) magic=0xcafebabe(ok) hsize=0x40 ts=0x32
[17:52:30.319] [NV]   dchk=0xf4c70c89(0xf4c70c89-ok) dsize=0x3ffc0(ok)
[17:52:30.323] [NV] [SEL-NV] CMNNV(13) hdr[1]: max_nv_size(0x40000)
[17:52:30.326] [NV]   hchk=0x43340629(0x43340629-ok) magic=0xcafebabe(ok) hsize=0x40 ts=0x31
[17:52:30.464] [NV]   dchk=0x6880c1c(0x6880c1c-ok) dsize=0x3ffc0(ok)
[17:52:30.471] [NV] CMNNV(13): active=0 map(0x0-0x100000) ts=0x32 sz=0x40000
[17:52:30.476] [NV] CMNNV Init active block [0]=0x0
[17:52:30.479] [NV] ucfg nr1nv data read from CMNNV[1] timestamp=0xd
[17:52:30.482] [NV] NR1NV Init active block [1]=0x200000
[17:52:30.486] [NV] CMNNV2(14) map(0x0 0x100000)
[17:52:30.499] [NV] [SEL-NV] CMNNV2(14) hdr[0]: max_nv_size(0xa7c0)
[17:52:30.503] [NV] [SEL-NV] CMNNV2(14) hdr[1]: max_nv_size(0xa7c0)
[17:52:30.507] [NV] [SEL-NV-SET] CMNNV2(14) hdr[0]: max_nv_size(0xa7c0)
[17:52:30.510] [NV]   hchk=0x0(0x0-ok) magic=0x0(ng) hsize=0x0 ts=0x0
[17:52:30.514] [NV]   dchk=0x0(0x0-ok) dsize=0x0(ok)
[17:52:30.830] [NV] CMNNV2(14) : all block invalid(map 0x0-0x100000)
[17:52:30.834] [NV] -nv_reload ucfg
[17:52:30.837] [UCFG] ucfg(1.1) load xml:
[17:52:30.839] [UCFG]   var nr: conf=1037(918) fact=1037(918) perm=16(12)
[17:52:30.843] [UCFG]   def nr: conf=0 conf=0 conf=0
[17:52:30.846] Use normal log configuration
[17:52:30.849] +modprobe modem modem_bootp="product_id=0x0000, operator_id=0x0000"
[17:52:30.853] modem: loading out-of-tree module taints kernel.
[17:52:30.857] modem driver ver 1.0
[17:52:30.860]   base: 84100000
[17:52:30.864]   size: 0ff00000
[17:52:30.867]   param: 840fe000
[17:52:30.903] boot param: product_id=0x0000, operator_id=0x0000, boot_mode=0, gipc_phy_base=0x81c00018, mem_base=0x80000000, mem_size=0x20000000, compat=0x0, ipv6=1
[17:52:30.915] ---------------------
[17:52:30.920] hdr chksum  : 0x8d0007c4
[17:52:30.925] magic       : 0xcafebabe
[17:52:30.929] timstamp    : 0x00000032
[17:52:30.932] data chksum : 0xf4c70c89
[17:52:30.934] data size   : 0x0003ffc0
[17:52:30.939] ---------------------
[17:52:30.942] ---------------------
[17:52:30.946] hdr chksum  : 0x43340629
[17:52:30.949] magic       : 0xcafebabe
[17:52:30.952] timstamp    : 0x00000031
[17:52:30.955] data chksum : 0x06880c1c
[17:52:30.958] data size   : 0x0003ffc0
[17:52:30.961] ---------------------
[17:52:30.964] using block : 0, 0x0 
[17:52:30.967] map idx=0
[17:52:30.970] hdr idx: fs=0 zp=1 zpsize=9157832
[17:52:30.974] ts: fs=10 zp=8
[17:52:31.971] no such fw files!
[17:52:31.974]   /lib/firmware/tk.gz
[17:52:31.977]   /lib/firmware/tk.xz
[17:52:31.980] read from nand mtd=zp2(9159880)
[17:52:31.982] modem map info:
[17:52:31.986]   [0] pa(0000000084100000)
[17:52:31.989] ->va(ffffffc090000000)
[17:52:31.992] c00: decompress gzip(1f 8b) at ffffffc090000000... (9159880bytes)
[17:52:33.565] c00: decompress done 138404920bytes 1615ms ret=0
[17:52:33.570] modem start
[17:52:33.574] cpu_smc_powerdomain_up(pt=1, pd=0)
[17:52:33.578] c00: cpu_smc_handler: fid=c1000001 x1=1 x2=0 x3=0 x4=0
[17:52:33.581] enable cluster1-pll
[17:52:33.585] start_modem_cpu: done start=1
[17:52:33.588] -modprobe modem
[17:52:33.590] Thu Jan  1 00:00:05 UTC 1970
[17:52:33.625] cp: can't stat '/etc/sysconfig/lte/param/*': No such file or directory
[17:52:33.632] BL33 pc=0x84dae704 spsr=0x600002c5
[17:52:33.637] c10: psci_smc_handler: fid=84000000 x1=0 x2=0 x3=0 x4=0
[17:52:33.640] TK: gipc-protocol: cpu1:0 addr(v1)=0000000081c00018 magic=4054 ver(master=1.10 slave=1.11) proci=0 assertl=3
[17:52:33.647] TK: hw lock_reg:
[17:52:33.650] TK:   active=110004c0
[17:52:33.654] TK:   free  =110004c4
[17:52:33.657] TK: ipc config=00000004
[17:52:33.660] TK:   router-device
[17:52:33.663] TK: ipc init ch=0
[17:52:33.666] TK:   peer-genirq=1a111020(152)
[17:52:33.669] TK:   s-ch_enabled=0x10010001
[17:52:33.673] TK: ipc init ch=16
[17:52:33.677] TK:   peer-genirq=1a111020(152)
[17:52:33.680] TK:   s-ch_enabled=0x10010001
[17:52:33.684] TK: ipc init ch=28
[17:52:33.686] TK:   peer-genirq=1a111020(152)
[17:52:33.690] TK:   s-ch_enabled=0x10010001
[17:52:33.693] ipc modem boot done
[17:52:33.696] GDM Modem gdm7259x_board
[17:52:33.699] Boot Param] error: token=9, ret=-54
[17:52:33.703] ============================================================================
[17:52:33.708]  [0] ZEPHYR OS v4.3.0 (v4.3.0-3049-g03924c3679: 192MB)
[17:52:33.714] ----------------------------------------------------------------------------
[17:52:33.718]  - gct@CS-buildserver
[17:52:33.722]  - 2026-08-31T22:51:44
[17:52:33.725]  - gdm7259x_nsa_192mb
[17:52:33.728] ============================================================================
[17:52:33.733] [MEM] WT DRAM zero initialized 0(0KB)bytes from 000000008d700000 to 000000008d700000
[17:52:33.737] [MEM] NCH DRAM zero initialized 35348240(34519KB)bytes from 000000008d700000 to 000000008f8b5f10
[17:52:33.743] [CHIP] GDM7259X(Rev.1C)
[17:52:33.747] [CLOCK] arm(1300.000MHz) 1x(100.000MHz)
[17:52:33.751] [MEM]  total : 0x84000000 - 0x90000000 (  192 MB)
[17:52:33.754] [MEM]  .init : 0x84100000 - 0x841068a8 (   27 kB)
[17:52:33.757] [MEM]  .text : 0x84100000 - 0x85587000 (21020 kB)
[17:52:33.760] [MEM]  .data : 0x85586600 - 0x8c4fe438 (114144 kB)
[17:52:33.763] [MEM]   .bss : 0x8b20b000 - 0x8c4c7a08 (19187 kB)
[17:52:33.766] I2C3 initialized
[17:52:33.769] Modem IPC mode:
[17:52:33.772]   master_proc_idle=0
[17:52:33.775]   assert_level=3
[17:52:33.779]   sdu_prio=0
[17:52:33.782] ########################################
[17:52:33.786] ####       Board Configuration      ####
[17:52:33.789] ########################################
[17:52:33.792] Operator: [0x0000]
[17:52:33.795] Product : [0x0000]
[17:52:33.799] LTE>====================================
[17:52:33.802] IPv6 mode:[0]
[17:52:33.805] ## UE CONFIG
[17:52:33.808]  - Combined attach : [0]
[17:52:33.812]  - UE CAPABILITY
[17:52:33.815] 	> UE Category  : [0 (0/0)]
[17:52:33.819] 	> AS Rel Num   : [0]
[17:52:33.822] 	> FGI          : FDD [00000000 00000000 00000000]
[17:52:33.825] 	>              : TDD [00000000 00000000 00000000]
[17:52:33.828] 	> ROHC         : [1]
[17:52:33.831] 	> eMBMS        : [0]
[17:52:33.834] 	> TM           : [00/00/00]
[17:52:33.837] NR>=====================================
[17:52:33.840] [console] gdm_uart0 enabled
[17:52:33.843] [console] crash enabled
[17:52:33.846] [console] gdm_ipc enabled
[17:52:33.849] ----------------------------------------------------------------------------
[17:52:33.854]  NR - FW ver: 0.1.0.0
[17:52:33.857] ----------------------------------------------------------------------------
[17:52:33.862]  Pkg: 1.11.0
[17:52:33.866] ----------------------------------------------------------------------------
[17:52:33.871] ----------------------------------------------------------------------------
[17:52:33.875]  LTE - FW ver: 0.3.5.0
[17:52:33.879] ----------------------------------------------------------------------------
[17:52:33.884] nv_checksum_info: 0
[17:52:33.887] nr driver ver 1.0
[17:52:33.890]   usl
[17:52:33.893] param_mtu=1500
[17:52:33.896] ipc init ch=1
[17:52:33.900] ipc ch[1]:SDU, irb: va=ffffffc082565018-ffffffc0825ad018 pa=83400018-83448018
[17:52:33.904] ipc ch[1]:SDU, irb_work: va=ffffffc0825e5018-ffffffc082615038 pa=83480018-834b0038
[17:52:33.909]   irb nr: tx=4096(2080bytes) rx=8192(2080bytes)
[17:52:33.913]    irb tx: va=ffffffc082565018-ffffffc08257d018 pa=83400018-83418018
[17:52:33.917]    irb rx: va=ffffffc08257d020-ffffffc0825ad020 pa=83418020-83448020
[17:52:33.921] ipc init ch=1
[17:52:33.924]   peer-genirq=1a111020( 1 5m2-)ch
[17:52:33.928] _enable d =s0-xc1001nab3
[17:52:33.931] =0T D010
[17:52:33.934]  3
[17:52:33.937] b->buffer=83ddd0f8
[17:52:34.090]   IPC_BUF_RSVD_SIZE=184(0xb8)
[17:52:34.094]   NET_IP_ALIGN=0
[17:52:34.097] start_net.sh
[17:52:34.107] VLANEN=0
[17:52:34.110] act=1
[17:52:34.113] Run start_br.sh
[17:52:34.116] local null ip=0.0.0.0 mask=0.0.0.0 00:00:00:00:00:00 en=0
[17:52:34.120] GDM_LOCAL_DEVIF=br0
[17:52:34.123] NIF: up(lo)
[17:52:34.133] [0] br0 addr=192.168.0.1 mask=255.255.255.0 local=192.168.0.1 bcast=192.168.0.255
[17:52:34.138] netif set local br0 ip=192.168.0.1 mask=255.255.255.0 00:00:00:00:00:00 en=0
[17:52:34.143] NIF: up(br0)
[17:52:34.146] brctl: iface eth0: No such device
[17:52:34.149] ifconfig: SIOCSIFADDR: No such device
[17:52:34.153] brctl: iface usb0: No such device
[17:52:34.156] ifconfig: SIOCSIFADDR: No such device
[17:52:34.239] Setting dhcp configuration..
[17:52:34.243] Internet Systems Consortium DHCP Server 4.1-ESV-R16-P2
[17:52:34.247] Copyright 2004-2022 Internet Systems Consortium.
[17:52:34.251] All rights reserved.
[17:52:34.255] For info, please visit https://www.isc.org/software/dhcp/
[17:52:34.259] Wrote 0 leases to leases file.
[17:52:34.282] Listening on LPF/br0/96:2e:88:a7:98:d5/192.168.0.0/24
[17:52:34.287] Sending on   LPF/br0/96:2e:88:a7:98:d5/192.168.0.0/24
[17:52:34.290] Sending on   Socket/fallback/fallback-net
[17:52:34.294] DTS_WIFI_STATUS=okay
[17:52:34.297] DTS_WIFI_VENDOR=synaptics
[17:52:34.300] DTS_WIFI_DEVICE=syn4384
[17:52:34.303] Activating Synaptics WIFI
[17:52:34.662] /etc/sysconfig/script/start_synaptics.sh: line 4: wifi: command not found
[17:52:34.668] 0xffffffa016400810: 00000000->0000001f
[17:52:34.671] bcmdhd: unknown parameter 'conf_path' ignored
[17:52:34.675] [dhd] _dhd_module_init: in Dongle Host Driver, version 103.20.62.47(20260702-1)(20260708-1)(6792bdc)
[17:52:34.681] /home/djkim/work/sdk/7275x/wifi/syn4384_lin6_crash/component/standalone/wifi/synaptics_4384/bcmdhd.103.20.x compiled on Sep  2 2026 at 11:21:38
[17:52:34.691] [dhd] KERNEL_VERSION = 6.12.49 (64bits)
[17:52:34.694] [dhd] STATIC-MSG) dhd_init_wlan_mem : prealloc ok for index 0: 2071552(2023K)
[17:52:34.700] [dhd] ======== Get GPIO from DTS(android,bcmdhd_wlan) ========
[17:52:34.704] [dhd] dhd_wlan_init_gpio: gpio_wl_reg_on=153
[17:52:34.707] [dhd] dhd_wifi_platform_load: Enter
[17:52:34.711] [dhd] Power-up adapter 'DHD generic adapter'
[17:52:34.714] [dhd] wifi_platform_set_power = 1, delay: 200 msec
[17:52:34.873] [dhd] ======== PULL WL_REG_ON(153) HIGH! ========
[17:52:34.879] [dhd] wifi_platform_set_power = 1, sleep done: 200 msec
[17:52:34.883] [dhd] wifi_platform_bus_enumerate device present 1
[17:52:34.887] [dhd] ======== Card detection to detect PCIE card! ========
[17:52:34.890] [dhd] Synaptics or Broadcom PCI device enumerated!
[17:52:34.894] [dhd] dhd_wifi_platform_load_pcie: dhd_bus_register failed err=-1
[17:52:34.898] [dhd] unregister wifi platform drivers
[17:52:34.902] [dhd] wifi_platform_set_power = 0, delay: 10 msec
[17:52:34.905] [dhd] ======== PULL WL_REG_ON(153) LOW! ========
[17:52:34.908] [dhd] wifi_platform_set_power = 0, sleep done: 10 msec
[17:52:34.911] [dhd] wifi_platform_bus_enumerate device present 0
[17:52:34.915] [dhd] ======== Card detection to remove PCIE card! ========
[17:52:34.918] [dhd] dhd_wlan_free_gpio: gpio_free(153) for WL_REG_ON
[17:52:34.922] [dhd] _dhd_module_init: Failed to load the driver, try cnt 1
[17:52:34.926] [dhd] ======== Get GPIO from DTS(android,bcmdhd_wlan) ========
[17:52:34.930] [dhd] dhd_wlan_init_gpio: gpio_wl_reg_on=153
[17:52:34.934] [dhd] dhd_wifi_platform_load: Enter
[17:52:34.937] [dhd] Power-up adapter 'DHD generic adapter'
[17:52:34.940] [dhd] wifi_platform_set_power = 1, delay: 200 msec
[17:52:35.097] [dhd] ======== PULL WL_REG_ON(153) HIGH! ========
[17:52:35.102] [dhd] wifi_platform_set_power = 1, sleep done: 200 msec
[17:52:35.105] [dhd] wifi_platform_bus_enumerate device present 1
[17:52:35.109] [dhd] ======== Card detection to detect PCIE card! ========
[17:52:35.113] [dhd] Synaptics or Broadcom PCI device enumerated!
[17:52:35.116] [dhd] dhd_wifi_platform_load_pcie: dhd_bus_register failed err=-1
[17:52:35.121] [dhd] unregister wifi platform drivers
[17:52:35.124] [dhd] wifi_platform_set_power = 0, delay: 10 msec
[17:52:35.128] [dhd] ======== PULL WL_REG_ON(153) LOW! ========
[17:52:35.131] [dhd] wifi_platform_set_power = 0, sleep done: 10 msec
[17:52:35.134] [dhd] wifi_platform_bus_enumerate device present 0
[17:52:35.138] [dhd] ======== Card detection to remove PCIE card! ========
[17:52:35.141] [dhd] dhd_wlan_free_gpio: gpio_free(153) for WL_REG_ON
[17:52:35.145] [dhd] _dhd_module_init: Failed to load the driver, try cnt 0
[17:52:35.149] [dhd] _dhd_module_init: Failed to load driver max retry reached**
[17:52:35.153] [dhd] STATIC-MSG) dhd_static_buf_exit : Enter
[17:52:35.156] [dhd] _dhd_module_init: Exit err=-1
[17:52:35.159] bcmdhd: unknown parameter 'conf_path' ignored
[17:52:35.162] [dhd] _dhd_module_init: in Dongle Host Driver, version 103.20.62.47(20260702-1)(20260708-1)(6792bdc)
[17:52:35.168] /home/djkim/work/sdk/7275x/wifi/syn4384_lin6_crash/component/standalone/wifi/synaptics_4384/bcmdhd.103.20.x compiled on Sep  2 2026 at 11:21:38
[17:52:35.177] [dhd] KERNEL_VERSION = 6.12.49 (64bits)
[17:52:35.181] [dhd] STATIC-MSG) dhd_init_wlan_mem : prealloc ok for index 0: 2071552(2023K)
[17:52:35.186] [dhd] ======== Get GPIO from DTS(android,bcmdhd_wlan) ========
[17:52:35.190] [dhd] dhd_wlan_init_gpio: gpio_wl_reg_on=153
[17:52:35.193] [dhd] dhd_wifi_platform_load: Enter
[17:52:35.196] [dhd] Power-up adapter 'DHD generic adapter'
[17:52:35.352] [dhd] wifi_platform_set_power = 1, delay: 200 msec
[17:52:35.357] [dhd] ======== PULL WL_REG_ON(153) HIGH! ========
[17:52:35.361] [dhd] wifi_platform_set_power = 1, sleep done: 200 msec
[17:52:35.365] [dhd] wifi_platform_bus_enumerate device present 1
[17:52:35.368] [dhd] ======== Card detection to detect PCIE card! ========
[17:52:35.372] [dhd] Synaptics or Broadcom PCI device enumerated!
[17:52:35.376] [dhd] dhd_wifi_platform_load_pcie: dhd_bus_register failed err=-1
[17:52:35.381] [dhd] unregister wifi platform drivers
[17:52:35.384] [dhd] wifi_platform_set_power = 0, delay: 10 msec
[17:52:35.387] [dhd] ======== PULL WL_REG_ON(153) LOW! ========
[17:52:35.391] [dhd] wifi_platform_set_power = 0, sleep done: 10 msec
[17:52:35.394] [dhd] wifi_platform_bus_enumerate device present 0
[17:52:35.442] [dhd] ======== Card detection to remove PCIE card! ========
[17:52:35.447] [dhd] dhd_wlan_free_gpio: gpio_free(153) for WL_REG_ON
[17:52:35.450] [dhd] _dhd_module_init: Failed to load the driver, try cnt 1
[17:52:35.454] [dhd] ======== Get GPIO from DTS(android,bcmdhd_wlan) ========
[17:52:35.458] [dhd] dhd_wlan_init_gpio: gpio_wl_reg_on=153
[17:52:35.462] [dhd] dhd_wifi_platform_load: Enter
[17:52:35.465] [dhd] Power-up adapter 'DHD generic adapter'
[17:52:35.576] [dhd] wifi_platform_set_power = 1, delay: 200 msec
[17:52:35.580] [dhd] ======== PULL WL_REG_ON(153) HIGH! ========
[17:52:35.585] [dhd] wifi_platform_set_power = 1, sleep done: 200 msec
[17:52:35.589] [dhd] wifi_platform_bus_enumerate device present 1
[17:52:35.592] [dhd] ======== Card detection to detect PCIE card! ========
[17:52:35.596] [dhd] Synaptics or Broadcom PCI device enumerated!
[17:52:35.600] [dhd] dhd_wifi_platform_load_pcie: dhd_bus_register failed err=-1
[17:52:35.605] [dhd] unregister wifi platform drivers
[17:52:35.608] [dhd] wifi_platform_set_power = 0, delay: 10 msec
[17:52:35.612] [dhd] ======== PULL WL_REG_ON(153) LOW! ========
[17:52:35.615] [dhd] wifi_platform_set_power = 0, sleep done: 10 msec
[17:52:35.619] [dhd] wifi_platform_bus_enumerate device present 0
[17:52:35.623] [dhd] ======== Card detection to remove PCIE card! ========
[17:52:35.627] [dhd] dhd_wlan_free_gpio: gpio_free(153) for WL_REG_ON
[17:52:35.817] [dhd] _dhd_module_init: Failed to load the driver, try cnt 0
[17:52:35.822] [dhd] _dhd_module_init: Failed to load driver max retry reached**
[17:52:35.826] [dhd] STATIC-MSG) dhd_static_buf_exit : Enter
[17:52:35.830] [dhd] _dhd_module_init: Exit err=-1
[17:52:35.833] insmod: can't insert '/lib/modules/6.12.49/updates/bcmdhd.ko': Operation not permitted
[17:52:35.839] Could not read interface wlan0 flags: No such device
[17:52:35.842] nl80211: Driver does not support authentication/association or connect commands
[17:52:35.847] nl80211: deinit ifname=wlan0 disabled_11b_rates=0
[17:52:35.850] Could not read interface wlan0 flags: No such device
[17:52:35.924] nl80211 driver initialization failed.
[17:52:35.928] wlan0: interface state UNINITIALIZED->DISABLED
[17:52:35.931] wlan0: AP-DISABLED 
[17:52:35.935] wlan0: CTRL-EVENT-TERMINATING 
[17:52:35.938] hostapd_free_hapd_data: Interface wlan0 wasn't started
[17:52:35.942] ifconfig: SIOCSIFADDR: No such device
[17:52:35.945] Loading simple NAT configuration..
[17:52:36.183] INTF=br0, WANINTF=nr0pdu3
[17:52:36.188] register ip_conntrack_cb
[17:52:36.191] <message>[NV] CRIT(cotra:1380): file=nv_7275x.c(304) cmn2_nv_read
[17:52:36.195] [NV] [cotra] invalid CMN2_PORT(id=1) magic
[17:52:36.198] [NV] +nv_write [cotra] CMN2_PORT(36) data=0x416010 part=36 size=0xa09
[17:52:36.254] [NV] cotra CMNNV2 Write Skip (3:CMN2_PORT, 0x0, 2569)
[17:52:36.258] [NV] -nv_write [cotra] CMN2_PORT(36) data=0x416010 part=36 size=0xa09
[17:52:36.262] Fail to Check DMZ Setting. Please, restart Command</message>
[17:52:36.328] 1970-01-01 00:00:08: (../../src/configfile.c.387) Warning: please add "mod_authn_file" to server.modules list in lighttpd.conf.  A future release of lighttpd 1.4.x will not automatically load mod_authn_file and lighttpd will fail to start up since your lighttpd.conf uses auth.backend = "htpasswd".
[17:52:36.351] Run usb_configfs.sh
[17:52:36.358] usbeth ENABLE=1, mode=0, serial cfg: gs0=0 gs1=0 dm0=0 dm1=0
[17:52:36.362] configfs-gadget.g1 gadget.0: HOST MAC 00:0a:3b:ff:ff:02
[17:52:36.367] configfs-gadget.g1 gadget.0: MAC 00:0a:3b:ff:ff:01
[17:52:36.371] set hostif=usb0 cnt=0
[17:52:36.374] net_mode=0
[17:52:36.377] udc: gadget start
[17:52:36.380] c00: gdm_irq_set_type: cpu=0 hwirq=208 type=4
[17:52:36.520] c00: set_affinity: no online irq=50(DWC3) cpu=2
[17:52:36.524] USB gadget configured: ETH=rndis.usb0, ACM count=0, UDC=13500000.dwc3
[17:52:36.531] IPV6Q LOG(00000004):
[17:52:36.534] ipv6q_enabled=0
[17:52:36.537] NET EMUL LOG(00000000):
[17:52:36.540]  NULL
[17:52:36.543] net_emul_mask=00000000
[17:52:36.546] net.core.rmem_max = 16777216
[17:52:36.625] net.core.wmem_max = 16777216
[17:52:36.629] net.ipv4.tcp_rmem = 4096 131072 16777216
[17:52:36.632] net.ipv4.tcp_wmem = 4096 131072 16777216
[17:52:36.635] net.ipv4.tcp_moderate_rcvbuf = 1
[17:52:36.638] mrd: mrd_lplog_start 
[17:52:36.641] [mrd_lplog] listening on 0.0.0.0:1011 (id=0, idx=0)
[17:52:36.645] [mrd_lplog] listening on 0.0.0.0:1012 (id=1, idx=1)
[17:52:36.648] [mrd_lplog] listening on 0.0.0.0:1013 (id=2, idx=2)
[17:52:36.651] [mrd_lplog] listening on 0.0.0.0:1014 (id=3, idx=3)
[17:52:36.655] [mrd_lplog] listening on 0.0.0.0:1015 (id=4, idx=4)
[17:52:36.659] [mrd_lplog] listening on 0.0.0.0:1016 (id=5, idx=5)
[17:52:36.663] [mrd_lplog] listening on 0.0.0.0:1017 (id=6, idx=6)
[17:52:36.667] [mrd_lplog] listening on 0.0.0.0:1018 (id=7, idx=7)
[17:52:36.671] [mrd_lplog] listening on 0.0.0.0:1019 (id=8, idx=8)
[17:52:36.676] [mrd_lplog] LP_LOG_ID_ULP0 telnet port:1011
[17:52:36.680] [mrd_lplog] LP_LOG_ID_ULP1 telnet port:1012
[17:52:36.683] [mrd_lplog] LP_LOG_ID_ULP2 telnet port:1013
[17:52:36.687] [mrd_lplog] LP_LOG_ID_ULP3 telnet port:1014
[17:52:36.690] [mrd_lplog] LP_LOG_ID_DLP0 telnet port:1015
[17:52:36.693] [mrd_lplog] LP_LOG_ID_DLP1 telnet port:1016
[17:52:36.696] [mrd_lplog] LP_LOG_ID_DLP2 telnet port:1017
[17:52:36.699] [mrd_lplog] LP_LOG_ID_DLP3 telnet port:1018
[17:52:36.702] [mrd_lplog] LP_LOG_ID_SLP  telnet port:1019
[17:52:36.705] mrd: nrd started
[17:52:36.709] Open shared map and Init mutex in mrd_main!!
[17:52:36.712] mrd: ***************************************
[17:52:36.715] mrd: *          NR DAEMON START           *
[17:52:36.719] mrd: ***************************************
[17:52:36.722] mrd: operator_id=0
[17:52:36.726] lowd open nr=1
[17:52:36.851] gif_open mrd 1/0
[17:52:36.856] [mrd] bentry delayed copy: b336(4)
[17:52:36.883] udc: connect: conn=1 discon=0 rtc=000624af
[17:52:36.899] Disable GPS Module ...
[17:52:36.907] Not Used
[17:52:36.933] RNDIS multi_pkt_tx_size: host=16384 nv=0 actual=16384 nr=10
[17:52:36.940] br0: port 1(usb0) entered blocking state
[17:52:36.945] br0: port 1(usb0) entered disabled state
[17:52:36.952] configfs-gadget.g1 gadget.0 usb0: entered allmulticast mode
[17:52:36.963] configfs-gadget.g1 gadget.0 usb0: entered promiscuous mode
[17:52:36.969] eth_open
[17:52:36.975] eth_start
[17:52:36.995] NIF: up(usb0)
[17:52:37.003] gif_mmap va=0x7f9a8b8000 pa=0x9628a000 sz=8192
[17:52:37.009] mrd: TID list initialized.
[17:52:37.014] mrd: T-ID Feature Activation is Done.
[17:52:37.019] usb0 set host mac: 00:0a:3b:ff:ff:02
[17:52:37.025] mrautocm: ucfg_retry : 0
[17:52:37.030] mrautocm: [LTE UCFG] cfun(0), manual(0)
[17:52:37.036] mrautocm: NR Search(Core:0, Selection Mode: 0, cellTypeMode: 0, Roam: 0)
[17:52:37.045] mrautocm: RAT (LTE NV: 0, NR NV: 0)
[17:52:37.049] mrautocm: [PLMN LTE] Core(0), Mode(0), CellType(0), Roam(0), List Num(0)
[17:52:37.057] mrautocm: [PLMN LTE] searchMode(0), MCC[0]=0, MCC[1]=0, MCC[2]=0
[17:52:37.064] mrautocm: [PLMN NR] Core(0), Mode(0), CellType(0), Roam(0), List Num(4)
[17:52:37.072] mrautocm: [PLMN NR] searchMode(0), MCC[0]=0, MCC[1]=0, MCC[2]=0
[17:52:37.078] mrautocm: [PLMN NR][MRU] Count(5)
[17:52:37.082] mrautocm: [PLMN NR][ARFCN](1/1), Band(26), ARFCN(172370)
[17:52:37.088] mrautocm: [PLMN NR][Band](1/1), Band(26)
[17:52:37.092] mrautocm: [PLMN NR][ARFCN Range](1/1), Band(26) ARFCN(from: 171800 to: 178800)
[17:52:37.101] mrautocm: CORE NET (LTE NV: 0, NR NV: 0)
[17:52:37.106] mrautocm: LTE PDN[1] Enable(1), Connect Order(1) Label(ims), Type(2), APN(IMS) PCO()
[17:52:37.114] mrautocm: LTE PDN[2] Enable(1), Connect Order(0) Label(admin), Type(2), APN(VZWADMIN) PCO()
[17:52:37.123] mrautocm: LTE PDN[3] Enable(1), Connect Order(2) Label(internet), Type(2), APN(V5GA01INTERNET) PCO()
[17:52:37.132] mrautocm: LTE PDN[4] Enable(1), Connect Order(0) Label(app), Type(2), APN(VZWAPP) PCO()
[17:52:37.142] mrautocm: LTE PDN[5] Enable(1), Connect Order(0) Label(emergency), Type(2), APN() PCO()
[17:52:37.151] mrautocm: LTE PDN[6] Enable(0), Connect Order(0) Label(enterprise), Type(2), APN(VZWCLASS6) PCO()
[17:52:37.171] mrautocm: LTE PDN[7] Enable(0), Connect Order(0) Label(b2b), Type(0), APN(VZWCLASS7) PCO()
[17:52:37.182] mrautocm: LTE PDN[8] Enable(0), Connect Order(0) Label(reserved3), Type(0), APN() PCO()
[17:52:37.192] mrautocm: NR PDU[1] Enable(0), Connect Order(0) Label(ims), Type(3), DNN(), PCO(), S-NSSAI(len:0 sst:00 sd:000000 mapped_sst:00 mapped_sd:000000)
[17:52:37.204] mrautocm: NR PDU[2] Enable(0), Connect Order(0) Label(admin), Type(3), DNN(), PCO(), S-NSSAI(len:0 sst:00 sd:000000 mapped_sst:00 mapped_sd:000000)
[17:52:37.215] mrautocm: NR PDU[3] Enable(1), Connect Order(1) Label(internet), Type(1), DNN(), PCO(), S-NSSAI(len:0 sst:00 sd:000000 mapped_sst:gif_to_ipc: delayed req 3335(2044)
[17:52:37.228] 00 mapped_sd:000000)
[17:52:37.232] mrautocm: NR PDU[4] Enable(0), Connect Order(0) Label(app), Type(3), DNN(), PCO(), S-NSSAI(len:0 sst:00 sd:000000 mapped_sst:00 mapped_sd:000000)
[17:52:37.244] mrautocm: NR PDU[5] Enable(0), Connect Order(0) Label(emergency), Type(3), DNN(), Pgif_to_ipc: delayed req 3335(2044)
[17:52:37.253] CO(), S-NSSAI(len:0 sst:00 sd:000000 mapped_sst:00 mapped_sd:000000)
[17:52:37.258] mrautocm: NR PDU[6] Enable(0), Connect Order(0) Label(enterprise), Type(3), DNN(), PCO(), S-NSSAI(len:0 sst:00 sd:000000 mapped_sst:00 mgif_to_ipc: delayed req 3335(2044)
[17:52:37.271] gif_to_ipc: delayed req 3335(2044)
[17:52:37.275] gif_to_ipc: delayed req 3335(2044)
[17:52:37.279] apped_sd:000000)
[17:52:37.282] mrautocm: NR PDU[7] Enable(0), Connect Order(0) Label(b2b), Type(3), DNN(), PCO(), S-NSSAI(len:0 sst:00 sd:000000 mapped_sst:00 mapped_sd:000000)
[17:52:37.296] mrautocm: NR PDU[8] Enable(0), Connect Order(0) Label(reserved), Type(3), DNN(), PCO(), S-NSSAI(len:0 sst:00 sd:000000 mapped_sst:00 mapped_sd:000000)
[17:52:37.310] mrautocm: [mrcm_ucfg_get_overheat] Overheat is disable. 
[17:52:37.315] mrautocm: [mrcm_process_temperature_set] Executing command: gif_to_ipc: delayed req 3335(2044)
[17:52:37.322] kern temp uintv 0
[17:52:37.327] mrd: get_lted_keep_alive_setting, lted_keep_alive setting (enable=0, expired_time=gif_to_ipc: delayed req 3335(2044)
[17:52:37.343] gif_to_ipc: delayed req 3335(2044)
[17:52:37.351] 0, max_retry_val=0)
[17:52:37.355] mrd: [SERVER] new connection request
[17:52:37.362] mrd: lted_srv_alloc_client id=0
[17:52:37.367] mrd: [SERVER] assigns client index 0 proc=mratcm(1455)
[17:52:37.374] mrd: [SERVER] new connection request
[17:52:37.380] mrd: lted_srv_alloc_client id=1
[17:52:37.388] mrd: [SERVER] assigns client index 1 proc=mrbip(1472)
[17:52:37.406] mrbip: lted_client_init_ex success (id: 1, client_identity : 0x00000000, pid (1472-mrbip) 
[17:52:37.442] mrbip: Wait LTE PS INIT..
[17:52:37.446] enabled=1
[17:52:37.450] interval_sec=1(sec)
[17:52:37.455] user_interval_ticks=0/0(sec)
[17:52:37.464] log_enabled=0
[17:52:37.470] mrautocm: [IMS] Enable(0)
[17:52:37.478] gif_to_ipc: delayed req 3335(2044)
[17:52:37.489] mrautocm: [EAP] PDU auth bypass pdu1 (0)
[17:52:37.503] mrautocm: [EAP] PDU auth bypass pdu2 (0)
[17:52:37.514] mrautocm: [EAP] PDU auth bypass pdu3 (0gif_to_ipc: delayed req 3335(2044)
[17:52:37.543] gif_to_ipc: delayed req 3335(2044)
[17:52:37.566] )
[17:52:37.574] mrautocm: [EAP] PDUgif_to_ipc: delayed req 3335(2044)
[17:52:37.605]  auth bypass pdu4 (0)
[17:52:37.616] mrautocm: [EAP] PDU auth bypass pdu5 (0)
[17:52:37.627] mrautocm: [EAP] PDU auth bypass pdu6 (gif_to_ipc: delayed req 3335(2044)
[17:52:37.651] 0)
[17:52:37.657] mrautocm: [EAP] PDU auth bypass pdu7 (0)
[17:52:37.668] mrautocm: [EAP] PDU auth bypass pdu8 (0)
[17:52:37.673] mrd: [SERVER] new connection request
[17:52:37.681] mrd: lted_srv_alloc_cligif_to_ipc: delayed req 3335(2044)
[17:52:37.688] ent id=2
[17:52:37.692] mrd: [SERVER] assigns client index 2 proc=cli(1513)
[17:52:37.699] mrd: [SERVER] new connection requestgif_to_ipc: delayed req 3335(2044)
[17:52:37.712] mrd: lted_srv_alloc_client id=3
[17:52:37.722] mrautocm: lted_client_init_ex success (id: 3, client_identity : 0x00000040, pid (1514-mrcm) 
[17:52:37.733] mrd: [SERVER] agif_to_ipc: delayed req 3335(2044)
[17:52:37.739] ssigns client index 3 proc=mrcm(1514)
[17:52:37.745] gif_to_ipc: delayed req 3335(2044)
[17:52:37.753] DM> DM> DM> DM> gif_to_ipc: delayed req 3335(2044)
[17:52:37.764] mrd: clearing start - eps_id = 0xffef
[17:52:37.771] mrd: clearing done
[17:52:37.784] $ shell
[17:52:38.793] tc/sysconfig/script/lte_scr/rf/x_6)=-1
[17:52:38.831] mrd: NR  DEVICE INSERT(DEV_IDX(1))
[17:52:38.842] [NV_HCI] nv checksum is valid(0xc83f56f5/0xc83f56f5)
[17:52:38.850] [NVM] READ Head N_INFO         (7243,10,5a) - Status(0)
[17:52:38.858] [NVM] READ Head N_BCFG         (7243,10,5b) - Status(0)
[17:52:38.877] [NVM] READ Head N_RFCAL        (7243,18,48) - Status(0)
[17:52:38.883] [NVM] READ Head N_TCCAL        (7243,10,2b) - Status(0)
[17:52:38.889] [NVM] READ Head N_NETWORK      (0000,00,00) - Status(0)
[17:52:38.900] [NVM] Default NV Memory Write(4)
[17:52:38.920] [NVM] NV NETWORK DUMP
[17:52:38.926] [NVM] READ Head N_SAFE         (7243,10,31) - Status(0)
[17:52:38.934] [V_SIM]ProcNvBcfgData/gstVsimEnData:0
[17:52:38.940] default tdm log level=2 (NV:2)
[17:52:38.948] [MRM] [CHK]MRM: NVM_INIT_CMPL_IND 
[17:52:38.960] [CHK]UMM: NVM_INIT_CMPL_IND 
[17:52:38.967] [UMM_ERR] [V_SIM]eVSIM_Enabled::5 
[17:52:38.975] [UMM_ERR] (UMM_MODE_EMUL)/Virtual SIM :5 
[17:52:38.997] [UMM_ERR] [V_SIM]UMM_Update_AllCacheItems_forUSIM, eVSIM: :5 
[17:52:39.007] [MRM_UMM][UMM][UMM_UICC_ACT_IND] nMsgSize:24 
[17:52:39.017] [UMM_ERR] [V_SIM]Enter UMM_ACTIVE state  
[17:52:39.032]  LTE L1 initialize...
[17:52:39.036] l1_modem_init(restart=0,init=0)
[17:52:39.053] mrd: NR force_dhcp == 0
[17:52:39.069] mrd: Don't start DHCP procedure for IPv6/NAS mode. pdn_ip_type = 0, ip_alloc = 0
[17:52:39.079] mrd: clearing start - eps_id = 0xfeff
[17:52:39.084] mrd: clearing done
[17:52:39.088] c10: cpu_smc_handler: fid=c1000030 x1=0 x2=0 x3=0 x4=0
[17:52:39.094] c10: OIC_TZPROT: 00000000->ffffffff
[17:52:39.100]  =====   RF NV3  ====== 
[17:52:39.103] [CSI] INIT: STI=10239
[17:52:39.110] [rxm_meas_init] Disable Measuremnt
[17:52:39.116] [RXM_DM_InitDebugOption] INIT (1)
[17:52:39.121] [L1C] INIT2(RFFE=65542)
[17:52:39.125] l1_bb_ctrl(0)
[17:52:39.129] [NAS_CACHE] Access Control Class: 0x0001
[17:52:39.136] [NAS_CACHE] UE Operation Mode: 0x80 Length of MNC: 3
[17:52:39.142] [NAS_CACHE] NOT Available the UAC Access Identities Configuration EF
[17:52:39.153] [NAS_CACHE] Higher Priority PLMN search period (28800 Sec)
[17:52:39.163] Equivalent HPLMN 0: 0x00f110 
[17:52:39.168] Equivalent HPLMN 1: 0x130184 
[17:52:39.173] [NAS_CACHE] SUCI calculation is to be performed by the ME
[17:52:39.179] [NAS_CACHE] NOT Available Subscription identifier privacy support
[17:52:39.193] [NAS_CACHE] NOT Available the 5GS Operator PLMN List EF
[17:52:39.206] [NAS_CACHE] NOT Available the Routing Indicator EF
[17:52:39.217] [NAS_CACHE] [ERR] Read Failed for PNN EF <IN cacheReadEFPNN 5203>
[17:52:39.226] [NAS_CACHE] [ERR] Read Failed for OPL EF <IN cacheReadEFOPL 5227>
[17:52:39.240] [NAS_CACHE] NOT Available the Operator controlled signal threshold per access technology EF
[17:52:39.256] [NAS_CACHE] Requested the File Count: 29
[17:52:39.269] [FSM] [H] Cell DB:halfBank 317, blockFree 634, blockNo 634, blockSz 252
[17:52:39.312] L1_BandInfoNV: B1 B2 B3 B4 B5 B6 B7 B8 B10 B12 B13 B14 B17 B18 B19 B20 B25 B26 B28 B29 B30 B34 B38 B39 B40 B41 B42 B43 B48 B52 B66 B71 B77(x) B78(x)
[17:52:39.416] [L3API][H]  user FreqTable's init'd: 856AD8F8
[17:52:39.467] [IMC] [H]Supported Band: B1 B2 B3 B4 B5 B6 B7 B8 B10 B12 B13 B14 B17 B18 B19 B20 B25 B26 B28 B29 B30 B34 B38 B39 B40 B41 B42 B43 B48 B52 B66 B71
[17:52:39.493] [L3API] 	Max Layer: B71:4/1 B66:4/1
[17:52:39.506] [L3API] 	Max Layer: B52:4/2 B48:4/2 B43:4/2 B42:4/2 B41:4/1 B40:4/1 B39:4/1 B38:4/1 B34:4/1 B30:4/1
[17:52:39.531] [L3API][H] 	B29: not support UL
[17:52:39.546] [L3API] 	Max Layer: B29:4/0 B28:4/1 B26:4/1 B25:4/1 B20:4/1 B19:4/1 B18:4/1 B17:4/1 B14:4/1 B13:4/1
[17:52:39.561] [L3API] 	Max Layer: B12:4/1 B10:4/1 B8:4/1 B7:4/1 B6:4/1 B5:4/1 B4:4/1 B3:4/1 B2:4/1 B1:4/1
[17:52:39.581] [L3API][H] Init BC List - mode:0, count:32
[17:52:39.588] [L3API][H]  BandPair Count: 32 (640)
[17:52:39.595] [L3API][H]  MakeMimoBandComb:(B1:0x14)
[17:52:39.603] [L3API][H]  MakeMimoBandComb:(B2:0x14)(B3:0x14)(B4:0x14)(B5:0x14)(B6:0x14)(B7:0x14)(B8:0x14)(B10:0x14)(B12:0x14)([L3API][H]  MakeMimoBandComb:(B14:0x14)(B17:0x14)(B18:0x14)(B19:0x14)(B20:0x14)(B25:0x14)(B26:0x14)(B28:0x14)(B29[L3API][H]  MakeMimoBandComb:(B34:0x14)(B38:0x14)(B39:0x14)(B40:0x14)(B41:0x14)(B42:0x24)(B43:0x24)(B48:0x24)(B52[L3API][H]  MakeMimoBandComb:(B71:0x14)
[17:52:39.701] [L3API][E]  RRC_UE_EUTRA_Capability_v9a0_IEs is NULL
[17:52:39.732] [L3API][H] Set PHY Capability Parameters
[17:52:39.751] [L3API][H] 	multiClusterPUSCH_WithinCC (1)
[17:52:39.776] [L3API][H]  Support  B1 B2 B3 B4 B5 B6 B7 B8 B10 B12 B13 B14 B1[NV] +nv_write [mrd] SAFE(5) data=0x7f9a808010 offs=0x139a8 size=0x1
[17:52:39.851] 7 B18 B19 B20 B25 B26 B28 B29 B30 B34 B38 B39 B40 [L3API][H] Set modifiedMPR_Behavior_r10 : 60 00 00 00 (32)
[17:52:39.875] [L3API][H] 	freqBandRetrieval (1)
[17:52:39.885] [L3API] 	Set dl_256QAM_r12: 1
[17:52:39.896] [L3API] 	Set ul_64QAM_r12 1
[17:52:39.912] [L3API][H]  set_db_capability_r12_rf : DL256-1, UL64-1 (32)
[17:52:39.937] [L3API][H]  set_db_capability_r13_rf : MaxCCs-1, ReducedINCComb-1, SkipFallbackComb-1
[17:52:39.962] [L3API][H] Default BCL cnt 32
[17:52:39.972] [L3API][H] 	[0] - 1(1) *
[17:52:39.981] [L3API][H] 	[1] - 1(2) *
[17:52:39.991] [L3API][H] 	[2] - 1(3) *
[17:52:39.998] [L3API][H] 	[3] - 1(4) *
[17:52:40.007] [L3API][H] 	[4] - 1(5) *
[17:52:40.013] [L3API][H] 	[5] - 1(6) *
[17:52:40.022] [L3API][H] 	[6] - 1(7) *
[17:52:40.033] [L3API][H] 	[7] - 1(8) *
[17:52:40.040] [L3API][H] 	[8] - 1(10) *
[17:52:40.044] [L3API][H] 	[9] - 1(12) *
[17:52:40.048] [L3API][H] 	[10] - 1(13) *
[17:52:40.055] [L3API][H] 	[11] - 1(14) *
[17:52:40.061] [L3API][H] 	[12] - 1(17) *
[17:52:40.066] [L3API][H] 	[13] - 1(18) *
[17:52:40.073] [L3API][H] 	[14] - 1(19) *
[17:52:40.082] [L3API][H] 	[15] - 1(20) *
[17:52:40.101] [L3API][H] 	[16] - 1(25) *
[17:52:40.109] [L3API][H] 	[17] - 1(26) *
[17:52:40.123] [L3API][H] 	[18] - 1(28) *
[17:52:40.136] [L3API][H] 	[19] - 1(29) :DB 64
[17:52:40.154] [L3API][H] 	[2[NV] [LTE_NV] mrd Write Skip id=5(SAFE)
[17:52:40.188] [NV] -nv_write [mrd] SAFE(5) data=0x7f9a808010 offs=0x139a8 size=0x1
[17:52:40.207] 0] - 1(30) *
[17:52:40.212] [L3API][H] 	[21] - 1(34) *
[17:52:40.219] [L3API][H] 	[22] - 1(38) *
[17:52:40.225] [L3API][H] 	[23] - 1(39) *
[17:52:40.232] [L3API][H] 	[24] - 1(40) *
[17:52:40.239] [L3API][H] 	[25] - 1(41) *
[17:52:40.242] [L3API][H] 	[26] - 1(42) *
[17:52:40.245] [L3API][H] 	[27] - 1(43) *
[17:52:40.251] [L3API][H] 	[28] - 1(48) *
[17:52:40.265] [L3API][H] 	[29] - 1(52) *
[17:52:40.291] [L3API][H] 	[30] - 1(66) *
[17:52:40.309] [L3API][H] 	[31] - 1(71) *
[17:52:40.332] [L3API][H] Set modifiedMPR_Behavior_r10 : 60 00 00 00 (32)
[17:52:40.361] [L3API][H]  Making band combination list (31)
[17:52:40.395] [L3API][H]  supportedBandCombination_r10 malloc - 0x856AE758 (1984 * 31)
[17:52:40.441] [L3API] Set BC: 1(1), 0(0)
[17:52:40.461] [L3API] Set BC: 1(2), 0(0)
[17:52:40.476] [L3API] Set BC: 1(3), 0(0)
[17:52:40.486] [L3API] Set BC: 1(4), 0(0)
[17:52:40.494] [L3API] Set BC: 1(5), 0(0)
[17:52:40.501] [L3API] Set BC: 1(6), 0(0)
[17:52:40.513] [L3API] Set BC: 1(7), 0(0)
[17:52:40.530] [L3API] Set BC: 1(8), 0(0)
[17:52:40.538] [L3API] Set BC: 1(10), 0(0)
[17:52:40.547] [L3API] Set BC: 1(12), 0(0)
[17:52:40.557] [L3API] Set BC: 1(13), 0(0)
[17:52:40.565] [L3API] Set BC: 1(14), 0(0)
[17:52:40.575] [L3API] Set BC: 1(17), 0(0)
[17:52:40.585] [L3API] Set BC: 1(18), 0(0)
[17:52:40.594] [L3API] Set BC: 1(19), 0(0)
[17:52:40.603] [L3API] Set BC: 1(20), 0(0)
[17:52:40.612] [L3API] Set BC: 1(25), 0(0)
[17:52:40.621] [L3API] Set BC: 1(26), 0(0)
[17:52:40.632] [L3API] Set BC: 1(28), 0(0)
[17:52:40.643] [L3API] Set BC: 1(30), 0(0)
[17:52:40.651] [L3API] Set BC: 1(34), 0(0)
[17:52:40.661] [L3API] Set BC: 1(38), 0(0)
[17:52:40.671] [L3API] Set BC: 1(39), 0(0)
[17:52:40.678] [L3API] Set BC: 1(40), 0(0)
[17:52:40.682] [L3API] Set BC: 1(41), 0(0)
[17:52:40.687] [L3API] Set BC: 1(42), 0(0)
[17:52:40.700] [L3API] Set BC: 1(43), 0(0)
[17:52:40.704] [L3API] Set BC: 1(48), 0(0)
[17:52:40.709] [L3API] Set BC: 1(52), 0(0)
[17:52:40.715] [L3API] Set BC: 1(66), 0(0)
[17:52:40.722] [L3API] Set BC: 1(71), 0(0)
[17:52:40.731] [L3API][H]  Set SupportedBandCombination R10 (31 of 31)
[17:52:40.742] [L3API][H]  Set maxLayersMIMO_Indication_r12
[17:52:40.747] [L3API][H] Enable UL MIMO
[17:52:40.751] [L3API][H] TDD UL MIMO
[17:52:40.761] [L3API][H] Disable CA
[17:52:40.766] [L3API][H] Set modifiedMPR_Behavior_r10 : 60 00 00 00 (32)
[17:52:40.779] [L3API][H] Bit 13 : disabled
[17:52:40.786] [L3API][H] Bit 18 : disabled
[17:52:40.792] [L3API][H] Bit 13 : disabled
[17:52:40.795] [L3API][H] Bit 18 : disabled
[17:52:40.799] [L3API][H]  SetFgi: 1E9805FE 00000000 0000C1FF / 1E9805FE 00000000 0000C1FF
[17:52:40.814] [L3API][H]  SetFgi: FDD/TDD configured
[17:52:40.823] [L3API][H] Bit 13 : disabled
[17:52:40.830] [L3API][H] Bit 18 : disabled
[17:52:40.836] [L3API][H]  Set FGI Common (1E9805FE 00000000 0000C1FF)
[17:52:40.843] [L3API][H]  Set FGI FDD only (00000000 00000000 00000000)
[17:52:40.848] [L3API][H]  Set FGI TDD only (00000000 00000000 00000000)
[17:52:40.861] [L3API][H] Bit 13 : disabled
[17:52:40.868] [L3API][H] Bit 18 : disabled
[17:52:40.876] [L3API][H] Bit 13 : disabled
[17:52:40.882] [L3API][H] Bit 18 : disabled
[17:52:40.890] [L3API][H]  SetFgi: 1E9805FE 00000000 0000C1FF / 1E9805FE 00000000 0000C1FF
[17:52:40.901] [L3API][H]  SetFgi: FDD/TDD configured
[17:52:40.908] [L3API][H] Bit 13 : disabled
[17:52:40.913] [L3API][H] Bit 18 : disabled
[17:52:40.920] [L3API][H]  Set FGI Common (1E9805FE 00000000 0000C1FF)
[17:52:40.931] [L3API][H]  Set FGI FDD only (00000000 00000000 00000000)
[17:52:40.945] [L3API][H]  Set FGI TDD only (00000000 00000000 00000000)
[17:52:40.949] [L3API][H] BandNR: 0 (NR list not ready)
[17:52:40.956] [L3API][H]  set v1540:0  No NR supported band
[17:52:40.961] [L3API][H]  Set ul_RRC_Segmentation_r16
[17:52:40.965] [L3API][H] reset all default bcl
[17:52:40.971] [L3API][H]  default supportedBandCombination_v10i0 - 0x856BD7A8
[17:52:40.980] [L3API][H]  default supportedBandCombination_r10 - 0x856AE758
[17:52:40.986] [L3API][H] eutra seed: RunSrc=CFG
[17:52:40.992] [FSM] [L3>S][FSM_IMC_WaitInitialize__NASRRC_RRC_INITIALIZE_REQ] NASRRC_RRC_INITIALIZE_CNF
[17:52:41.001] [NL3] [H] Cell DB:halfBank 209, blockFree 418, blockNo 418, blockSz 764
[17:52:41.008] [32mNR_DB_SERV_CELL_DDCT(34) : 8780
[17:52:41.026] [0mL1_NrBandInfoNV:34
[17:52:41.031] filtering:
[17:52:41.035] [N3API]  user FreqTable's init'd: 856C8FD8
[17:52:41.041] [N3API] [CAPA-MEM][op-pre] pInfo=00000000 SBL(own=0 alloc=00000000) BCL.trk=0 FS.trk=0
[17:52:41.047] [N3API] [CAPA-MEM][cfg-cache] reset: empty
[17:52:41.052] [OTA RX:10240] 31:NRCAPA [2486]->
[17:52:41.057] E1A23000 47465A03 1F8D8387 20000160 93170001 83F0D802 6EFF8204 41020174
[17:52:41.064] 48005005 810A6260 04800000 86400035 68300018 01E81C79 0E7C0000 82FFE3F8
[17:52:41.070] FE3FF8FE 3F854408 000EDD00 01000100 01D00010 00100000 0140A626 01480000
[17:52:41.077] 08640003 56830001 801E81C7 90E7C000 082FFE3F 8FE3FF8F E3F85440 8000EDD8
[17:52:41.085] 00180018 001D8001 80018000 00140A62 60248000 00864000 35683000 1801E81C
[17:52:41.095] 790E7C00 0082DF03 C0DE0380 54008000 140A6260 34800000 86400035 68300018
[17:52:41.101] 01E81C79 0E7C0000 82FFE3F8 FE3FF8FE 3F854408 000EDC80 00800080 01C80008
[17:52:41.113] 00080000 0140A626 03C80000 08640003 56830001 801E81C7 90E7C000 082DE038
[17:52:41.120] 0DE03805 44080007 9C800080 00800001 40A62609 C8000008 64000356 83000180
[17:52:41.130] 1E81C790 E7C00008 2DE0380D E0380540 08000140 A6260CC8 00000864 00035683
[17:52:41.143] 0001801E 81C790E7 C000082D F83E0DE0 38054008 000140A6 260DC800 00086400
[17:52:41.155] 03568300 01801E81 C790E7C0 00082DF8 3E0DF83E 05400800 0140A636 12C80000
[17:52:41.167] 08640003 56830001 801E81C7 90E7C000 082BFF0F C3F0FFC3 F0FC1500 20000502
[17:52:41.177] 98D84F20 00002190 000D5A0C 0006007A 071E439F 000020AF FE3FEFFB FF8FFBFE
[17:52:41.187] 54408000 ACE40024 000E4002 40000014 0E636140 84800000 86400035 68300018
[17:52:41.195] 01E81C79 0E7C0000 82BFF8FF BFEFFE3F EFF95142 0003B760 00E000E0 0076000E
[17:52:41.200] 000E0000 01000200 00005029 89883200 00021900 00D5A0C0 006007A0 71E439F0
[17:52:41.206] 00020BFF 0FC3F0FF C3F0FC15 1020003B 76000600 06000760 00600060 00000502
[17:52:41.211] 98988D20 00002190 000D5A0C 0006007A 071E439F 000020B7 E0F83780 E0151020
[17:52:41.215] 002B6200 02000620 00200000 05029898 95200000 2190000D 5A0C0006 007A071E
[17:52:41.220] 439F0000 20BFF8FE 3F8FFE3F 8FE15002 00005029 89897200 00021900 00D5A0C0
[17:52:41.225] 006007A0 71E439F0 00020A40 09001500 20000503 98D89901 20000021 90000D5A
[17:52:41.229] 0C000600 7A071E43 9F000020 AEFE3FEF FBBF8FFB FE545080 00ACE000 20000E00
[17:52:41.233] 02000000 40008000 00140A63 626C8000 00864000 35683000 1801E81C 790E7C00
[17:52:41.238] 0082BBF8 FFBFEEFE 3FEFF951 420002B3 80008000 38000800 00010002 00000050
[17:52:41.244] 1E800E00 00000000 38040000 0000E020 00001003 80C00000 000E0380 00020038
[17:52:41.250] 2600000C 00E0C800 00200383 60000100 0E128000 0508384E 00001820 E1400000
[17:52:41.255] 60038820 0001400E 23000004 08389800 001820E2 68000061 07800001 C0200000
[17:52:41.260] E5EC41E0 00007010 00003963 10780000 1C060000 0E5CC41E 00000701 C0000387
[17:52:41.265] 10780000 1C130000 0E58C41E 00000706 C0000387 10780000 18250004 0220E000
[17:52:41.273] 0E128000 090441E0 0000709C 00003973 10780000 1C280000 0E1C41E0 00006118
[17:52:41.278] 00100883 8000388C 00002411 07800001 84A00041 63107800 00184B00 040220F0
[17:52:41.283] 00003898 00001CB1 883C0000 0E268000 072FE20F 00800380 800001C1 10780400
[17:52:41.289] 1C060000 0E5CC41E 01000701 C0000397 31078040 01C13000 00E58C41 E0100070
[17:52:41.293] 6C000039 7F107804 001C2500 000E0883 C02000E1 38000072 F620F008 00385000
[17:52:41.298] 001CBF88 3C02000C 23000201 10700407 11800004 8220F008 00309400 082C620F
[17:52:41.303] 00800389 800001CB 9883C020 00E26800 0072E620 F0100038 0C00001C B1883C04
[17:52:41.307] 000C1280 02011070 08070940 00048220 F0100038 4E00001C 11078080 01C28000
[17:52:41.313] 00E0883C 04000E26 0000072C 620F0100 0389A000 01CB9883 C06000E0 38000070
[17:52:41.319] 441E0300 0704C000 03943107 80C001C1 B00000E0 883C0600 0C128002 0110700C
[17:52:41.323] 07094000 048220F0 1800384E 00001C11 0780C001 82800040 220E0180 E1400000
[17:52:41.327] 90441E03 00061180 01058C41 C0301C46 00001258 C41E0300 06128001 058C41E0
[17:52:41.332] 3000612C 00100883 C06000E2 60000072 C620F018 00389A00 001CB988 3C07000C
[17:52:41.337] 12800201 10700E07 09400004 8220F01C 00384E00 001CB188 3C07000E 14000007
[17:52:41.342] 2E620F01 C0038980 0001C110 780E001C 4D00000E 5CC41E09 80060940 01008838
[17:52:41.346] 130384A0 00024110 78260018 27000402 20E04C0E 13800009 0441E098 0060A000
[17:52:41.351] 10088381 30385000 00241107 82600184 C0004022 0E04C0E2 60000090 441E0980
[17:52:41.356] 07134000 03963107 836001C2 700000E5 CC41E0D8 0070A000 00397310 78360018
[17:52:41.361] 4A00040B 883C1B00 0C258002 01107836 001C4C00 000E5CC4 1E0D8007 13400003
[17:52:41.367] 97310784 A0018270 0040220E 0940E138 00009044 1E128006 11800100 88382503
[17:52:41.372] 88C00002 4110784A 00184A00 040220F0 94003096 00080441 E1280061 30001008
[17:52:41.377] 83825038 98000024 110784A0 01C4D000 00E5CC41 E1380070 A0000039 7310784E
[17:52:41.381] 00184600 040220E0 9C0E2300 00090441 E1380061 28001008 83C27000 C2580020
[17:52:41.386] 110784E0 01C4C000 00E0883C 27000E26 8000072E 620F0A00 0388C000 01CB9883
[17:52:41.390] C28000C2 50002011 07850001 84B00040 220F0A00 03898000 01CB9883 C28000E2
[17:52:41.395] 68000072 E620F118 00389800 001CB188 3C46000E 26800007 2C620E12 80E26800
[17:52:41.442] 0092C620 F1300030 9A00082C 620E1300 E2680000 92C620F0 00003000 00080441
[17:52:41.447] E0100060 0800101C 41E03000 60180010 0883C280 00C14000 207E20F1 1800308C
[17:52:41.455] 00080441 E2600061 3000101C 41E26800 61340010 2E2070A0 208050B8 81C4C082
[17:52:41.465] 0141C40E 2684100A 0E5A4000 0404C4F4 00000000 00000000 00023011 8000008C
[17:52:41.477] 04608020 08020080 20080200 80200802 00802008 02008020 08020080 20080200
[17:52:41.485] 80200802 00802008 02008020 08020080 20080200 80200802 00802008 02008020
[17:52:41.496] 08020080 20080200 80200802 00802008 02008020 08020080 20080200 80200802
[17:52:41.505] 00802008 02008020 08020080 20080200 80200802 00802008 02008020 08020080
[17:52:41.511] 20080200 0000036C 7A000000 00000000 00004000 02040000 00000000 00000000
[17:52:41.516] 00000000 00000000 00000000 00000000 00000000 00000000 00000000 00000000
[17:52:41.522] 00000000 00000000 00000000 00000000 00000000 00000000 00000000 00000000
[17:52:41.526] 00000000 00000000 00000000 00000000 00000000 07EFFFFF C6600007 00050382
[17:52:41.531] 80381804 200C03C0 D0000000 00000000 04000000 04000000 03000000 02000000
[17:52:41.541] 01400000 00C00000 00700000 00400000 00240000 00140000 000B0000 00060000
[17:52:41.549] 000340D6 4ED60ED6 8ED648D6 08D64AD6 0AD646D6 06D64CD6 0CD68CD6 54D694D0
[17:52:41.554] 30100000 6DB6D040 0005B6DB 41000026 DB6D0400 00DB6DB4 1000046D B6D04000
[17:52:41.558] 15B6DB41 000066DB 6D040001 DB6DB410 00086DB6 D0400025 B6DB4100 00A6DB6D
[17:52:41.563] 040002DB 6DB41000 0C6DB6D0 3149EAA8 3D5547AA A475540E AA92D550 5AAA4D55
[17:52:41.567] 41AAAA35 552AAAA9 55548EA0 14005002 00600801 40180300 18040090 0A014006
[17:52:41.572] 01802403 80500180 80090120 14006018 03403807 00280A01 10160260 30050014
[17:52:41.576] 0680B802 00501C03 02020200 68080801 A1010100 34040400 00808080 00020200
[17:52:41.580] 68004040 0D1AA030 401032F6 70000000 014A2000 0420
[17:52:41.584] [N3API] init_BCL param - 122
[17:52:41.587] [N3API] RF bit_mask : a2 00 00 00 00
[17:52:41.590] [N3API] [CAPA-MEM][post-decode] pInfo=00000000 SBL(own=0 alloc=00000000) BCL.trk=0 FS.trk=0
[17:52:41.596] [N3API] nr pdu filter hw=26 sbl 17->15 bcl 122->108
[17:52:41.601] [N3API] [CAPA-MEM][DB-set] pInfo=856c9dd8 SBL(own=0 alloc=00000000) BCL.trk=0 FS.trk=0
[17:52:41.607] [N3API]   SBL.val=85795858 cnt=15 BCL.main=857ab578 cnt=108 ABLF(dec=0/00000000/0 own=0/00000000)
[17:52:41.613] [N3API]   FS outer: decode-graph (B), trk=0
[17:52:41.617] [L3API][H] Set BandNR[15]:  1, 3, 5, 7, 8, 20, 26, 28, 38, 40, 41, 66, 71, 77, 78,
[17:52:41.624] [L3API][H] BandNR: 0 (NR list not ready)
[17:52:41.627] [L3API][H]  set v1540:15  n1 n3 n5 n7 n8 n20 n26 n28 n38 n40 n41 n66 n71 n77 n78
[17:52:41.631] [N3API]  EUTRA band[32]:
[17:52:41.635] [N3API] 	 B1 B2 B3 B4 B5 B6 B7 B8 B10 B12 B13 B14 B17 B18 B19 B20
[17:52:41.638] [N3API] 	 B25 B26 B28 B29 B30 B34 B38 B39 B40 B41 B42 B43 B48 B52 B66 B71
[17:52:41.642] [N3API] 
[17:52:41.646] Set bit-mask: 856CB4E4(000000E0) - 0 00000010
[17:52:41.655] [N3API] [MPR][PC] band:n38 pc:1 v1610:0 isPc1dot5:0 mpr_present:0 mpr_val:0x00
[17:52:41.669] [N3API] [MPR][PC] done band:n38 mpr_present:0 mpr_val:0x00
[17:52:41.679] [N3API] [MPR][PC] band:n40 pc:1 v1610:0 isPc1dot5:0 mpr_present:0 mpr_val:0x00
[17:52:41.692] [N3API] [MPR][PC] done band:n40 mpr_present:0 mpr_val:0x00
[17:52:41.701] [N3API] [MPR][PC] band:n41 pc:1 v1610:1 isPc1dot5:1 mpr_present:1 mpr_val:0x10
[17:52:41.712] [N3API] [MPR][PC] set n41 modifiedMPR_Behaviour=0x10
[17:52:41.721] [N3API] [MPR][PC] done band:n41 mpr_present:1 mpr_val:0x10
[17:52:41.730] [N3API] [MPR][PC] band:n77 pc:1 v1610:1 isPc1dot5:1 mpr_present:1 mpr_val:0x80
[17:52:41.742] [N3API] [MPR][PC] set n77 modifiedMPR_Behaviour=0x80
[17:52:41.749] [N3API] [MPR][PC] done band:n77 mpr_present:1 mpr_val:0x80
[17:52:41.755] [N3API] [MPR][PC] band:n78 pc:1 v1610:1 isPc1dot5:1 mpr_present:0 mpr_val:0x00
[17:52:41.763] [N3API] [MPR][PC] set n78 modifiedMPR_Behaviour=0x80
[17:52:41.768] [N3API] [MPR][PC] done band:n78 mpr_present:1 mpr_val:0x80
[17:52:41.778] [N3API] === reset UE Capa PDU
[17:52:41.783] [N3API] [CAPA-MEM][reset-done] pInfo=856c9dd8 SBL(own=0 alloc=00000000) BCL.trk=0 FS.trk=0
[17:52:41.795] [N3API]   SBL.val=85795858 cnt=15 BCL.main=857ab578 cnt=108 ABLF(dec=0/00000000/0 own=0/00000000)
[17:52:41.812] [N3API]   FS outer: decode-graph (B), trk=0
[17:52:41.821] [N3API] [CAPA-MEM][op-post] pInfo=856c9dd8 SBL(own=0 alloc=00000000) BCL.trk=0 FS.trk=0
[17:52:41.840] [N3API]   SBL.val=85795858 cnt=15 BCL.main=857ab578 cnt=108 ABLF(dec=0/00000000/0 own=0/00000000)
[17:52:41.863] [N3API]   FS outer: decode-graph (B), trk=0
[17:52:41.895] [NL3:   0][>S][nrrc_send_NNASRRC_RRC_INITIALIZE_CNF] NNASRRC_RRC_INITIALIZE_CNF
[17:52:41.944] [NAS_NSM] nsmSetPduAuthControlByUpperEnabled()
[17:52:41.954] [NAS_NSM] 	 flag(1)
[17:52:41.960] [NAS_INSIG] EPLMN|NASRRC_RRC_INITIALIZE_CNF(18)|PLMN_NULL(0)
[17:52:41.970] [NAS_INSIG] NPLMN|NNASRRC_RRC_INITIALIZE_CNF(18)|PLMN_NULL(0)
[17:52:41.989] [NAS_INSIG] CACHE|NASNVM_READ_CNF(8)|CACHE_WAIT_FOR_CACHE_INIT(0)
[17:52:41.998] [NAS_INSIG] CACHE|NASNVM_READ_CNF(8)|CACHE_WAIT_FOR_CACHE_INIT(0)
[17:52:42.009] [NAS_INSIG] CACHE|NASNVM_READ_CNF(8)|CACHE_WAIT_FOR_CACHE_INIT(0)
[17:52:42.020] [NAS_CACHE] [WAR] Invalid 5GSLOCI in the NV (0xffffff)!!!
[17:52:42.029] [NAS_INSIG] CACHE|NASNVM_READ_CNF(8)|CACHE_WAIT_FOR_CACHE_INIT(0)
[17:52:42.072] [NAS_INSIG] CACHE|NASNVM_READ_CNF(8)|CACHE_WAIT_FOR_CACHE_INIT(0)
[17:52:42.106] [NAS_INSIG] CACHE|NASNVM_READ_CNF(8)|CACHE_WAIT_FOR_CACHE_INIT(0)
[17:52:42.140] [NAS_INSIG] CACHE|NASNVM_READ_CNF(8)|CACHE_WAIT_FOR_CACHE_INIT(0)
[17:52:42.170] [NAS_INSIG] CACHE|NASNVM_READ_CNF(8)|CACHE_WAIT_FOR_CACHE_INIT(0)
[17:52:42.187] [NAS_INSIG] CACHE|NASNVM_READ_CNF(8)|CACHE_WAIT_FOR_CACHE_INIT(0)
[17:52:42.202] [NAS_INSIG] CACHE|NASNVM_READ_CNF(8)|CACHE_WAIT_FOR_CACHE_INIT(0)
[17:52:42.235] [NAS_CACHE] Read UTC Time: 0
[17:52:42.244] [NAS_INSIG] CACHE|NASNVM_READ_CNF(8)|CACHE_WAIT_FOR_CACHE_INIT(0)
[17:52:42.265] [NAS_INSIG] CACHE|NASNVM_READ_CNF(8)|CACHE_WAIT_FOR_CACHE_INIT(0)
[17:52:42.271] [NAS_INSIG] CACHE|NASNVM_READ_CNF(8)|CACHE_WAIT_FOR_CACHE_INIT(0)
[17:52:42.282] [NAS_INSIG] CACHE|NASNVM_READ_CNF(8)|CACHE_WAIT_FOR_CACHE_INIT(0)
[17:52:42.314] [NAS_CACHE] [ERR] Invalid IMEI: 0x000000000000000000 <IN cacheReadNVMCnf 528>
[17:52:42.333] [NAS_INSIG] CACHE|NASNVM_READ_CNF(8)|CACHE_WAIT_FOR_CACHE_INIT(0)
[17:52:42.352] [NAS_CACHE] [ERR] Invalid IMEI2: 0x000000000000000000 <IN cacheReadNVMCnf 550>
[17:52:42.382] [NAS_INSIG] CACHE|NASNVM_READ_CNF(8)|CACHE_WAIT_FOR_CACHE_INIT(0)
[17:52:42.412] [NAS_INSIG] CACHE|NASNVM_READ_CNF(8)|CACHE_WAIT_FOR_CACHE_INIT(0)
[17:52:42.442] [NAS_INSIG] CACHE|NASNVM_READ_CNF(8)|CACHE_WAIT_FOR_CACHE_INIT(0)
[17:52:42.456] [NAS_CACHE] Read T3245 lte:0 nr: 0
[17:52:42.476] [NAS_INSIG] CACHE|NASNVM_READ_CNF(8)|CACHE_WAIT_FOR_CACHE_INIT(0)
[17:52:42.493] [NAS_INSIG] CACHE|NASNVM_READ_CNF(8)|CACHE_WAIT_FOR_CACHE_INIT(0)
[17:52:42.509] [NAS_INSIG] CACHE|NASNVM_READ_CNF(8)|CACHE_WAIT_FOR_CACHE_INIT(0)
[17:52:42.528] [NAS_INSIG] CACHE|NASNVM_READ_CNF(8)|CACHE_WAIT_FOR_CACHE_INIT(0)
[17:52:42.541] [NAS_INSIG] CACHE|NASNVM_READ_CNF(8)|CACHE_WAIT_FOR_CACHE_INIT(0)
[17:52:42.552] [NAS_INSIG] CACHE|NASNVM_READ_CNF(8)|CACHE_WAIT_FOR_CACHE_INIT(0)
[17:52:42.562] [NAS_INSIG] CACHE|NASNVM_READ_CNF(8)|CACHE_WAIT_FOR_CACHE_INIT(0)
[17:52:42.572] [NAS_INSIG] CACHE|NASNVM_READ_CNF(8)|CACHE_WAIT_FOR_CACHE_INIT(0)
[17:52:42.579] [NAS_INSIG] CACHE|NASNVM_READ_CNF(8)|CACHE_WAIT_FOR_CACHE_INIT(0)
[17:52:42.589] [NAS_INSIG] CACHE|NASNVM_READ_CNF(8)|CACHE_WAIT_FOR_CACHE_INIT(0)
[17:52:42.601] [NAS_INSIG] CACHE|NASNVM_READ_CNF(8)|CACHE_WAIT_FOR_CACHE_INIT(0)
[17:52:42.607] [NAS_CACHE] ICCID Matched: No USIM change detected
[17:52:42.612] [NAS_CACHE] State Change (CACHE_WAIT_FOR_CACHE_INIT => CACHE_VALID_USIM)
[17:52:42.619] [NAS_INSIG] EMM|EMM_INT_USIM_INSERTED_IND(2)|EMM_NULL(0)
[17:52:42.625] [FSM] [ERR]EHPLMN list cnt:2
[17:52:42.629] [FSM] EHPLMN :[0] F110
[17:52:42.633] [FSM] EHPLMN :[1] 130184
[17:52:42.638] [L3API][H] Init CSG DB: 0
[17:52:42.643] [FSM] [L3>S][RRC_send_NASRRC_USIM_INSERTED_CNF] NASRRC_USIM_INSERTED_CNF
[17:52:42.656] [NAS_INSIG] EPLMN|EPLMN_USIM_INSERTED_IND(5)|PLMN_NULL(0)
[17:52:42.668] [NAS_EPLMN] PLMN_PERIODIC_HPLMN_SEARCH_TIMER Timer value Changed: 28800000 ms
[17:52:42.684] [NAS_EPLMN] State Change (PLMN_NULL => PLMN_IDLE)
[17:52:42.698] [NAS_INSIG] NMM|NMM_INT_USIM_INSERTED_IND(3)|NMM_NULL(0)
[17:52:42.717] [NL3:   0]<- NNASRRC_USIM_INSERTED_REQ
[17:52:42.733] [NL3:   0]EHPLMN :[0] F110
[17:52:42.744] [NL3:   0]EHPLMN :[1] 130184
[17:52:42.749] [NL3:   0][>S][NRRC_Read_NVM_DRX] NVM_READ_REQ
[17:52:42.756] [NL3:   0][>S][NRRC_Read_NVM_User_DRX] NVM_READ_REQ
[17:52:42.761] [NAS_INSIG] NPLMN|NPLMN_USIM_INSERTED_IND(5)|PLMN_NULL(0)
[17:52:42.767] [NAS_NPLMN] PLMN_PERIODIC_HPLMN_SEARCH_TIMER Timer value Changed: 28800000 ms
[17:52:42.774] [NAS_NPLMN] State Change (PLMN_NULL => PLMN_IDLE)
[17:52:42.778] [NAS_INSIG] EMM|NASRRC_USIM_INSERTED_CNF(45)|EMM_NULL(0)
[17:52:42.785] [NAS_EMM] FSM_EMM_NULL__NASRRC_USIM_INSERTED_CNF
[17:52:42.790] [FSM] [L3<-][RMCI][0] NASRRC_COUNT_UPDATE_IND
[17:52:42.818] [RMC] [H] NAS count:0
[17:52:42.821] NAS_MsgHandler, messageType(0x360014)
[17:52:42.825] [NL3:   0][<-][NL3USI][2][3] NVM_READ_CNF
[17:52:42.828] [N3USI] NV name : LDRX_NV
[17:52:42.832] [N3USI] NV DRX not used: 0
[17:52:42.840] [NL3:   0][<-][NL3USI][2][3] NVM_READ_CNF
[17:52:42.873] [N3USI] NV name : NDRX_NV
[17:52:42.883] [N3USI] NV User DRX not used :0
[17:52:42.891] [NL3:   0][>S][FSM_NL3USI_Read__NVM_READ_CNF] NNASRRC_USIM_INSERTED_CNF
[17:52:42.907] [NAS_INSIG] NMM|NASRRC_USIM_INSERTED_CNF(44)|NMM_NULL(0)
[17:52:42.919] [NAS_NMM] FSM_NMM_NULL__NASRRC_USIM_INSERTED_CNF
[17:52:42.932] [NAS_INSIG] NSM_CONNECTION_MANAGEMENT|NMMNSM_UICC_USIM_CACHE_END_IND(22)|NSM_CONNECTION_MANAGEMENT(0)
[17:52:42.951] L1 initialize...
[17:52:42.960] nr_slp_shmem : 28500000
[17:52:42.966] nr_dlp_shmem[0] : 20500000
[17:52:42.977] nr_dlp_shmem[1] : 21500000
[17:52:43.011] nr_dlp_shmem[2] : 22500000
[17:52:43.032] nr_dlp_shmem[3] : 23500000
[17:52:43.052] nr_dlp_shmem[4] : 24500000
[17:52:43.069] nr_dlp_shmem[5] : 25500000
[17:52:43.089] nr_dlp_shmem[6] : 26500000
[17:52:43.109] nr_dlp_shmem[7] : 27500000
[17:52:43.130] nr_ulp_shmem[0] : 20d00000
[17:52:43.149] nr_ulp_shmem[1] : 21d00000
[17:52:43.157] nr_ulp_shmem[2] : 22d00000
[17:52:43.179] nr_ulp_shmem[3] : 23d00000
[17:52:43.200]  =====   RF NV3  ====== 
[17:52:43.227] $ ifconfig
[17:52:43.232] _metal_fix 1
[17:52:43.236] [MRM] Read MRM Mode: 0
[17:52:43.242] [MRM] NOT Enabled MRM FSM: 0
[17:52:43.249] [MRM] 0x6c Connected assigned ConnId: 0x1
[17:52:43.255] [SMS] ENAS SMS INIT REQ rxed
[17:52:43.262] [MRM] 0x55 Connected assigned ConnId: 0x2
[17:52:43.269] [ATM] ATMManager_RegisterUMM(evt:35, nPortId:0)...
[17:52:43.283] SMSMGR : bSmsFormat(3GPP)
[17:52:43.287] [SMS] SMSMGR : UICC FILE INFO rxed(FID = 0x0)
[17:52:43.293] mrd: UICC Activation done : driver open fail(-1)
[17:52:43.299] mrd: 
[17:52:43.303] UICC INDICATION(DEV_IDX(1))
[17:52:43.308] mrd: UICC ACTIVATED INDICATION
[17:52:43.313] mrautocm: [mrcm_ind_uicc_ind]
[17:52:43.317] mrautocm: UICC ACTIVATED INDICATION
[17:52:43.320] mrd: 
[17:52:43.325] INITIALIZATION PROTOCOL STACK RESPONSE(DEV_IDX(1))
[17:52:43.330] mrd: Result : 0
[17:52:43.334] mrd: WTD: LAPI_NotiArm1Reset : Hold[0]
[17:52:43.339] mrd: ucfg Scramble (0)
[17:52:43.345] mrd: NRAPI_DeviceCfgSetReq Scramble (0)
[17:52:43.351] mrd: SET SCRAMBLE LOG : DISABLE
[17:52:43.354] LTE LOG(000001c4): NOTI WARN2 WARN3 ERR
[17:52:43.361] mrd: cm_set_smsCfgWriteReq()
[17:52:43.366] [MRM] Disable Scrumble Log
[17:52:43.370] [NAS_INSIG] CACHE|NAS_PROTOCOL_CONFIG_WRITE_REQ(3)|CACHE_VALID_USIM(1)
[17:52:43.378] [NAS_CACHE] Scrumble Log: 0
[17:52:43.382] mrd: cm_set_RaDeploymentReq()
[17:52:43.386] [MRM] 5G NR SA: 1 NSA: 0 LTE SA: 0
[17:52:43.391] [MRM] Set NR SA Mode for RRC: 1
[17:52:43.395] [L3API][H] Set BandNR[15]:  n1 n3 n5 n7 n8 n20 n26 n28 n38 n40 n41 n66 n71 n77 n78
[17:52:43.442] [MRM] Set Endc Enable for RRC: 0
[17:52:43.446] [L3API][H] 	Set EN-DC Enable:0
[17:52:43.451] [L3API][H]  set v1540:15  n1 n3 n5 n7 n8 n20 n26 n28 n38 n40 n41 n66 n71 n77 n78
[17:52:43.458] [MRM] Set LTE Only Mode for RRC: 1
[17:52:43.463] [L3API][H] Enable UL MIMO
[17:52:43.468] [L3API][H] TDD UL MIMO
[17:52:43.472] [L3API][H] Disable CA
[17:52:43.475] [L3API][H] Bit 13 : disabled
[17:52:43.479] [L3API][H] Bit 18 : disabled
[17:52:43.483] [L3API][H] Bit 13 : disabled
[17:52:43.487] [L3API][H] Bit 18 : disabled
[17:52:43.491] [L3API][H]  SetFgi: 1E9805FE 00000000 0000C1FF / 1E9805FE 00000000 0000C1FF
[17:52:43.497] mrd: get_load_capa_pdu_uper_file(1) - isFirstChunk=1
[17:52:43.502] mrd: read_rrc_capa_pdu_chunk(/var/nr/param/capa/UE_MRDC_Capability.uper) - (0~10224)/fileSize(12134)
[17:52:43.515] 81 01 41 ED 88 2C 08 03 80 40 00 00 01 10 58 20 ....
[17:52:43.518] mrd: cm_set_NRUERadioCapaReq()
[17:52:43.523] mrd: get_load_capa_pdu_uper_file(1) - isFirstChunk=0
[17:52:43.528] mrd: read_rrc_capa_pdu_chunk(/var/nr/param/capa/UE_MRDC_Capability.uper) - (10224~12134)/fileSize(12134)
[17:52:43.546] 03 80 00 01 C0 60 00 01 60 88 6C 08 01 89 80 70 ....
[17:52:43.551] mrd: cm_set_NRUERadioCapaReq()
[17:52:43.556] mrd: get_load_capa_pdu_uper_file(0) - isFirstChunk=1
[17:52:43.560] mrd: read_rrc_capa_pdu_chunk(/var/nr/param/capa/UE_NR_Capability.uper) - (0~1686)/fileSize(1686)
[17:52:43.570] E1 A2 30 00 47 46 5A 03 1F 8D 83 85 20 00 16 09 ....
[17:52:43.574] mrd: cm_set_NRUERadioCapaReq()
[17:52:43.578] mrd: get_load_capa_pdu_uper_file(2) - isFirstChunk=1
[17:52:43.586] mrd: read_rrc_capa_pdu_chunk(/var/nr/param/capa/UE_EUTRA_Capability.uper) - (0~1853)/fileSize(1853)
[17:52:43.594] E0 19 80 57 00 10 30 81 43 07 12 44 91 33 26 CF ....
[17:52:43.600] mrd: cm_set_LTEUERadioCapaReq()
[17:52:43.606] [L3API][H]  SetFgi: FDD/TDD configured
[17:52:43.612] [L3API][H] Bit 13 : disabled
[17:52:43.617] [L3API][H] Bit 18 : disabled
[17:52:43.621] [L3API][H]  Set FGI Common (1E9805FE 00000000 0000C1FF)
[17:52:43.628] [L3API][H]  Set FGI FDD only (00000000 00000000 00000000)
[17:52:43.636] [L3API][H]  Set FGI TDD only (00000000 00000000 00000000)
[17:52:43.644] [L3API][H] 	[Y]Set interRAT_BandList(0) in BCL(31)
[17:52:43.651] [NAS_INSIG] CACHE|NAS_PROTOCOL_CONFIG_WRITE_REQ(3)|CACHE_VALID_USIM(1)
[17:52:43.666] [NAS_CACHE] 5G NR SA: 1 5G NR NSA: 0 LTE SA: 0
[17:52:43.674] [MRM] Set UE MRDC Capability PDU - mode: 1 length: 10224
[17:52:43.682] [N3API]  mrdcCapaPdu mode:1, size:10224
[17:52:43.689] [N3API][E] mrdcCapaPdu: too big PDU size:10224
[17:52:43.697] [N3API]  mrdcCapaPdu mode:3, size:10224
[17:52:43.705] [N3API] MRDC reset: load default into DB (hasPdu:0)
[17:52:43.712] [N3API] del default MRDC Capa DB
[17:52:43.719] [N3API] MRDC update: gen BCL 128 from gMrdcSupportedBcTable[128] (sbl e:32 n:15 nrBcl:108 skipFb:0)
[17:52:43.735] [N3API] MRDC tbl[0] e:1+3 n:1+78
[17:52:43.741] [N3API] [0]tbl0-4,0  MRDC tbl[1] e:1+7 n:1+78
[17:52:43.749] [N3API] [1]tbl1-4,0  MRDC tbl[2] e:1+28 n:1+78
[17:52:43.757] [N3API] [2]tbl2-4,0  MRDC tbl[3] e:1+40 n:1+78
[17:52:43.765] [N3API] [3]tbl3-4,0  MRDC tbl[4] e:3+7 n:1+78
[17:52:43.787] [N3API] MRDC: [4]tbl4-4,0  
[17:52:43.800] [N3API] MRDC tbl[5] e:3+28 n:1+78
[17:52:43.817] [N3API] [5]tbl5-4,0  MRDC tbl[6] e:3+40 n:1+78
[17:52:43.836] [N3API] [6]tbl6-4,0  MRDC tbl[7] e:7+28 n:1+78
[17:52:43.865] [N3API] [7]tbl7-4,0  MRDC tbl[8] e:7+40 n:1+78
[17:52:43.897] [N3API] [8]tbl8-4,0  MRDC tbl[9] e:28+40 n:1+78
[17:52:43.926] [N3API] MRDC: [9]tbl9-4,0  
[17:52:43.932] [N3API] MRDC tbl[10] e:1+3+7 n:1+78
[17:52:43.942] [N3API] [10]tbl10-5,1  MRDC tbl[11] e:1+3+28 n:1+78
[17:52:43.965] [N3API] [11]tbl11-5,1  MRDC tbl[12] e:1+3+40 n:1+78
[17:52:43.984] [N3API] [12]tbl12-5,1  MRDC tbl[13] e:1+7+28 n:1+78
[17:52:44.001] [N3API] [13]tbl13-5,1  MRDC tbl[14] e:1+7+40 n:1+78
[17:52:44.027] [N3API] MRDC: [14]tbl14-5,1  
[17:52:44.041] [N3API] MRDC tbl[15] e:1+28+40 n:1+78
[17:52:44.060] [N3API] [15]tbl15-5,1  MRDC tbl[16] e:3+7+28 n:1+78
[17:52:44.074] [N3API] [16]tbl16-5,1  MRDC tbl[17] e:3+7+40 n:1+78
[17:52:44.091] [N3API] [17]tbl17-5,1  MRDC tbl[18] e:3+28+40 n:1+78
[17:52:44.108] [N3API] [18]tbl18-5,1  MRDC tbl[19] e:7+28+40 n:1+78
[17:52:44.120] [N3API] MRDC: [19]tbl19-5,1  
[17:52:44.130] [N3API] MRDC tbl[20] e:1+3 n:5+78
[17:52:44.139] [N3API] [20]tbl20-4,0  MRDC tbl[21] e:1+7 n:5+78
[17:52:44.151] [N3API] [21]tbl21-4,0  MRDC tbl[22] e:1+28 n:5+78
[17:52:44.161] [N3API] [22]tbl22-4,0  MRDC tbl[23] e:1+40 n:5+78
[17:52:44.175] [N3API] [23]tbl23-4,0  MRDC tbl[24] e:3+7 n:5+78
[17:52:44.184] [N3API] MRDC: [24]tbl24-4,0  
[17:52:44.196] [N3API] MRDC tbl[25] e:3+28 n:5+78
[17:52:44.211] [N3API] [25]tbl25-4,0  MRDC tbl[26] e:3+40 n:5+78
[17:52:44.231] [N3API] [26]tbl26-4,0  MRDC tbl[27] e:7+28 n:5+78
[17:52:44.251] [N3API] [27]tbl27-4,0  MRDC tbl[28] e:7+40 n:5+78
[17:52:44.277] [N3API] [28]tbl28-4,0  MRDC tbl[29] e:28+40 n:5+78
[17:52:44.301] [N3API] MRDC: [29]tbl29-4,0  
[17:52:44.311] [N3API] MRDC tbl[30] e:1+3+7 n:5+78
[17:52:44.326] [N3API] [30]tbl30-5,1  MRDC tbl[31] e:1+3+28 n:5+78
[17:52:44.358] [N3API] [31]tbl31-5,1  MRDC tbl[32] e:1+3+40 n:5+78
[17:52:44.378] [N3API] [32]tbl32-5,1  MRDC tbl[33] e:1+7+28 n:5+78
[17:52:44.397] [N3API] [33]tbl33-5,1  MRDC tbl[34] e:1+7+40 n:5+78
[17:52:44.442] [N3API] MRDC: [34]tbl34-5,1  
[17:52:44.455] [N3API] MRDC tbl[35] e:1+28+40 n:5+78
[17:52:44.473] [N3API] [35]tbl35-5,1  MRDC tbl[36] e:3+7+28 n:5+78
[17:52:44.495] [N3API] [36]tbl36-5,1  MRDC tbl[37] e:3+7+40 n:5+78
[17:52:44.515] [N3API] [37]tbl37-5,1  MRDC tbl[38] e:3+28+40 n:5+78
[17:52:44.544] [N3API] [38]tbl38-5,1  MRDC tbl[39] e:7+28+40 n:5+78
[17:52:44.589] [N3API] MRDC: [39]tbl39-5,1  
[17:52:44.614] [N3API] MRDC tbl[40] e:1+3 n:1+40
[17:52:44.630] [N3API] [40]tbl40-4,0  MRDC tbl[41] e:1+7 n:1+40
[17:52:44.655] [N3API] [41]tbl41-4,0  MRDC tbl[42] e:1+28 n:1+40
[17:52:44.686] [N3API] [42]tbl42-4,0  MRDC tbl[43] e:1+40 n:1+40
[17:52:44.702] [N3API] [43]tbl43-4,0  MRDC tbl[44] e:3+7 n:1+40
[17:52:44.726] [N3API] MRDC: [44]tbl44-4,0  
[17:52:44.739] [N3API] MRDC tbl[45] e:3+28 n:1+40
[17:52:44.752] [N3API] [45]tbl45-4,0  MRDC tbl[46] e:3+40 n:1+40
[17:52:44.768] [N3API] [46]tbl46-4,0  MRDC tbl[47] e:7+28 n:1+40
[17:52:44.783] [N3API] [47]tbl47-4,0  MRDC tbl[48] e:7+40 n:1+40
[17:52:44.797] [N3API] [48]tbl48-4,0  MRDC tbl[49] e:28+40 n:1+40
[17:52:44.811] [N3API] MRDC: [49]tbl49-4,0  
[17:52:44.821] [N3API] MRDC tbl[50] e:1+3+7 n:1+40
[17:52:44.833] [N3API] [50]tbl50-5,1  MRDC tbl[51] e:1+3+28 n:1+40
[17:52:44.846] [N3API] [51]tbl51-5,1  MRDC tbl[52] e:1+3+40 n:1+40
[17:52:44.862] [N3API] [52]tbl52-5,1  MRDC tbl[53] e:1+7+28 n:1+40
[17:52:44.876] [N3API] [53]tbl53-5,1  MRDC tbl[54] e:1+7+40 n:1+40
[17:52:44.882] [N3API] MRDC: [54]tbl54-5,1  
[17:52:44.886] [N3API] MRDC tbl[55] e:1+28VLAN: all hmac cleared
[17:52:44.892] br0: port 1(usb0) entered blocking state
[17:52:44.898] br0: port 1(usb0) entered forwarding state
[17:52:44.903] +40 n:1+40
[17:52:44.907] [N3API] [55]tbl55-5,1  MRDC tbl[56] e:3+7+28 n:1+40
[17:52:44.913] [N3API] [56]tbl56-5,1  MRDC tbl[57] e:3+7+40 n:1+40
[17:52:44.919] [N3API] [57]tbl57-5,1  MRDC tbl[58] e:3+28+40 n:1+40
[17:52:44.925] [N3API] [58]tbl58-5,1  MRDC tbl[59] e:7+28+40 n:1+40
[17:52:44.930] [N3API] MRDC: [59]tbl59-5,1  
[17:52:44.936] [N3API] MRDC tbl[60] e:1+3 n:5+40
[17:52:44.946] [N3API] [60]tbl60-4,0  MRDC tbl[61] e:1+7 n:5+40
[17:52:44.960] [N3API] [61]tbl61-4,0  MRDC tbl[62] e:1+28 n:5+40
[17:52:44.977] [N3API] [62]tbl62-4,0  MRDC tbl[63] e:1+40 n:5+40
[17:52:44.990] [N3API] [63]tbl63-4,0  MRDC tbl[64] e:3+7 n:5+40
[17:52:45.000] [N3API] MRDC: [64]tbl64-4,0  
[17:52:45.006] [N3API] MRDC tbl[65] e:3+28 n:5+78
[17:52:45.012] [N3API] [65]tbl65-4,0  MRDC tbl[66] e:3+40 n:5+40
[17:52:45.019] [N3API] [66]tbl66-4,0  MRDC tbl[67] e:7+28 n:5+40
[17:52:45.026] [N3API] [67]tbl67-4,0  MRDC tbl[68] e:7+40 n:5+40
[17:52:45.036] [N3API] [68]tbl68-4,0  MRDC tbl[69] e:28+40 n:5+40
[17:52:45.046] [N3API] MRDC: [69]tbl69-4,0  
[17:52:45.053] [N3API] MRDC tbl[70] e:1+3+7 n:5+40
[17:52:45.059] [N3API] [70]tbl70-5,1  MRDC tbl[71] e:1+3+28 n:5+40
[17:52:45.070] [N3API] [71]tbl71-5,1  MRDC tbl[72] e:1+3+40 n:5+40
[17:52:45.079] [N3API] [72]tbl72-5,1  MRDC tbl[73] e:1+7+28 n:5+40
[17:52:45.090] [N3API] [73]tbl73-5,1  MRDC tbl[74] e:1+7+40 n:5+40
[17:52:45.099] [N3API] MRDC: [74]tbl74-5,1  
[17:52:45.110] [N3API] MRDC tbl[75] e:1+28+40 n:5+40
[17:52:45.114] [N3API] [75]tbl75-5,1  MRDC tbl[76] e:3+7+28 n:5+40
[17:52:45.125] [N3API] [76]tbl76-5,1  MRDC tbl[77] e:3+7+40 n:5+40
[17:52:45.133] [N3API] [77]tbl77-5,1  MRDC tbl[78] e:3+28+40 n:5+40
[17:52:45.141] [N3API] [78]tbl78-5,1  MRDC tbl[79] e:7+28+40 n:5+40
[17:52:45.148] [N3API] MRDC: [79]tbl79-5,1  
[17:52:45.155] [N3API] MRDC tbl[80] e:1+3 n:78
[17:52:45.163] [N3API] [80]tbl80-3,2  MRDC tbl[81] e:1+7 n:78
[17:52:45.173] [N3API] [81]tbl81-3,2  MRDC tbl[82] e:1+28 n:78
[17:52:45.183] [N3API] [82]tbl82-3,2  MRDC tbl[83] e:1+40 n:78
[17:52:45.191] [N3API] [83]tbl83-3,2  MRDC tbl[84] e:3+7 n:78
[17:52:45.198] [N3API] MRDC: [84]tbl84-3,2  
[17:52:45.206] [N3API] MRDC tbl[85] e:3+28 n:78
[17:52:45.209] [N3API] [85]tbl85-3,2  MRDC tbl[86] e:3+40 n:78
[17:52:45.216] [N3API] [86]tbl86-3,2  MRDC tbl[87] e:7+28 n:78
[17:52:45.227] [N3API] [87]tbl87-3,2  MRDC tbl[88] e:7+40 n:78
[17:52:45.233] [N3API] [88]tbl88-3,2  MRDC tbl[89] e:28+40 n:78
[17:52:45.239] [N3API] MRDC: [89]tbl89-3,2  
[17:52:45.247] [N3API] MRDC tbl[90] e:1+3+7 n:78
[17:52:45.252] [N3API] [90]tbl90-4,3  MRDC tbl[91] e:1+3+28 n:78
[17:52:45.258] [N3API] [91]tbl91-4,3  MRDC tbl[92] e:1+3+40 n:78
[17:52:45.265] [N3API] [92]tbl92-4,3  MRDC tbl[93] e:1+7+28 n:78
[17:52:45.270] [N3API] [93]tbl93-4,3  MRDC tbl[94] e:1+7+40 n:78
[17:52:45.278] [N3API] MRDC: [94]tbl94-4,3  
[17:52:45.286] [N3API] MRDC tbl[95] e:1+28+40 n:78
[17:52:45.291] [N3API] [95]tbl95-4,3  MRDC tbl[96] e:3+7+28 n:78
[17:52:45.299] [N3API] [96]tbl96-4,3  MRDC tbl[97] e:3+7+40 n:78
[17:52:45.307] [N3API] [97]tbl97-4,3  MRDC tbl[98] e:3+28+40 n:78
[17:52:45.318] [N3API] [98]tbl98-4,3  MRDC tbl[99] e:7+28+40 n:78
[17:52:45.323] [N3API] MRDC: [99]tbl99-4,3  
[17:52:45.329] [N3API] MRDC tbl[100] e:1+3+7+28 n:78
[17:52:45.337] [N3API] [100]tbl100-5,4  MRDC tbl[101] e:1+3+7+40 n:78
[17:52:45.347] [N3API] [101]tbl101-5,4  MRDC tbl[102] e:1+7+28+40 n:78
[17:52:45.361] [N3API] [102]tbl102-5,4  MRDC tbl[103] e:3+7+28+40 n:78
[17:52:45.372] [N3API] [103]tbl103-5,4  MRDC tbl[104] e:1+3 n:40
[17:52:45.383] [N3API] MRDC: [104]tbl104-3,2  
[17:52:45.390] [N3API] MRDC tbl[105] e:1+7 n:40
[17:52:45.440] [N3API] [105]tbl105-3,2  MRDC tbl[106] e:1+28 n:40
[17:52:45.461] [N3API] [106]tbl106-3,2  MRDC tbl[107] e:1+40 n:40
[17:52:45.478] [N3API] [107]tbl107-3,2  MRDC tbl[108] e:3+7 n:40
[17:52:45.485] [N3API] [108]tbl108-3,2  MRDC tbl[109] e:3+28 n:40
[17:52:45.500] [N3API] MRDC: [109]tbl109-3,2  
[17:52:45.509] [N3API] MRDC tbl[110] e:3+40 n:40
[17:52:45.517] [N3API] [110]tbl110-3,2  MRDC tbl[111] e:7+28 n:40
[17:52:45.528] [N3API] [111]tbl111-3,2  MRDC tbl[112] e:7+40 n:40
[17:52:45.539] [N3API] [112]tbl112-3,2  MRDC tbl[113] e:28+40 n:40
[17:52:45.550] [N3API] [113]tbl113-3,2  MRDC tbl[114] e:1+3+7 n:40
[17:52:45.557] [N3API] MRDC: [114]tbl114-4,3  
[17:52:45.560] [N3API] MRDC tbl[115] e:1+3+28 n:40
[17:52:45.564] [N3API] [115]tbl115-4,3  MRDC tbl[116] e:1+3+40 n:40
[17:52:45.571] [N3API] [116]tbl116-4,3  MRDC tbl[117] e:1+7+28 n:40
[17:52:45.576] [N3API] [117]tbl117-4,3  MRDC tbl[118] e:1+7+40 n:40
[17:52:45.582] [N3API] [118]tbl118-4,3  MRDC tbl[119] e:1+28+40 n:40
[17:52:45.587] [N3API] MRDC: [119]tbl119-4,3  
[17:52:45.597] [N3API] MRDC tbl[120] e:3+7+28 n:40
[17:52:45.604] [N3API] [120]tbl120-4,3  MRDC tbl[121] e:3+7+40 n:40
[17:52:45.611] [N3API] [121]tbl121-4,3  MRDC tbl[122] e:3+28+40 n:40
[17:52:45.616] [N3API] [122]tbl122-4,3  MRDC tbl[123] e:7+28+40 n:40
[17:52:45.621] [N3API] [123]tbl123-4,3  MRDC tbl[124] e:1+3+7+28 n:40
[17:52:45.631] [N3API] MRDC: [124]tbl124-5,4  
[17:52:45.635] [N3API] MRDC tbl[125] e:1+3+7+40 n:40
[17:52:45.640] [N3API] [125]tbl125-5,4  MRDC tbl[126] e:1+7+28+40 n:40
[17:52:45.651] [N3API] [126]tbl126-5,4  MRDC tbl[127] e:3+7+28+40 n:40
[17:52:45.660] [N3API] MRDC: [127]tbl127-5,4  
[17:52:45.667] [N3API] MRDC BCL:128, FSCL:5
[17:52:45.672] [ASN]  [OSS DB] enc PDU sz: 1873
[17:52:45.676] [OTA DB] 29:MRDC [1873]
[17:52:45.685] [N3API] MRDC update: reset UE capability DB
[17:52:45.692] [MRM] Set UE MRDC Capability PDU - mode: 2 length: 1910
[17:52:45.700] [N3API]  mrdcCapaPdu mode:2, size:1910
[17:52:45.706] [MRM] Set UE NR Capability PDU - mode: 1 length: 1686
[17:52:45.711] [N3API]  ueCapaPdu mode:1, size:1686
[17:52:45.717] [N3API]  ueCapaPdu mode:3, size:1686
[17:52:45.722] [N3API] [CAPA-MEM][op-pre] pInfo=856c9dd8 SBL(own=0 alloc=00000000) BCL.trk=0 FS.trk=0
[17:52:45.732] [N3API]   SBL.val=85795858 cnt=15 BCL.main=857ab578 cnt=108 ABLF(dec=0/00000000/0 own=0/00000000)
[17:52:45.751] [N3API]   FS outer: decode-graph (B), trk=0
[17:52:45.760] [N3API] [CAPA-MEM][pre-ASNFreePdu] pInfo=856c9dd8 SBL(own=0 alloc=00000000) BCL.trk=0 FS.trk=0
[17:52:45.772] [N3API]   SBL.val=85795858 cnt=15 BCL.main=857ab578 cnt=108 ABLF(dec=0/00000000/0 own=0/00000000)
[17:52:45.784] [N3API]   FS outer: decode-graph (B), trk=0
[17:52:45.788] [N3API] L3_NR_FREE_BCL: supportedBandCombinationList, num: 108
[17:52:45.800] [N3API] BCL: free dec 857ab578 (detach untrk)
[17:52:45.803] [N3API] L3_NR_FREE_BCL: supportedBandCombinationList_v1540, num: 108
[17:52:45.811] [N3API] BCL: free dec 857b3358 (detach untrk)
[17:52:45.817] [N3API] L3_NR_FREE_BCL: supportedBandCombinationList_v1610, num: 108
[17:52:45.822] [N3API] BCL: free dec 85815258 (detach untrk)
[17:52:45.829] [N3API] [CAPA-MEM][post-ASNFreePdu] pInfo=856c9dd8 SBL(own=0 alloc=00000000) BCL.trk=0 FS.trk=0
[17:52:45.838] [N3API]   SBL.val=85795858 cnt=15 BCL.main=00000000 cnt=0 ABLF(dec=0/00000000/0 own=0/00000000)
[17:52:45.848] [N3API]   FS outer: decode-graph (B), trk=0
[17:52:45.851] [N3API] [CAPA-MEM][cfg-cache] reset: empty
[17:52:45.855] [OTA RX:10240] 31:NRCAPA [1686]->
[17:52:45.859] E1A23000 47465A03 1F8D8385 20001609 31700018 3F0B804D DFF04088 20402E89
[17:52:45.865] 000A00B0 1F4C4C00 90000010 88006AD0 60003003 D038F21C F8000105 FFC7F1FC
[17:52:45.870] 7FF1FC7F 0708100E DD000100 010001D0 00100010 00000140 A6260148 00000844
[17:52:45.875] 00356830 001801E8 1C790E7C 000082FF E3F8FE3F F8FE3F83 8408076E C000C000
[17:52:45.883] C000EC00 0C000C00 0000A053 13012400 00042200 1AB41800 0C00F40E 3C873E00
[17:52:45.888] 00416F81 E06F01C0 1C004005 0298980D 20000021 1000D5A0 C0006007 A071E439
[17:52:45.894] F000020B FF8FE3F8 FFE3F8FE 0E10201D B9000100 01000390 00100010 00000281
[17:52:45.900] 4C4C0790 00001088 006AD060 003003D0 38F21CF8 000105BC 0701BC07 00708100
[17:52:45.918] 79C80008 00080000 140A6260 6C800000 84400356 83000180 1E81C790 E7C00008
[17:52:45.927] 2D80200D 80200380 0800A053 1304E400 00042200 1AB41800 0C00F40E 3C873E00
[17:52:45.933] 00416F01 C06F01C0 1C004005 02989833 20000021 1000D5A0 C0006007 A071E439
[17:52:45.939] F000020B 7E0F8378 0E00E002 002814C4 C1B90000 01088006 AD060003 003D038F
[17:52:45.945] 21CF8000 105BF07C 1BF07C07 00100140 A63612C8 00000844 00356830 001801E8
[17:52:45.953] 1C790E7C 000082BF F0FC3F0F FC3F0FC0 E0020028 14C6C279 00000108 8006AD06
[17:52:45.961] 0003003D 038F21CF 80001057 FF1FF7FD FFC7FDFF 1C20402B 39000900 03900090
[17:52:45.966] 00000503 98D85021 20000021 1000D5A0 C0006007 A071E439 F000020A FFE3FEFF
[17:52:45.982] BFF8FFBF E3850807 6EC001C0 01C000EC 001C001C 00000200 04000000 A0130212
[17:52:46.003] A0000000 88006AD0 60003003 D038F21C F8000105 FFC7F1FC E6362640 48000008
[17:52:46.031] 44003568 30001801 E81C790E 7C000082 BBF8FFBF EEFE3FEF F8E14201 59C00040
[17:52:46.056] 001C0004 00000080 01000000 2814C6C4 D9000001 088006AD 06000300 3D038F21
[17:52:46.101] CF800010 577F1FF7 FDDFC7FD FF1C2840 2B380008 00038000 80000010 00200000
[17:52:46.147] 05029888 A7200000 211000D5 A0C00060 07A071E4 39F00002 0BFF8FE3 F8380080
[17:52:46.165] 0A010801 C0000000 00070080 0000001C 04000002 00701800 000001C0 70000040
[17:52:46.198] 07034000 01801C13 00000800 70640000 1001C1B0 0000A107 09400003 001C2700
[17:52:46.230] 000E1070 9C000040 41C28000 01010713 00000404 1C4D0000 1000F134 0028A600
[17:52:46.267] 09007800 001C0400 001400F0 0000384E 00002C01 E0000071 34000058 03C04000
[17:52:46.309] E1380000 C0078080 01C4D000 01801700 00038080 01827000 6805C000 00C0201C
[17:52:46.341] 2700001C 0160000E 02000709 C0000780 5C00000E 02000613 4001A017 00000300
[17:52:46.655] $ ping 192.168.0.1
[17:52:46.668] 0000 1E017000 00384E00 184D0008 005C0000
[17:52:46.681] 0C1381C4 D0000220 160000E1 38007134 00009005 C04000E1 38006134 00260170
[17:52:46.710] 1000304E 07134000 0A005804 0384E001 C4D00002 A3A40017 44200000 00000000
[17:52:46.732] 00000023 011808C0 46023011 82008020 08020080 40040040 04004004 00400400
[17:52:46.751] 40040040 04000FC2 10000000 00000000 00000010 20400000 00000000 00000000
[17:52:46.781] 00000000 00007EFF FFFC4600 07000503 82803818 04200C03 C0F00000 00000000
[17:52:46.802] 00040000 00040000 00030000 00020000 00014000 0000C000 00007000 00004000
[17:52:46.819] 00002400 00001400 00000B00 00000600 00000340 000001C0 000000F0 3D93B583
[17:52:46.827] B5A3B592 35823592 B582B590 B580B591 B581B593 358335A3 359535A5 34100000
[17:52:46.838] 00000000 10000008 00000300 00010000 00500000 18000007 00000200 00009000
[17:52:46.847] 00280000 0B000003 000000D0 00003800 000F0000 04010127 820F051E 091C1038
[17:52:46.860] 24304060 9341068A 4D5141AA 2A35412A 829514AA A283D454 AA80A801 40080180
[17:52:46.874] 20050060 0C006010 02402805 00180600 900E0140 06020034 04807001 80A00901
[17:52:46.888] 60140060 30044068 0900280C 01501A02 E0380600 140780D8 02005020 03800A03
[17:52:46.895] C07C0101 08100221 0501E03E 00808408 01105000 00600001 40000308 28010030
[17:52:46.904] 0400A00C 01818040 0900A014 20A00400 C0100280 30060A03 C06C0100 281001C1
[17:52:46.912] 03008012 01402828 0F01B004 00A04007 08140080 18020050 0600C0C0 20048050
[17:52:46.919] 0A0A03C0 04010008 10000205 00200600 80140180 30300800 20140002 80F01B00
[17:52:46.927] 400A0400 70814008 00802001 0060000C 02004805 00A0A03C 06C01002 81001C20
[17:52:46.934] 50020060 08014018 03050020 06008014 01803050 1E002008 00408000 10280100
[17:52:46.942] 300400A0 0C018280 F0010040 02040000 28010030 0400A00C 01881400 80080200
[17:52:46.949] 10060001 40780D80 20050200 38140080 18020050 0600C406 01002402 80505002
[17:52:46.957] 00600801 40180305 01E00200 80040800 01018040 0900A014 14078008 02001020
[17:52:46.963] 00014008 01802005 00600C40 60100040 28000501 E0360080 140800E0 50020060
[17:52:46.972] 08014018 031AA030 401032F6 70000000 014A2000 0420
[17:52:46.978] [N3API] init_BCL param - 33
[17:52:46.982] [N3API] RF bit_mask : a2 00 00 00 00
[17:52:46.990] [N3API] [CAPA-MEM][post-decode] pInfo=00000000 SBL(own=0 alloc=00000000) BCL.trk=0 FS.trk=0
[17:52:46.999] [N3API] nr pdu filter hw=26 sbl 16->14 bcl 33->32
[17:52:47.004] [N3API] [CAPA-MEM][DB-set] pInfo=856c9dd8 SBL(own=0 alloc=00000000) BCL.trk=0 FS.trk=0
[17:52:47.013] [N3API]   SBL.val=85599458 cnt=14 BCL.main=85594428 cnt=32 ABLF(dec=0/00000000/0 own=0/00000000)
[17:52:47.025] [N3API]   FS outer: decode-graph (B), trk=0
[17:52:47.033] [L3API][H] Enable UL MIMO
[17:52:47.041] [L3API][H] TDD UL MIMO
[17:52:47.048] [L3API][H] Disable CA
[17:52:47.053] [L3API][H] Bit 13 : disabled
[17:52:47.058] [L3API][H] Bit 18 : disabled
[17:52:47.062] [L3API][H] Bit 13 : disabled
[17:52:47.067] [L3API][H] Bit 18 : disabled
[17:52:47.076] [L3API][H]  SetFgi: 1E9805FE 00000000 0000C1FF / 1E9805FE 00000000 0000C1FF
[17:52:47.088] [L3API][H]  SetFgi: FDD/TDD configured
[17:52:47.098] [L3API][H] Bit 13 : disabled
[17:52:47.102] [L3API][H] Bit 18 : disabled
[17:52:47.111] [L3API][H]  Set FGI Common (1E9805FE 00000000 0000C1FF)
[17:52:47.124] [L3API][H]  Set FGI FDD only (00000000 00000000 00000000)
[17:52:47.133] [L3API][H]  Set FGI TDD only (00000000 00000000 00000000)
[17:52:47.142] [L3API][H] 	[Y]Set interRAT_BandList(0) in BCL(31)
[17:52:47.152] [N3API]  EUTRA band[32]:
[17:52:47.162] [N3API] 	 B1 B2 B3 B4 B5 B6 B7 B8 B10 B12 B13 B14 B17 B18 B19 B20
[17:52:47.174] [N3API] 	 B25 B26 B28 B29 B30 B34 B38 B39 B40 B41 B42 B43 B48 B52 B66 B71
[17:52:47.186] [N3API] 
[17:52:47.191] Set bit-mask: 856CB4E4(000000E0) - 0 00000010
[17:52:47.200] [N3API] [MPR][PC] band:n38 pc:1 v1610:0 isPc1dot5:0 mpr_present:0 mpr_val:0x00
[17:52:47.212] [N3API] [MPR][PC] done band:n38 mpr_present:0 mpr_val:0x00
[17:52:47.222] [N3API] [MPR][PC] band:n40 pc:1 v1610:0 isPc1dot5:0 mpr_present:0 mpr_val:0x00
[17:52:47.237] [N3API] [MPR][PC] done band:n40 mpr_present:0 mpr_val:0x00
[17:52:47.248] [N3API] [MPR][PC] band:n41 pc:1 v1610:1 isPc1dot5:1 mpr_present:1 mpr_val:0x10
[17:52:47.259] [N3API] [MPR][PC] set n41 modifiedMPR_Behaviour=0x10
[17:52:47.265] [N3API] [MPR][PC] done band:n41 mpr_present:1 mpr_val:0x10
[17:52:47.274] [N3API] [MPR][PC] band:n77 pc:1 v1610:1 isPc1dot5:1 mpr_present:1 mpr_val:0x80
[17:52:47.284] [N3API] [MPR][PC] set n77 modifiedMPR_Behaviour=0x80
[17:52:47.293] [N3API] [MPR][PC] done band:n77 mpr_present:1 mpr_val:0x80
[17:52:47.300] [N3API] [MPR][PC] band:n78 pc:1 v1610:1 isPc1dot5:1 mpr_present:0 mpr_val:0x00
[17:52:47.310] [N3API] [MPR][PC] set n78 modifiedMPR_Behaviour=0x80
[17:52:47.322] [N3API] [MPR][PC] done band:n78 mpr_present:1 mpr_val:0x80
[17:52:47.326] [N3API] === reset UE Capa PDU
[17:52:47.332] [N3API] [CAPA-MEM][reset-done] pInfo=856c9dd8 SBL(own=0 alloc=00000000) BCL.trk=0 FS.trk=0
[17:52:47.345] [N3API]   SBL.val=85599458 cnt=14 BCL.main=85594428 cnt=32 ABLF(dec=0/00000000/0 own=0/00000000)
[17:52:47.362] [N3API]   FS outer: decode-graph (B), trk=0
[17:52:47.367] [N3API] [CAPA-MEM][op-post] pInfo=856c9dd8 SBL(own=0 alloc=00000000) BCL.trk=0 FS.trk=0
[17:52:47.382] [N3API]   SBL.val=85599458 cnt=14 BCL.main=85594428 cnt=32 ABLF(dec=0/00000000/0 own=0/00000000)
[17:52:47.391] [N3API]   FS outer: decode-graph (B), trk=0
[17:52:47.440] [MRM] Set UE EUTRA Capability PDU - mode: 1 length: 1853
[17:52:47.445] [L3API][H]  eutraCapaPdu mode:1, size:1853
[17:52:47.449] [L3API][H]  eutraCapaPdu mode:3, size:1853
[17:52:47.452] [L3API][H] eutra reset: hasPdu:1 RunSrc=CFG
[17:52:47.457] [OTA RX][0] 30:UECAPA [1853]->
[17:52:47.461] E0198057 00103081 43071244 913326CF A54EA14A A5EFDFBF 7E5EBFFF FFF83D7F
[17:52:47.468] FFFFF07A FFFFFFE0 F5FFFFFF C1EBFFFF FF83D7FF FFFF07AF FFFFFE0F 5FFFFFFC
[17:52:47.474] 1EBFFFFF F83D7FFF FFF07AFF FFFFE0F5 FFFFFFC1 EBFFFFFF 83D7FFFF FF07AFFF
[17:52:47.485] FFFE0F5F FFFFFC1E BFFFFFF8 3D7FFFFF F07AFFFF FFE0F5FF FFFFC1EB FFFFFF83
[17:52:47.492] D7FFFFFF 07AFFFFF FE0F5FFF FFFC1FF8 3FE26800 E6DE039E 40000000 1FEB8000
[17:52:47.498] 04060D0A 8597F000 00005F78 01801801 80180180 18018018 01801801 80180180
[17:52:47.503] 18018018 01801801 80180180 18018018 018210C0 0C108600 60843003 04218018
[17:52:47.510] 210C00C1 08600608 43003042 18018210 C00C1086 00608430 03042180 18210C00
[17:52:47.517] C1086006 08430030 42180182 10C00C10 86006084 30030421 8018210C 00C10860
[17:52:47.524] 06084300 30421801 8210C00C 10860060 84300304 21801821 0C00C108 60060843
[17:52:47.530] 00304218 018210C0 0C108600 60843003 04218018 210C00C1 08600608 43003042
[17:52:47.536] 18018210 C00C1086 00608430 03042180 18210C00 C1086006 08430030 4212D3E2
[17:52:47.542] 82EE0600 00208184 00082061 80020818 80008206 28002081 8C000820 63800208
[17:52:47.547] 19200082 06880020 81A40008 20698002 081B2000 8206D800 2081BE00 08207280
[17:52:47.553] 02081CE0 00820740 002081D2 00082075 0002081D E0008207 F8002081 FE000820
[17:52:47.559] 7F800208 1FE00082 06000024 83800008 2801040C 20004907 08001050 82081860
[17:52:47.564] 00920E18 0020A184 10310001 141C4000 41440820 62800248 38A00082 8A1040C6
[17:52:47.570] 00049071 80010518 20818E00 08A0E380 020A3841 03240012 41C90004 14908206
[17:52:47.577] 88002483 A200082A 21040D20 00490748 00105482 081A6000 920E9800 20A98410
[17:52:47.583] 36400124 1D900041 5908206D 8002483B 600082B6 1040DF00 049077C0 01057C20
[17:52:47.589] 81CA0009 20F28002 0B284103 9C001241 E7000416 70820740 002483D0 00082D01
[17:52:47.595] 040E9000 4907A400 105A4208 1D400092 0F500020 B504103B C001241E F000416F
[17:52:47.600] 08207F80 02483FE0 0082FE10 40FF0004 907FC001 05FC2081 FE000920 FF80020B
[17:52:47.606] F84103FC 001241FF 000417F0 82060008 24838000 08380000 82061008 24838400
[17:52:47.611] 08384000 82061808 24838600 08386000 82062004 22838800 08388000 82062808
[17:52:47.618] 24838A00 0838A000 82063008 24838C00 0838C000 82063804 22838E00 0838E000
[17:52:47.625] 82064808 24839200 08392000 82068808 2483A200 083A2000 82069008 2483A400
[17:52:47.633] 083A4000 82069808 2483A600 083A6000 8206C808 2483B200 083B2000 8206D808
[17:52:47.640] 2483B600 083B6000 8206F808 2483BE00 083BE000 82072808 2483CA00 083CA000
[17:52:47.646] 82073808 2483CE00 083CE000 82074008 2483D000 083D0000 82074808 2483D200
[17:52:47.653] 083D2000 82075008 2483D400 083D4000 82077808 2483DE00 083DE000 8207F808
[17:52:47.663] 2483FE00 083FE000 8207F808 2483FE00 083FE000 8207F808 2483FE00 083FE000
[17:52:47.673] 8207F808 2483FE00 083FE000 83DEBFFF FFF8397F FFFFF2FF FFFFE5FF FFFFCBFF
[17:52:47.681] FFFF97FF FFFF2FFF FFFE5FFF FFFCBFFF FFF97FFF FFF2FFFF FFE5FFFF FFCBFFFF
[17:52:47.691] FF97FFFF FF2FFFFF FE5FFFFF FCBFFFFF F97FFFFF F2FFFFFF E5FFFFFF CBFFFFFF
[17:52:47.703] 97FFFFFF 2FFFFFFE 5FFFFFFC BFFFFFF9 7FFFFFF2 FFFFFFE5 FFFFFFCB FFFFFF97
[17:52:47.715] FFFFFF2F FFFFFE5F FFFFFCBF FFFFF97F FFFFF2FF FFFFE5FF FFFFCBFF FFFF97FF
[17:52:47.726] FFFF2FFF FFFE5FFF FFFCBFFF FFF97FFF FFF2FFFF FFE5FFFF FFCBFFFF FF97FFFF
[17:52:47.739] FF2FFFFF FE5FFFFF FCBFFFFF F97FFFFF F2FFFFFF E5FFFFFF CBFFFFFF 97FFFFFF
[17:52:47.747] 2FFFFFFE 5FFFFFFC BFFFFFF9 7FFFFFF2 FFFFFFE5 FFFFFFCB FFFFFF97 FFFFFF2F
[17:52:47.753] FFFFFE5F FFFFFCBF FFFFF97F FFFFF2FF FFFFE5FF FFFFCBFF FFFF97FF FFFF2FFF
[17:52:47.766] FFFE5FFF FFFCBFFF FFF97FFF FFF2FFFF FFE5FFFF FFCBFFFF FF97FFFF FF2FFFFF
[17:52:47.780] FE5FFFFF FCBFFFFF F97FFFFF F2FFFFFF E5FFFFFF CBFFFFFF 97FFFFFF 2FFFFFFE
[17:52:47.786] 5FFFFFFC BFFFFFF9 7FFFFFF2 FFFFFFE5 FFFFFFCB FFFFFF97 FFFFFF2F FFFFFE5F
[17:52:47.794] FFFFFCBF FFFFF97F FFFFF2FF FFFFE5FF FFFFCBFF FFFF97FF FFFF2FFF FFFE5FFF
[17:52:47.806] FFFCBFFF FFF97FFF FFF2FFFF FFE5FFFF FFCBFFFF FF97FFFF FF2FFFFF FE5FFFFF
[17:52:47.814] FCBFFFFF F97FFFFF F2FFFFFF E5FFFFFF CBFFFFFF 97FFFFFF 2FFFFFFE 5FFFFFFD
[17:52:47.822] FFC80002 D083B800 0000FF80 000001FE 00000007 F8000000 03FE0000 000FFC00
[17:52:47.828] 00000000 0FF00000 003FC000 0000FFC0 000003FC 0000000F F0000000 00003FE0
[17:52:47.835] 0000007F 80000001 FE000000 00FF8000 0003FF00 00000000 03FC0000 000FF000
[17:52:47.843] 00003FF0 000000FF 00000003 FC000000 00007EE0 00000000 00000000 00000000
[17:52:47.856] 00000000 00000000 202020C0 21402160 00800020 00080002 00008000 20000800
[17:52:47.862] 02000080 00200008 00020000 80002000 08000200 00800020 00080002 002020A0
[17:52:47.868] 28080830 28320C02 140A1485 00858285 A1600080 00200008 00020000 80002000
[17:52:47.879] 08000200 00800020 00080002 00008000 20000800 02000080 00200008 00020020
[17:52:47.885] 20A02808 08302832 0C02140A 14850085 8285A172 8401E32D 300C2FFF FFFFDFFF
[17:52:47.893] F59B9420 08E00452 40000800 00412E68 022605EF 05001040 00100008 00000C10
[17:52:47.905] 41040043 94008000 82087220 01000021 830C0113 02F41022 00004080 64
[17:52:47.911] [L3API][H] pdu filter hw sbl 24->21 bcl10 120->105 add 0->0 red 0->0
[17:52:47.916] [L3API][H]  supportedBandCombination_v10i0 free - 0x856BD7A8
[17:52:47.927] [L3API][H]  supportedBandCombination_r10 free - 0x856AE758
[17:52:47.936] [L3API][H] eutra RunSrc:CFG->PDU
[17:52:47.941] [L3API][H] eutra reset: skip cfg overlay (OSS_DECODE)
[17:52:47.945] [L3API][H] eutra reset: cfg ca_mode=0 (NON_CA=0)
[17:52:47.949] [L3API][H] eutra reset: NON_CA - strip CA from run DB
[17:52:47.957] [L3API][H] eutra keep Non-CA BCL (ca_mode=0) r10 105->21 add 0->0 red 0->0
[17:52:47.965] [L3API][H] eutra reset: DB from PDU (sz=1853) RunSrc=PDU (no overlay)
[17:52:47.970] mrd: ca_band_combination_list()
[17:52:47.974] mrd: CA user_version : 0
[17:52:47.978] mrd: CA Band combination List file_ver:0, ucfg_user_ver:0
[17:52:47.982] mrd: /var/nr/param/capa/rrc_ca_combination_list_mode_none.bin : version match
[17:52:47.992] mrd: File(/var/nr/param/capa/rrc_ca_combination_list_working.bin) size : 330
[17:52:48.005] mrd: Create New CA Band Combination List File(/var/nr/param/capa/rrc_ca_combination_list_working.bin)
[17:52:48.016] mrd: ca disable index : 0
[17:52:48.021] mrd: Enable/Disable Enable_field among CA Band Combination List
[17:52:48.032] mrd: The Supported CA Band combination list not set.(user_ver(0)
[17:52:48.045] Modem IPC mode:
[17:52:48.050]   master_proc_idle=1
[17:52:48.054]   assert_level=3
[17:52:48.059]   sdu_prio=1
[17:52:48.063] Linux IPC mode:
[17:52:48.068]   proc_idle enabled=1(cpu=0)
[17:52:48.074]   assert_level=3(3)
[17:52:48.079]   sdu_prio=1(1)
[17:52:48.083] mrd: [mrd_db_device_info] MCC[001] MNC[012], MNC len(3), SVN(0)
[17:52:48.095] mrd: NR UICC INFORMATION INDICATION(DEV_IDX(1)
[17:52:48.099] mrd: USIM Status 1
[17:52:48.103] mrd: USIM Slot	0
[17:52:48.108] mrd: IMSI : 001012345678901
[17:52:48.114] mrd: IMEI : 123456798213141
[17:52:48.118] mrd: SV : 0
[17:52:48.122] mrd: ICCID : 89014103255041700619
[17:52:48.126] mrd: EID : 00000000000000000000000000000000
[17:52:48.132] mrautocm: [mrcm_uicc_info_ind] status from (0) to (1)
[17:52:48.138] mrd: [mrd_db_device_info] MCC[001] MNC[012], MNC len(3), SVN(0)
[17:52:48.144] mrd: NR UICC INFORMATION INDICATION(DEV_IDX(1)
[17:52:48.151] mrd: USIM Status 1
[17:52:48.155] mrd: USIM Slot	0
[17:52:48.158] mrd: IMSI : 001012345678901
[17:52:48.162] mrd: IMEI : 123456798213141
[17:52:48.166] mrd: SV : 0
[17:52:48.169] mrd: ICCID : [NV] +nv_write [mrd] NET(4) data=0x7f9a808010 offs=0xc7 size=0x1
[17:52:48.179] 89014103255041700619
[17:52:48.183] mrd: EID : 00000000000000000000000000000000
[17:52:48.192] mrautocm: [mrcm_uicc_info_ind] status from (0) to (1)
[17:52:48.198] mrd: DEVICE CONFIG SET RESPONSE(DEV_IDX(1) Result(0)
[17:52:48.207] mrd: [mrd_db_device_info] MCC[001] MNC[012], MNC len(3), SVN(0)
[17:52:48.217] mrd: NR UICC INFORMATION INDICATION(DEV_IDX(1)
[17:52:48.227] mrd: USIM Status 1
[17:52:48.233] mrd: USIM Slot	0
[17:52:48.238] mrd: IMSI : 001012345678901
[17:52:48.242] mrd: IMEI : 123456798213141
[17:52:48.246] mrd: SV : 0
[17:52:48.250] mrd: ICCID : 89014103255041700619
[17:52:48.256] mrd: EID : 00000000000000000000000000000000
[17:52:48.262] mrautocm: [mrcm_uicc_info_ind] status from (0) to (1)
[17:52:48.268] [NV] [LTE_NV] mrd Write Skip id=4(NET)
[17:52:48.276] [NV] -nv_write [mrd] NET(4) data=0x7f9a808010 offs=0xc7 size=0x1
[17:52:48.292] mrd: DEVICE CONFIG SET RESPONSE(DEV_IDX(1) Result(0)
[17:52:48.304] mrd: NR RRC CAPA SET RESPONSE(DEV_IDX(1))
[17:52:48.312] mrd: Result : 0
[17:52:48.317] mrd: NR RRC CAPA SET RESPONSE(DEV_IDX(1))
[17:52:48.324] mrd: Result : 0
[17:52:48.329] mrd: NR RRC CAPA SET RESPONSE(DEV_IDX(1))
[17:52:48.337] mrd: Result : 0
[17:52:48.342] mrd: LTE RRC CAPA SET RESP[NV] +nv_write [mrd] NET(4) data=0x7f9a808010 offs=0xc9 size=0x1
[17:52:48.357] ONSE(DEV_IDX(1))
[17:52:48.364] mrd: Result : 0
[17:52:48.368] [NV] [LTE_NV] mrd Write Skip id=4(NET)
[17:52:48.375] [NV] -nv_write [mrd] NET(4) data=0x7f9a808010 offs=0xc9 size=0x1
[17:52:48.391] mrd: SMS STORAGE CONFIG WRITE RESPONSE
[17:52:48.440] shell
[17:52:48.444] # mrd: ONLINE REQUEST ret=110
[17:52:48.453] mrd: run_lte_scr nr=0
[17:52:48.460] mrd: run_cm_online_request_thread() - init_complete
[17:52:48.470] mrd: [online_request]Watchdog First start
[17:52:48.482] mrbip: LTE PS INIT Completed
[17:52:48.489] mrautocm: MRAPI_UiccIdReadReq midType (0)
[17:52:48.499] mrautocm: [MRAPI_UiccIdReadReq]
[17:52:48.509] mrbip: Start
[17:52:48.515] mrd: [SERVER] new connection request
[17:52:48.526] mrd: lted_srv_alloc_client id=4
[17:52:48.535] mrd: [SERVER] assigns client index 4 proc=mratcm(1455)
[17:52:48.551] c00: gdm_irq_set_type: cpu=0 hwirq=99 type=4
[17:52:48.564] c00: set_affinity: irq=46(UART RX) cpu=0
[17:52:48.576] c00: gdm_irq_set_type: cpu=0 hwirq=98 type=4
[17:52:48.590] c00: set_affinity: irq=47(UART TX) cpu=0
[17:52:48.601] uart port[1] fc=0 cr=0000002b
[17:52:48.609] highd open nr=1
[17:52:48.616] gif_open mratcm 1/0
[17:52:48.623] mrd: [mrd_db_device_info] MCC[001] MNC[012], MNC len(3), SVN(0)
[17:52:48.676] mrd: NR UICC INFORMATION INDICATION(DEV_IDX(1)
[17:52:48.693] mrd: USIM Status 1
[17:52:48.703] mrd: USIM Slot	0
[17:52:48.728] mrd: IMSI : 001012345678901
[17:52:48.740] mrd: IMEI : 123456798213141
[17:52:48.759] mrd: SV : 0
[17:52:48.774] mrd: ICCID : 89014103255041700619
[17:52:48.783] mrd: EID : 00000000000000000000000000000000
[17:52:48.799] mrautocm: [mrcm_uicc_info_ind] status from (0) to (1)
[17:52:48.813] mrautocm: [MRAPI_S_GET_UsimOperator]
[17:52:48.824] mrautocm: [mrcm_uicc_info_ind] USIM Operator From (E_USIM_OPER_UNKNOWN) To(E_USIM_OPER_UNKNOWN)
[17:52:48.847] ifconfig
[17:52:48.853] br0       Link encap:Ethernet  HWaddr 00:0A:3B:FF:FF:01  
[17:52:48.869]           inet addr:192.168.0.1  Bcast:192.168.0.255  Mask:255.255.255.0
[17:52:48.891]           inet6 addr: fe80::942e:88ff:fea7:98d5/64 Scope:Link
[17:52:48.910]           UP BROADCAST RUNNING MULTICAST  MTU:1500  Metric:1
[17:52:48.924]           RX packets:98 errors:0 dropped:0 overruns:0 frame:0
[17:52:48.940]           TX packets:44 errors:0 dropped:0 overruns:0 carrier:0
[17:52:48.955]           collisions:0 txqueuelen:1000 
[17:52:48.964]           RX bytes:20057 (19.5 KiB)  TX bytes:3836 (3.7 KiB)
[17:52:48.974] lo        Link encap:Local Loopback  
[17:52:48.986]           inet addr:127.0.0.1  Mask:255.0.0.0
[17:52:48.996]           inet6 addr: ::1/128 Scope:Host
[17:52:49.006]           UP LOOPBACK RUNNING  MTU:65536  Metric:1
[17:52:49.019]           RX packets:0 errors:0 dropped:0 overruns:0 frame:0
[17:52:49.035]           TX packets:0 errors:0 dropped:0 overruns:0 carrier:0
[17:52:49.051]           collisions:0 txqueuelen:1000 
[17:52:49.061]           RX bytes:0 (0.0 B)  TX bytes:0 (0.0 B)
[17:52:49.075] usb0      Link encap:Ethernet  HWaddr 00:0A:3B:FF:FF:01  
[17:52:49.087]           inet6 addr: fe80::20a:3bff:feff:ff01/64 Scope:Link
[17:52:49.101]           UP BROADCAST RUNNING MULTICAST  MTU:1500  Metric:1
[17:52:49.113]           RX packets:100 errors:0 dropped:0 overruns:0 frame:0
[17:52:49.128]           TX packets:37 errors:0 dropped:0 overruns:0 carrier:0
[17:52:49.142]           collisions:0 txqueuelen:1000 
[17:52:49.154]           RX bytes:20510 (20.0 KiB)  TX bytes:5556 (5.4 KiB)
[17:52:49.171] # ping 192.168.0.1
[17:52:49.179] PING 192.168.0.1 (192.168.0.1): 56 data bytes
[17:52:49.191] 64 bytes from 192.168.0.1: seq=0 ttl=64 time=0.198 ms
[17:52:49.206] i2c 2-0047: deferred probe pending: (reason unknown)
[17:52:49.220] 64 bytes from 192.168.0.1: seq=1 ttl=64 time=0.078 ms
[17:52:50.232] 64 bytes from 192.168.0.1: seq=2 ttl=64 time=0.089 ms
[17:52:50.246] 64 bytes from 192.168.0.1: seq=3 ttl=64 time=0.051 ms
[17:52:50.558] $ (ctrl) Ctrl+C
[17:52:51.573] ^C
[17:52:51.578] --- 192.168.0.1 ping statistics ---
[17:52:51.585] 4 packets transmitted, 4 packets received, 0% packet loss
[17:52:51.589] round-trip min/avg/max = 0.051/0.104/0.198 ms
[17:52:52.896] $ ifconfig
[17:52:52.908] ifconfig
[17:52:52.912] br0       Link encap:Ethernet  HWaddr 00:0A:3B:FF:FF:01  
[17:52:52.916]           inet addr:192.168.0.1  Bcast:192.168.0.255  Mask:255.255.255.0
[17:52:52.920]           inet6 addr: fe80::942e:88ff:fea7:98d5/64 Scope:Link
[17:52:52.925]           UP BROADCAST RUNNING MULTICAST  MTU:1500  Metric:1
[17:52:52.931]           RX packets:163 errors:0 dropped:0 overruns:0 frame:0
[17:52:52.935]           TX packets:68 errors:0 dropped:0 overruns:0 carrier:0
[17:52:52.938]           collisions:0 txqueuelen:1000 
[17:52:52.941]           RX bytes:25136 (24.5 KiB)  TX bytes:5636 (5.5 KiB)
[17:52:52.945] lo        Link encap:Local Loopback  
[17:52:52.949]           inet addr:127.0.0.1  Mask:255.0.0.0
[17:52:52.955]           inet6 addr: ::1/128 Scope:Host
[17:52:52.961]           UP LOOPBACK RUNNING  MTU:65536  Metric:1
[17:52:52.965]           RX packets:8 errors:0 dropped:0 overruns:0 frame:0
[17:52:52.971]           TX packets:8 errors:0 dropped:0 overruns:0 carrier:0
[17:52:52.979]           collisions:0 txqueuelen:1000 
[17:52:52.984]           RX bytes:672 (672.0 B)  TX bytes:672 (672.0 B)
[17:52:52.990] usb0      Link encap:Ethernet  HWaddr 00:0A:3B:FF:FF:01  
[17:52:52.995]           inet6 addr: fe80::20a:3bff:feff:ff01/64 Scope:Link
[17:52:53.002]           UP BROADCAST RUNNING MULTICAST  MTU:1500  Metric:1
[17:52:53.007]           RX packets:169 errors:0 dropped:4 overruns:0 frame:0
[17:52:53.011]           TX packets:63 errors:0 dropped:0 overruns:0 carrier:0
[17:52:53.015]           collisions:0 txqueuelen:1000 
[17:52:54.022]           RX bytes:25765 (25.1 KiB)  TX bytes:8668 (8.4 KiB)
[17:52:55.338] $ lspci
[17:52:56.343] lspci
[17:52:57.656] $ cat /proc/interrupt
[17:52:58.669] cat /proc/interrupt
[17:52:58.674] cat: can't open '/proc/interrupt': No such file or directory
[17:53:10.537] $ (knock every 2s) 
[17:53:10.544] ROM(3a97301700)
[17:53:10.550] NCfg v=33a5 e=2 p=1 a=1
[17:53:10.555] ID: ad ac 80 16 20 
[17:53:10.558] BBT not found
[17:53:10.562] psbl 00000000 r=0 18737us
[17:53:10.566] c00 sec=0 fb=1 pll=1 lcs=0
[17:53:10.572] btmd=3 clk(50 1600 1300 100) r=0x660
[17:53:10.575] rr=0x0(POR)
[17:53:10.579] sbl r=0 s=8192,4096 r=0 518us
[17:53:10.585] sbl v=1 ea000003 4d4c4253 0000 1750 cf953058
[17:53:10.590] sbl sz=5968 csum ok 579us
[17:53:10.594] - JT j=1021000 r=696
[17:53:10.598] PBL: 2026-08-07 22:20:42 7c59084a(master)
[17:53:10.603]   Date: 2026-09-01 16:40:12
[17:53:10.609]   User: gct@CS-buildserver
[17:53:10.612]   Path: /home/gct/gct_workspace/dailybuild/repos/openwrt/builds/ast/build_dir/target-aarch64-openwrt-linux-gnu_glibc/sbl-gct-1.  Ver: 1.0.0
[17:53:10.623] btmd=3 rr=0x0(POR)
[17:53:10.627] arm=1300 sys=1600
[17:53:10.630] CMNNV hdr=01022774 act=0
[17:53:10.633]   hdr chksum	: 0x8d0007c4
[17:53:10.637]   magic		: 0xcafebabe
[17:53:10.641]   timstamp	: 0x00000032
[17:53:10.646]   data chksum	: 0xf4c70c89
[17:53:10.652]   data size	: 0x0003ffc0
[17:53:10.656] hdr[0] magic err 00000000(hdr)!=0xcafebabe
[17:53:10.662] hdr[1] magic err 00000000(hdr)!=0xcafebabe
[17:53:10.670] SBL hdr=01022b34 act=2
[17:53:10.674]   hdr chksum	: 0x7af20757
[17:53:10.679]   magic		: 0xcafebabe
[17:53:10.683]   timstamp	: 0x0000000c
[17:53:10.687]   data chksum	: 0xe75e31fb
[17:53:10.692]   data size	: 0x00096de4
[17:53:10.697] sbl image all invalid
[17:53:10.700] SBL r=0 s=114688 pre=0 vrl=0 r=0
[17:53:10.705] wdt=5s
[17:53:10.709] pbl go 01024800 r1723
[17:53:10.714] ȭO띆peri 2x=10303 1x=10707
[17:53:10.717] grf ver=2(0x7)
[17:53:10.721] afe pwr down
[17:53:10.725] SBL: 2026-08-07 22:20:42 7c59084a(master)
[17:53:10.732]   Date: 2026-09-01 16:40:11
[17:53:10.736]   User: gct@CS-buildserver
[17:53:10.741]   Path: /home/gct/gct_workspace/dailybuild/repos/openwrt/builds/ast/build_dir/target-aarch64-openwrt-linux-gnu_glibc/sbl-gct-1.  Ver: 1.2.0
[17:53:10.758]   Pkg: 1.11.0
[17:53:10.762]   GCC: 9.3.0
[17:53:10.765] btmd=3 rr=0x0(POR)
[17:53:10.769] arm=1600(vcc=8(0.850)) sys=1600(vcc=4(0.750)) ddr=3732
[17:53:10.777] pmic(0x32): 0x23->0x20
[17:53:10.781] gate-adj: {0,0,0,0}{9,9,9,9}
[17:53:10.786] read-adj: {1,0,0,0}{9,9,9,9}
[17:53:10.789] ddr_main CFG=1 ch=1 PDDS=1
[17:53:10.792] dynamic: pcg=0 sr=0 pd=0
[17:53:10.796] ihs_ddr_init(orbit) oic=2 warm=0
[17:53:10.799] reset ddr
[17:53:10.803] ddr bus @sys=1600: 2x=266 1x=66
[17:53:10.806] CH(0), period (20000)
[17:53:10.808] CH(0), period (20000)
[17:53:10.811] CH(0), period (536)
[17:53:10.814] CH(0), period (1072)
[17:53:10.817] CH(0), period (1250)
[17:53:10.820] CH(0), period (2500)
[17:53:10.823] CH(0), period (536)
[17:53:10.827] CH(0), period (1072)
[17:53:10.830] CH(0), period (1250)
[17:53:10.833] CH(0), period (2500)
[17:53:10.835] CH(0), period (536)
[17:53:10.838] MR: [5]=01 [6]=06 [7]=00 [8]=0a 
[17:53:10.841] ddr=3730 vdd1=13(1.800) vdd2=16(1.150) vddq=4(0.650)
[17:53:10.844] mem(0x80000000) test: ok(6ms)
[17:53:10.848] IDs: ad ac 80 16 20
[17:53:10.851]   blk=256
[17:53:10.855] NCfg v=3325 e=2 p=1 a=1
[17:53:10.858] ID: ad ac 80 16 20 
[17:53:10.862] BBT not found
[17:53:10.864] ------------------------
[17:53:10.867] Selected CMNNV Header (act : 0)
[17:53:10.871] ------------------------
[17:53:10.874] hdr chksum	: 0x8d0007c4
[17:53:10.878] magic		: 0xcafebabe
[17:53:10.881] timstamp	: 0x00000032
[17:53:10.885] data chksum	: 0xf4c70c89
[17:53:10.888] data size	: 0x0003ffc0
[17:53:10.891] ------------------------
[17:53:10.894] hdr magic err(0) 0x00000000 != (0xcafebabe)
[17:53:10.898] hdr magic err(1) 0x00000000 != (0xcafebabe)
[17:53:10.901] ------------------------
[17:53:10.904] Selected TFA Header (act : 2)
[17:53:10.908] ------------------------
[17:53:10.912] hdr chksum	: 0x6cc5070e
[17:53:10.915] magic		: 0xcafebabe
[17:53:10.919] timstamp	: 0x00000006
[17:53:10.922] data chksum	: 0x4ff8db55
[17:53:10.925] data size	: 0x00e13000
[17:53:10.928] ------------------------
[17:53:10.932] hdr magic err(0) 0x00000000 != (0xcafebabe)
[17:53:10.935] hdr magic err(1) 0x00000000 != (0xcafebabe)
[17:53:10.938] ------------------------
[17:53:10.942] Selected UBOOT Header (act : 2)
[17:53:10.946] ------------------------
[17:53:10.949] hdr chksum	: 0x00000000
[17:53:10.952] magic		: 0x00000000
[17:53:10.956] timstamp	: 0x00000000
[17:53:10.960] data chksum	: 0x00000000
[17:53:10.963] data size	: 0x00000000
[17:53:10.967] ------------------------
[17:53:10.970] tfa image all invalid
[17:53:10.973] TFA r=0 s=250191 r=0
[17:53:10.976] u-boot image all invalid
[17:53:10.979] uboot r=0 s=668624 r=0
[17:53:10.982] wdt=10s
[17:53:10.985] refx calibration result : dt,dcc 77, 43 : 0x1a4 = 0xfe03820, 0x1e8 = 0x0818060
[17:53:10.991] refx cal elapsed=305ms
[17:53:10.994] sbl go 80100000 r3ef3
[17:53:10.999] TF-A: 2026-08-29 00:00:10 bbef1a49(master)
[17:53:11.002]   Date: 2026/09/01-16:42:50
[17:53:11.005]   User: gct@CS-buildserver
[17:53:11.008]   Path: /home/gct/gct_workspace/dailybuild/repos/openwrt/builds/ast/build_dir/target-aarch64-openwrt-linux-gnu_glibc/uboot-gct-1.11.0/arm-trusted-firmware
[17:53:11.018]   Ver: 1.0.0
[17:53:11.022]   Pkg: 1.11.0
[17:53:11.025]   GCC: 13.3.0
[17:53:11.028]   Log-Level: 30
[17:53:11.031] EXC-V=8013c000
[17:53:11.035] TZCLK/TSG=1
[17:53:11.038] BL33 pc=0x80200800 spsr=0x3c9
[17:53:11.041] U-Boot 2021.07-gbbef1a49 (Oct 19 2025 - 16:37:45 +0000)
[17:53:11.045] U-Boot: 2026-08-29 00:00:10 bbef1a49(master) dual_sbl
[17:53:11.048]   Date: 2026-09-01 16:42:08
[17:53:11.051]   User: gct@CS-buildserver
[17:53:11.055]   Path: /home/gct/gct_workspace/dailybuild/repos/openwrt/builds/ast/build_dir/target-aarch64-openwrt-linux-gnu_glibc/uboot-gct-1.11.0
[17:53:11.063]   Ver: 1.2.0
[17:53:11.066]   Pkg: 1.11.0
[17:53:11.070]   GCC: 13.3.0
[17:53:11.073] DRAM:  512 MiB
[17:53:11.077] mem_malloc_init: start=0x9eff0000 sz=0x1010000
[17:53:11.080] copy text/data(0x01020800, 0x802a3b00, 208)
[17:53:11.084] set bss(0x010208d0 0)
[17:53:11.087] board init
[17:53:11.091] ETH_EN(GPF1[44]): 1(dflt)->0(set-low)->10ms->1(set-high)
[17:53:11.095] ETH_EN(GPE[11]): 1(dflt)->0(set-low)->10ms->1(set-high)
[17:53:11.099] ECID: S0=0x00000000 S1=0x00000000 S2=0x00000000
[17:53:11.103] copy from 0x802009d8 to 0x1030000 sz=0
[17:53:11.106] Device nand0 not found!
[17:53:11.110] mtdparts_init fail
[17:53:11.114] adjusted cmpu_par addr: 0x802a3bd0 -> 0x802a3be0
[17:53:11.117] NO CMPU magic(0x802a3be0: 0x33353135)
[17:53:11.120] PMIC DCDC off in sleep: 2 3 4 5 6 8
[17:53:11.123] NAND:  N-Cfg val=33a5 ecc=2 page=1 addr=1
[17:53:11.126]   chip=512MB
[17:53:11.129]   block=256KB
[17:53:11.132]   addr=5cyc
[17:53:11.135]   page=4KB
[17:53:11.139]   spare=256B
[17:53:11.142]   ecc=4bit
[17:53:11.145] Loading Environment from NAND(3)... OK
[17:53:11.149] In:    serial
[17:53:11.152] Out:   serial
[17:53:11.156] Err:   serial
[17:53:11.159] dtb: fixed pmic(revC)
[17:53:11.162] dtb: dis mmc
[17:53:11.166] Hit any key to stop autoboot:  1  0 
[17:53:11.171] do_run_modem: runmodem=0
[17:53:11.176] [CMNNV] map(0x00000000 0x00100000)
[17:53:11.179] [CMNNV] using block idx=0 addr=0x0 ts=0x32
[17:53:11.183] ************************
[17:53:11.186] CMNNV Header (act=0)
[17:53:11.189] ************************
[17:53:11.192] ------------------------
[17:53:11.196] hdr chksum  : 0x8d0007c4
[17:53:11.198] magic       : 0xcafebabe
[17:53:11.201] timstamp    : 0x00000032
[17:53:11.205] data chksum : 0xf4c70c89
[17:53:11.208] data size   : 0x0003ffc0
[17:53:11.210] ------------------------
[17:53:11.213] ************************
[17:53:11.216] SBL Header (act=2)
[17:53:11.220] ************************
[17:53:11.224] ------------------------
[17:53:11.227] hdr chksum  : 0x00000000
[17:53:11.230] magic       : 0x00000000
[17:53:11.233] timstamp    : 0x00000000
[17:53:11.236] data chksum : 0x00000000
[17:53:11.239] data size   : 0x00000000
[17:53:11.243] ------------------------
[17:53:11.246] ------------------------
[17:53:11.251] hdr chksum  : 0x00000000
[17:53:11.254] magic       : 0x00000000
[17:53:11.257] timstamp    : 0x00000000
[17:53:11.260] data chksum : 0x00000000
[17:53:11.263] data size   : 0x00000000
[17:53:11.267] ------------------------
[17:53:11.270] ************************
[17:53:11.275] TFA Header (act=2)
[17:53:11.279] ************************
[17:53:11.282] ------------------------
[17:53:11.286] hdr chksum  : 0x00000000
[17:53:11.289] magic       : 0x00000000
[17:53:11.292] timstamp    : 0x00000000
[17:53:11.296] data chksum : 0x00000000
[17:53:11.299] data size   : 0x00000000
[17:53:11.303] ------------------------
[17:53:11.307] ------------------------
[17:53:11.310] hdr chksum  : 0x00000000
[17:53:11.314] magic       : 0x00000000
[17:53:11.316] timstamp    : 0x00000000
[17:53:11.320] data chksum : 0x00000000
[17:53:11.323] data size   : 0x00000000
[17:53:11.326] ------------------------
[17:53:11.329] ************************
[17:53:11.332] U-boot Header (act=2)
[17:53:11.335] ************************
[17:53:11.338] ------------------------
[17:53:11.341] hdr chksum  : 0x00000000
[17:53:11.345] magic       : 0x00000000
[17:53:11.348] timstamp    : 0x00000000
[17:53:11.353] data chksum : 0x00000000
[17:53:11.356] data size   : 0x00000000
[17:53:11.359] ------------------------
[17:53:11.362] ------------------------
[17:53:11.366] hdr chksum  : 0x00000000
[17:53:11.370] magic       : 0x00000000
[17:53:11.373] timstamp    : 0x00000000
[17:53:11.376] data chksum : 0x00000000
[17:53:11.380] data size   : 0x00000000
[17:53:11.383] ------------------------
[17:53:11.387] ************************
[17:53:11.390] FDT Header (act=0)
[17:53:11.392] ************************
[17:53:11.440] ------------------------
[17:53:11.442] hdr chksum  : 0x5a970693
[17:53:11.446] magic       : 0xcafebabe
[17:53:11.449] timstamp    : 0x00000006
[17:53:11.453] data chksum : 0x6044e8f7
[17:53:11.455] data size   : 0x00005436
[17:53:11.459] ------------------------
[17:53:11.462] ------------------------
[17:53:11.466] hdr chksum  : 0x6a3d06ed
[17:53:11.469] magic       : 0xcafebabe
[17:53:11.473] timstamp    : 0x00000005
[17:53:11.476] data chksum : 0xfa09e6fd
[17:53:11.479] data size   : 0x0000542e
[17:53:11.483] ------------------------
[17:53:11.487] ************************
[17:53:11.490] Linux Header (act=0)
[17:53:11.493] ************************
[17:53:11.496] ------------------------
[17:53:11.500] hdr chksum  : 0x6cc5070e
[17:53:11.503] magic       : 0xcafebabe
[17:53:11.507] timstamp    : 0x00000006
[17:53:11.510] data chksum : 0x4ff8db55
[17:53:11.513] data size   : 0x00e13000
[17:53:11.517] ------------------------
[17:53:11.521] ------------------------
[17:53:11.528] hdr chksum  : 0x49350658
[17:53:11.531] magic       : 0xcafebabe
[17:53:11.535] timstamp    : 0x00000005
[17:53:11.541] data chksum : 0xf1632701
[17:53:11.547] data size   : 0x00e77000
[17:53:11.551] ------------------------
[17:53:11.556] ************************
[17:53:11.561] ROOT_FS Header (act=0)
[17:53:11.566] ************************
[17:53:11.570] ------------------------
[17:53:11.575] hdr chksum  : 0x450a0623
[17:53:11.579] magic       : 0xcafebabe
[17:53:11.584] timstamp    : 0x0000000a
[17:53:11.588] data chksum : 0x4fc3e143
[17:53:11.593] data size   : 0x03600000
[17:53:11.599] ------------------------
[17:53:11.603] ------------------------
[17:53:11.608] hdr chksum  : 0x1a9b0536
[17:53:11.613] magic       : 0xcafebabe
[17:53:11.617] timstamp    : 0x00000009
[17:53:11.621] data chksum : 0x4f21ff00
[17:53:11.626] data size   : 0x023c0000
[17:53:11.630] ------------------------
[17:53:11.635] ************************
[17:53:11.640] ZP Header (act=1)
[17:53:11.644] ************************
[17:53:11.648] ------------------------
[17:53:11.652] hdr chksum  : 0x40a70624
[17:53:11.657] magic       : 0xcafebabe
[17:53:11.661] timstamp    : 0x00000005
[17:53:11.665] data chksum : 0x9c373d1e
[17:53:11.669] data size   : 0x008ad116
[17:53:11.673] ------------------------
[17:53:11.677] ------------------------
[17:53:11.682] hdr chksum  : 0xc00b08e2
[17:53:11.686] magic       : 0xcafebabe
[17:53:11.691] timstamp    : 0x00000008
[17:53:11.695] data chksum : 0x9cccf6ed
[17:53:11.699] data size   : 0x008bbcc8
[17:53:11.704] ------------------------
[17:53:11.708] ************************
[17:53:11.713] NR1NV Header (act=1)
[17:53:11.717] ************************
[17:53:11.721] ------------------------
[17:53:11.726] hdr chksum  : 0x7af20757
[17:53:11.730] magic       : 0xcafebabe
[17:53:11.734] timstamp    : 0x0000000c
[17:53:11.738] data chksum : 0xe75e31fb
[17:53:11.743] data size   : 0x00096de4
[17:53:11.748] ------------------------
[17:53:11.753] ------------------------
[17:53:11.758] hdr chksum  : 0x7b260758
[17:53:11.763] magic       : 0xcafebabe
[17:53:11.767] timstamp    : 0x0000000d
[17:53:11.772] data chksum : 0xe75e31fb
[17:53:11.776] data size   : 0x00096de4
[17:53:11.780] ------------------------
[17:53:11.784] NAND read: device 0 offset 0x1c80000, size 0xe13800
[17:53:11.789]  14759936 bytes read: OK
[17:53:11.793] NAND read: device 0 offset 0x1280000, size 0x5436
[17:53:11.799]  21558 bytes read: OK
[17:53:11.803] c00: cpu_smc_handler: fid=c1000031 x1=0 x2=0 x3=0 x4=0
[17:53:11.808] ## Flattened Device Tree blob at 87000000
[17:53:11.813]    Booting using the fdt blob at 0x87000000
[17:53:11.819]    Loading Device Tree to 000000009ef62000, end 000000009efeafff ... OK
[17:53:11.826] Starting kernel at 80a00000(64) ...
[17:53:11.831] Booting Linux on physical CPU 0x0000000000 [0x412fd050] at EL1
[17:53:11.839] Linux version 6.12.49 (djkim@djkim) (arm64v8el-9.3-linux-uclibc-gcc.br_real (Buildroot 2020.02.4) 9.3.0, GNU ld (GNU Binutils) 2.32) #119 SMP Wed Sep  2 11:20:53 KST 2026
[17:53:11.857] KASLR disabled due to lack of seed
[17:53:11.863] Machine model: GCT GDM7275X
[17:53:11.868] BOOT=nand
[17:53:11.871] Memory limited to 512MB
[17:53:11.875] READ ONLY FILESYSTEM
[17:53:11.878] earlycon: gdmuart0 at MMIO32 0x0000000013100000 (options '')
[17:53:11.883] printk: legacy bootconsole [gdmuart0] enabled
[17:53:11.886] BOOT=nand
[17:53:11.890] dual_sbl=1
[17:53:11.894] tfa_ver=1.0.0
[17:53:11.898] FW Checksum: disable
[17:53:11.901] secure_boot=0
[17:53:11.904] Active linux : sbl
[17:53:11.908] Active rootfs: tfa
[17:53:11.912] Active tk    : zp2
[17:53:11.915] efi: UEFI not found.
[17:53:11.918] OF: reserved mem: Reserved memory: No reserved-memory node in the DT
[17:53:11.926] Zone ranges:
[17:53:11.930]   Normal   [mem 0x0000000080200000-0x000000009fffffff]
[17:53:11.937] Movable zone start for each node
[17:53:11.942] Early memory node ranges
[17:53:11.946]   node   0: [mem 0x0000000080200000-0x0000000083ffffff]
[17:53:11.953]   node   0: [mem 0x0000000094000000-0x000000009fffffff]
[17:53:11.959] Initmem setup node 0 [mem 0x0000000080200000-0x000000009fffffff]
[17:53:11.963] On node 0, zone Normal: 512 pages in unavailable ranges
[17:53:11.967] On node 0, zone Normal: 32768 pages in unavailable ranges
[17:53:11.971] psci: probing for conduit method from DT.
[17:53:11.975] psci: Using PSCI v0.1 Function IDs from DT
[17:53:11.978] percpu: Embedded 17 pages/cpu s31320 r8192 d30120 u69632
[17:53:11.983] pcpu-alloc: s31320 r8192 d30120 u69632 alloc=17*4096
[17:53:11.987] pcpu-alloc: [0] 0 [0] 1 [0] 2 [0] 3 
[17:53:11.992] Detected VIPT I-cache on CPU0
[17:53:11.995] CPU features: detected: Qualcomm erratum 1009, or ARM erratum 1286807, 2441009
[17:53:12.000] CPU features: detected: ARM errata 1165522, 1319367, or 1530923
[17:53:12.004] alternatives: applying boot alternatives
[17:53:12.008] Kernel command line: console=ttyS0,921600 boot=nand mem=512M ubi.mtd=19,4096 root=ubi0:rootfs ro rootfstype=ubifs mtdparts=gdm:1m(pbl),512k(secos),1m(sbl),1m(sbl2),1m(tfa),1m(tfa2),3m(uboot),3m(uboot2),1m(env),4m(nr1nv),2m(nr2nv),1m(fdt),1m(fdt2),2m(cmnnv),2m(cmnnv2),2m(crashlog),2m(reserved2),20m(linux),20m(linux2),100m(rootfs),100m(rootfs2),16m(zp),16m(zp2),32m(misc),156m(user) clk_ignore_unused maxcpus=1 earlycon=gdmuart,mmio32,0x13100000 debug loglevel=8 boot=nand attty=ttyS1 sbl_ver=1.2.0 dual_sbl=1 tfa_ver=1.0.0 bl_ver=1.2.0 checksum=disable secboot=0 active=sbl,tfa,uboot,fdt,linux,rootfs,zp2
[17:53:12.066] Unknown kernel command line parameters "attty=ttyS1 sbl_ver=1.2.0 bl_ver=1.2.0", will be passed to user space.
[17:53:12.073] Dentry cache hash table entries: 32768 (order: 6, 262144 bytes, linear)
[17:53:12.080] Inode-cache hash table entries: 16384 (order: 5, 131072 bytes, linear)
[17:53:12.088] Built 1 zonelists, mobility grouping on.  Total pages: 65024
[17:53:12.099] mem auto-init: stack:off, heap alloc:off, heap free:off
[17:53:12.105] software IO TLB: SWIOTLB bounce buffer size adjusted to 0MB
[17:53:12.111] software IO TLB: area num 4.
[17:53:12.117] software IO TLB: SWIOTLB bounce buffer size roundup to 1MB
[17:53:12.124] software IO TLB: mapped [mem 0x000000009f700000-0x000000009f800000] (1MB)
[17:53:12.131] SLUB: HWalign=64, Order=0-3, MinObjects=0, CPUs=4, Nodes=1
[17:53:12.139] rcu: Hierarchical RCU implementation.
[17:53:12.143] rcu: RCU calculated value of scheduler-enlistment delay is 100 jiffies.
[17:53:12.155] NR_IRQS: 64, nr_irqs: 64, preallocated irqs: 0
[17:53:12.163] Root IRQ handler: gdm_handle_irq
[17:53:12.169] set_smp_ipi_range ipi_base=1 n=8 nr_ipi=8
[17:53:12.173] rcu: srcu_init: Setting srcu_struct sizes based on contention.
[17:53:12.184] clkout:2
[17:53:12.188] c00: gdm_irq_set_type: cpu=0 hwirq=64 type=4
[17:53:12.196] c00: gdm_irq_set_type: cpu=0 hwirq=65 type=4
[17:53:12.203] c00: gdm_irq_set_type: cpu=0 hwirq=66 type=4
[17:53:12.212] c00: gdm_irq_set_type: cpu=0 hwirq=67 type=4
[17:53:12.218] c00: gdm_irq_set_type: cpu=0 hwirq=64 type=4
[17:53:12.223] arch_timer: cp15 timer(s) running at 50.00MHz (phys).
[17:53:12.232] clocksource: arch_sys_counter: mask: 0xffffffffffffff max_cycles: 0xb8812736b, max_idle_ns: 440795202655 ns
[17:53:12.246] sched_clock: 56 bits at 50MHz, resolution 20ns, wraps every 4398046511100ns
[17:53:12.256] Calibrating delay loop (skipped), value calculated using timer frequency.. 100.00 BogoMIPS (lpj=50000)
[17:53:12.268] pid_max: default: 32768 minimum: 301
[17:53:12.274] LSM: initializing lsm=capability
[17:53:12.279] Mount-cache hash table entries: 512 (order: 0, 4096 bytes, linear)
[17:53:12.284] Mountpoint-cache hash table entries: 512 (order: 0, 4096 bytes, linear)
[17:53:12.291] cacheinfo: Unable to detect cache hierarchy for CPU 0
[17:53:12.295] rcu: Hierarchical SRCU implementation.
[17:53:12.299] rcu: 	Max phase no-delay instances is 400.
[17:53:12.303] Build Info:
[17:53:12.306]   date: 2026-09-02 11:20:50
[17:53:12.309]   user: djkim@djkim
[17:53:12.313]   ver : 2026-08-03 21:44:59 8e04706492-dirty(master)
[17:53:12.317]   dtbv : gdm7275x-tethys3-ast-wifi.dtb - d55e375a63(test)
[17:53:12.322]   tfav: 1.0.0
[17:53:12.325]   pkgv: 1.00.3.0.0
[17:53:12.328]   appv: 1.00.3.0.0
[17:53:12.332]   src : /home/djkim/work/sdk/7275x/wifi/syn4384_lin6_crash
[17:53:12.338] Config Info:
[17:53:12.342]   PRODUCT: gdm7275x
[17:53:12.345]   COMPO_WIFI
[17:53:12.348]     MRVL_88W9098_PCI
[17:53:12.351]   HZ=1000
[17:53:12.354]   ARM_ARCH_TIMER
[17:53:12.358]   NET_NATQ_DEV_SKBQ
[17:53:12.362]   NET_VLANQ
[17:53:12.365]   VLAN_8021Q
[17:53:12.369]   MMC
[17:53:12.371]   PCI
[17:53:12.374]   ETH_GDM
[17:53:12.378]   USB_DWC3
[17:53:12.382]   NO ARM_DMA_MEM_BUFFERABLE
[17:53:12.387]   SMP(cpus=1)
[17:53:12.390]   HZ_PERIODIC
[17:53:12.438]   NAND_256KB
[17:53:12.442] rom=3a97301700
[17:53:12.446] rf_chip_id_val(0xfd)=0x0e000000 rev=2
[17:53:12.449] CPU: GDM7275X R2C [0x72750000]
[17:53:12.452] c00: id=0x412fd050
[17:53:12.456] c00: mpidr=0x0000000081000000
[17:53:12.461] c00: implementor=65
[17:53:12.465] c00: part_number=3333
[17:53:12.468] c00: cachetype=0x84448004
[17:53:12.472] RTC: primary(internal) osc
[17:53:12.475] pm_protocol_init(0x0103fc00/0xffffffa00103fc00)
[17:53:12.481] EFI services will not be available.
[17:53:12.486] smp: Bringing up secondary CPUs ...
[17:53:12.489] smp: Brought up 1 node, 1 CPU
[17:53:12.493] SMP: Total of 1 processors activated.
[17:53:12.498] CPU: All CPU(s) started at EL1
[17:53:12.501] CPU features: detected: 32-bit EL0 Support
[17:53:12.504] CPU features: detected: Data cache clean to the PoU not required for I/D coherence
[17:53:12.511] CPU features: detected: Common not Private translations
[17:53:12.517] CPU features: detected: CRC32 instructions
[17:53:12.521] CPU features: detected: RCpc load-acquire (LDAPR)
[17:53:12.529] CPU features: detected: LSE atomic instructions
[17:53:12.532] CPU features: detected: Privileged Access Never
[17:53:12.538] CPU features: detected: RAS Extension Support
[17:53:12.544] CPU features: detected: Speculative Store Bypassing Safe (SSBS)
[17:53:12.551] alternatives: applying system-wide alternatives
[17:53:12.559] Memory: 234852K/260096K available (8704K kernel code, 1544K rwdata, 2268K rodata, 1728K init, 562K bss, 23536K reserved, 0K cma-reserved)
[17:53:12.570] devtmpfs: initialized
[17:53:12.574] clocksource: jiffies: mask: 0xffffffff max_cycles: 0xffffffff, max_idle_ns: 1911260446275000 ns
[17:53:12.584] futex hash table entries: 1024 (order: 4, 65536 bytes, linear)
[17:53:12.590] 29008 pages in range for non-PLT usage
[17:53:12.594] 520528 pages in range for PLT usage
[17:53:12.598] pinctrl core: initialized pinctrl subsystem
[17:53:12.604] PMS_RESET_MODE: 0x0(POR)
[17:53:12.609] PMS_RESET_MODE: 0x0(cleared)
[17:53:12.614] ihs clock:
[17:53:12.616]   ref=50000000
[17:53:12.619]   sys=1600000000
[17:53:12.623]   cpu=1600000000
[17:53:12.626]     cpu_per_usec=1600
[17:53:12.630]     cpu_per_msec=1600000
[17:53:12.634]   peri=100000000
[17:53:12.637]   ddr=3730000000
[17:53:12.640] DMI not present or invalid.
[17:53:12.644] NET: Registered PF_NETLINK/PF_ROUTE protocol family
[17:53:12.651] DMA: preallocated 4096 KiB GFP_KERNEL pool for atomic allocations
[17:53:12.657] gct-sdhost-fixup: sd0_div_clk exists!
[17:53:12.660] hw-breakpoint: found 6 breakpoint and 4 watchpoint registers.
[17:53:12.663] ASID allocator initialised with 65536 entries
[17:53:12.668] usbcore: registered new interface driver usbfs
[17:53:12.671] usbcore: registered new interface driver hub
[17:53:12.675] usbcore: registered new device driver usb
[17:53:12.678] Bluetooth: Core ver 2.22
[17:53:12.682] NET: Registered PF_BLUETOOTH protocol family
[17:53:12.685] Bluetooth: HCI device and connection manager initialized
[17:53:12.689] Bluetooth: HCI socket layer initialized
[17:53:12.692] Bluetooth: L2CAP socket layer initialized
[17:53:12.696] Bluetooth: SCO socket layer initialized
[17:53:12.699] vgaarb: loaded
[17:53:12.703] clocksource: Switched to clocksource arch_sys_counter
[17:53:12.708] NET: Registered PF_INET protocol family
[17:53:12.711] IP idents hash table entries: 4096 (order: 3, 32768 bytes, linear)
[17:53:12.718] tcp_listen_portaddr_hash hash table entries: 256 (order: 0, 4096 bytes, linear)
[17:53:12.726] Table-perturb hash table entries: 65536 (order: 6, 262144 bytes, linear)
[17:53:12.734] TCP established hash table entries: 2048 (order: 2, 16384 bytes, linear)
[17:53:12.741] TCP bind hash table entries: 2048 (order: 4, 65536 bytes, linear)
[17:53:12.747] TCP: Hash tables configured (established 2048 bind 2048)
[17:53:12.755] UDP hash table entries: 256 (order: 1, 8192 bytes, linear)
[17:53:12.760] UDP-Lite hash table entries: 256 (order: 1, 8192 bytes, linear)
[17:53:12.764] NET: Registered PF_UNIX/PF_LOCAL protocol family
[17:53:12.769] PCI: CLS 0 bytes, default 64
[17:53:12.772] NIF: dt max-mtu=1500
[17:53:12.777] NIF: ip filter delta: icmp=5 udp=60 tcp=60
[17:53:12.780] netif ver: 1.1.2
[17:53:12.783] vlanq ver: 1.1.2 nsra=0
[17:53:12.786] Initialise system trusted keyrings
[17:53:12.790] workingset: timestamp_bits=62 max_order=16 bucket_order=0
[17:53:12.799] Key type asymmetric registered
[17:53:12.803] Asymmetric key parser 'x509' registered
[17:53:12.810] gdm-usb31-phy 13610000.usb31-phy: gdm_phy31_probe ver 1.0.0
[17:53:12.816] phy phy-13610000.usb31-phy.0: incomplete constraints, dummy supplies not allowed (id=phy)
[17:53:12.826] gdm7275x-pinctrl 10060000.pinctrl: no '' pin for IRQ.
[17:53:12.835] gpio gpiochip0: Static allocation of GPIO base is deprecated, use dynamic allocation.
[17:53:12.845] c00: gdm_irq_set_type: cpu=0 hwirq=82 type=4
[17:53:12.849] c00: gdm_irq_set_type: cpu=0 hwirq=83 type=4
[17:53:12.854] hw lock_reg:
[17:53:12.857]   active=110004c0
[17:53:12.862]   free  =110004c4
[17:53:12.866] gipc-protocol(ffffffc080fbd018): cpu0:0 va=ffffffc080fbd018, pa=81c00018 ver=1.10
[17:53:12.877] ipc init ch=0
[17:53:12.881] ipc ch[0]:CTRL, irb: va=ffffffc080fbd698-ffffffc080fbe418 pa=81c00698-81c01418
[17:53:12.889] ipc ch[0]:CTRL, irb_work: va=ffffffc080fbe428-ffffffc080fbed48 pa=81c01428-81c01d48
[17:53:12.898]   irb nr: tx=16(2080bytes) rx=128(2080bytes)
[17:53:12.903]    irb tx: va=ffffffc080fbd698-ffffffc080fbd818 pa=81c00698-81c00818
[17:53:12.909]    irb rx: va=ffffffc080fbd820-ffffffc080fbe420 pa=81c00820-81c01420
[17:53:12.915]   m-ch_enabled=0x1
[17:53:12.919] ipc init ch=28
[17:53:12.922] ipc ch[28]:DBG, irb: va=ffffffc080fbf018-ffffffc080fbfc48 pa=81c02018-81c02c48
[17:53:12.930] ipc ch[28]:DBG, irb_work: va=ffffffc080fbfc58-ffffffc080fc0498 pa=81c02c58-81c03498
[17:53:12.937]   irb nr: tx=2(2080bytes) rx=128(2080bytes)
[17:53:12.942]    irb tx: va=ffffffc080fbf018-ffffffc080fbf048 pa=81c02018-81c02048
[17:53:12.953]    irb rx: va=ffffffc080fbf050-ffffffc080fbfc50 pa=81c02050-81c02c50
[17:53:12.965]   m-ch_enabled=0x10000001
[17:53:12.969] IPC Ver: master(1.10) slave(0.0) driver=1.0.0
[17:53:12.978]   IPC_IF_RX_LIMIT=100
[17:53:12.983]   IPCIF_SMP
[17:53:12.988] Linux IPC mode:
[17:53:12.992]   proc_idle enabled=0(cpu=-1)
[17:53:13.001]   assert_level=3(3)
[17:53:13.008]   sdu_prio=0(0)
[17:53:13.013] c00: gdm_irq_set_type: cpu=0 hwirq=152 type=1
[17:53:13.022] IPCIF(v1.0.0) initialized: irq=43 hwirq=152
[17:53:13.032] c00: set_affinity: no online irq=43(IPC) cpu=1
[17:53:13.042] gdm_uart_init_port: line=0 irq=44 mapbase=0x0000000013100000 membase=ffffffc080ee3000 uartclk=100000000
[17:53:13.064] 13100000.serial: ttyS0 at �uart_trace_init line=0 size=1048576 early_pos=9792
[17:53:13.086] printk: legacy console [ttyS0] enabled
[17:53:13.095] printk: legacy console [ttyS0] enabled
[17:53:13.100] printk: legacy bootconsole [gdmuart0] disabled
[17:53:13.105] printk: legacy bootconsole [gdmuart0] disabled
[17:53:13.115] proc_serial_init proc_serial_entry=ffffff80028470c0
[17:53:13.123] gdm_uart_init_port: line=1 irq=46 mapbase=0x0000000013110000 membase=ffffffc080ee5000 uartclk=100000000
[17:53:13.141] 13110000.serial: ttyS1 at MMIO 0x13110000 (irq = 46, base_baud = 6250000) is a gdm-uart
[17:53:13.151] gdm_uart_init_port: line=2 irq=48 mapbase=0x0000000013120000 membase=ffffffc080eed000 uartclk=100000000
[17:53:13.162] 13120000.serial: ttyS2 at MMIO 0x13120000 (irq = 48, base_baud = 6250000) is a gdm-uart
[17:53:13.170] UART ver=0.5
[17:53:13.174] brd: module loaded
[17:53:13.177] GDM NAND Driver=v1.3.1 oraf
[17:53:13.181] gpio ecc=2
[17:53:13.185] Ecc : 4bit
[17:53:13.189] ecc.bits=4
[17:53:13.192] fault_ecc_nr=0
[17:53:13.198] ecc_chk_loop_nr=0
[17:53:13.202] [NAND] pagesize : 4K
[17:53:13.205] nand: device found, Manufacturer ID: 0xad, Chip ID: 0xac
[17:53:13.211] nand: Hynix NAND 512MiB 1,8V 8-bit
[17:53:13.215] nand: 512 MiB, SLC, erase size: 256 KiB, page size: 4096, OOB size: 256
[17:53:13.222] Bad block table found at page 131008, version 0x01
[17:53:13.227] Bad block table found at page 130944, version 0x01
[17:53:13.232] 25 cmdlinepart partitions found on MTD device gdm
[17:53:13.236] Creating 25 MTD partitions on "gdm":
[17:53:13.242] 0x000000000000-0x000000100000 : "pbl"
[17:53:13.250] 0x000000100000-0x000000180000 : "secos"
[17:53:13.255] 0x000000180000-0x000000280000 : "sbl"
[17:53:13.259] 0x000000280000-0x000000380000 : "sbl2"
[17:53:13.264] 0x000000380000-0x000000480000 : "tfa"
[17:53:13.269] 0x000000480000-0x000000580000 : "tfa2"
[17:53:13.274] 0x000000580000-0x000000880000 : "uboot"
[17:53:13.278] 0x000000880000-0x000000b80000 : "uboot2"
[17:53:13.282] 0x000000b80000-0x000000c80000 : "env"
[17:53:13.286] 0x000000c80000-0x000001080000 : "nr1nv"
[17:53:13.290] 0x000001080000-0x000001280000 : "nr2nv"
[17:53:13.294] 0x000001280000-0x000001380000 : "fdt"
[17:53:13.298] 0x000001380000-0x000001480000 : "fdt2"
[17:53:13.302] 0x000001480000-0x000001680000 : "cmnnv"
[17:53:13.306] 0x000001680000-0x000001880000 : "cmnnv2"
[17:53:13.310] 0x000001880000-0x000001a80000 : "crashlog"
[17:53:13.314] 0x000001a80000-0x000001c80000 : "reserved2"
[17:53:13.318] 0x000001c80000-0x000003080000 : "linux"
[17:53:13.322] 0x000003080000-0x000004480000 : "linux2"
[17:53:13.326] 0x000004480000-0x00000a880000 : "rootfs"
[17:53:13.330] 0x00000a880000-0x000010c80000 : "rootfs2"
[17:53:13.334] 0x000010c80000-0x000011c80000 : "zp"
[17:53:13.338] 0x000011c80000-0x000012c80000 : "zp2"
[17:53:13.342] 0x000012c80000-0x000014c80000 : "misc"
[17:53:13.346] 0x000014c80000-0x00001e880000 : "user"
[17:53:13.350] gdm-ether ver 1.6.1
[17:53:13.353]   ETH_CH=0
[17:53:13.357]   CLKOUT_EN_DFLT
[17:53:13.361] usbcore: registered new interface driver r8152
[17:53:13.365] usbcore: registered new interface driver cdc_ether
[17:53:13.373] usbcore: registered new interface driver cdc_eem
[17:53:13.377] usbcore: registered new interface driver cdc_ncm
[17:53:13.382] usbcore: registered new interface driver r8153_ecm
[17:53:13.387] gdm-pmc: power on host domain
[17:53:13.392] c00: cpu_smc_handler: fid=c1000001 x1=3 x2=0 x3=0 x4=0
[17:53:13.441] gdm-pmc: power on usb domain
[17:53:13.448] c00: cpu_smc_handler: fid=c1000001 x1=4 x2=0 x3=0 x4=0
[17:53:13.454] dwc3_probe entered
[17:53:13.458] gdm-pmc: power on usb domain
[17:53:13.463] c00: cpu_smc_handler: fid=c1000001 x1=4 x2=0 x3=0 x4=0
[17:53:13.467] gdm-pmc: power on host domain
[17:53:13.471] c00: cpu_smc_handler: fid=c1000001 x1=3 x2=0 x3=0 x4=0
[17:53:13.476] usb_state_init
[17:53:13.479] gdm-usb31-phy 13610000.usb31-phy: base 81480000
[17:53:13.483] gdm-usb31-phy 13610000.usb31-phy: configure protocol registers
[17:53:13.488] DWC3 probed
[17:53:13.493] i2c_dev: i2c /dev entries driver
[17:53:13.496] gdm-i2c 13250000.i2c: i2c bus frequency set to 400 KHz
[17:53:13.500] BUCK3: Bringing 750000uV into 800000-800000uV
[17:53:13.504] LDO2: Bringing 1800000uV into 2800000-2800000uV
[17:53:13.508] LDO6: Bringing 1500000uV into 2500000-2500000uV
[17:53:13.512] LDO10: Bringing 1000000uV into 1200000-1200000uV
[17:53:13.516] LDO13: Bringing 1050000uV into 1200000-1200000uV
[17:53:13.521] pmic 0x8: 0x80->0x80
[17:53:13.524] gdm-i2c 13250000.i2c: i2c-0: GDM I2C adapter
[17:53:13.528] gdm-i2c 13280000.i2c: i2c bus frequency set to 400 KHz
[17:53:13.532] gdm-i2c 13280000.i2c: i2c-2: GDM I2C adapter
[17:53:13.536] device-mapper: ioctl: 4.48.0-ioctl (2023-03-01) initialised: dm-devel@lists.linux.dev
[17:53:13.543] Bluetooth: HCI UART driver ver 2.3
[17:53:13.547] Bluetooth: HCI UART protocol H4 registered
[17:53:13.550] sdhci: Secure Digital Host Controller Interface driver
[17:53:13.555] sdhci: Copyright(c) Pierre Ossman
[17:53:13.559] sdhci-pltfm: SDHCI platform and OF driver helper
[17:53:13.563] c00: set_affinity: no online task=natq_thrd cpu=3
[17:53:13.568] natq ver: 0.8.2 qnr=8192
[17:53:13.571]   Thread
[17:53:13.574] ipv6q ver: 1.0.1
[17:53:13.578] lcq ver: 1.0
[17:53:13.581] ipip: IPv4 and MPLS over IPv4 tunneling driver
[17:53:13.588] Initializing XFRM netlink socket
[17:53:13.594] NET: Registered PF_INET6 protocol family
[17:53:13.598] Segment Routing with IPv6
[17:53:13.601] In-situ OAM (IOAM) with IPv6
[17:53:13.606] sit: IPv6, IPv4 and MPLS over IPv4 tunneling driver
[17:53:13.610] NET: Registered PF_PACKET protocol family
[17:53:13.615] NET: Registered PF_KEY protocol family
[17:53:13.618] Bridge firewalling registered
[17:53:13.622] 8021q: 802.1Q VLAN Support v1.8
[17:53:13.625] registered taskstats version 1
[17:53:13.628] Loading compiled-in X.509 certificates
[17:53:13.632] GDM HL IF(v0.7.4) initialized
[17:53:13.636] DMA ver 0.6
[17:53:13.639] MTD Crash partition /dev/mtd15
[17:53:13.646] ipc mux irb nr=128 bsize=4128
[17:53:13.650] ipc init ch=16
[17:53:13.653] ipc ch[16]:MUX, irb: va=ffffffc0815e5018-ffffffc0815e5cd8 pa=82400018-82400cd8
[17:53:13.659] ipc ch[16]:MUX, irb_work: va=ffffffc080fc04b8-ffffffc080fc0d58 pa=81c034b8-81c03d58
[17:53:13.667]   irb nr: tx=8(4128bytes) rx=128(4128bytes)
[17:53:13.672]    irb tx: va=ffffffc0815e5018-ffffffc0815e50d8 pa=82400018-824000d8
[17:53:13.677]    irb rx: va=ffffffc0815e50e0-ffffffc0815e5ce0 pa=824000e0-82400ce0
[17:53:13.684]   m-ch_enabled=0x10010001
[17:53:13.688] gdm7275x-pwm 132c0000.pwm: gdm7275x pwm driver probe
[17:53:13.692] gdm-pmc: power on pcie domain
[17:53:13.697] c00: cpu_smc_handler: fid=c1000001 x1=6 x2=0 x3=0 x4=0
[17:53:13.702] gdm-comphy 13820000.gdm-comphy: ref-clock rate:100000000
[17:53:13.707] gdm-comphy 13820000.gdm-comphy: PCIe clock rate(100000000)
[17:53:13.711] gdm-comphy 13820000.gdm-comphy: usxgmii clock rate(266666667)
[17:53:13.717] gdm-comphy 13820000.gdm-comphy: wlan power GPIO not configured, skipping
[17:53:13.722] phy phy-13820000.gdm-comphy.1: incomplete constraints, dummy supplies not allowed (id=phy)
[17:53:13.729] c00: gdm_irq_set_type: cpu=0 hwirq=192 type=4
[17:53:13.733] gdm-comphy 13820000.gdm-comphy: Single link: PCIe (1 lanes)
[17:53:13.738] cdns-pcie 16000000.pcie: host bridge /soc/pcie@16000000 ranges:
[17:53:13.744] cdns-pcie 16000000.pcie:       IO 0x0041000000..0x0041003fff -> 0x0000000000
[17:53:13.750] cdns-pcie 16000000.pcie:      MEM 0x0042000000..0x0042ffffff -> 0x0010000000
[17:53:13.756] cdns-pcie 16000000.pcie:   IB MEM 0x0080000000..0x009fffffff -> 0x0080000000
[17:53:13.764] gdm-comphy 13820000.gdm-comphy: SYS_PLL_DIV := 7078000
[17:53:13.769] gdm-comphy 13820000.gdm-comphy: PMA_CMN_DIV := 10707
[17:53:13.775] gdm-comphy 13820000.gdm-comphy: Wait pma_cmn_macro_pwr_en_ack
[17:53:13.781] gdm-comphy 13820000.gdm-comphy: pma_cmn_macro_pwr_enabled
[17:53:13.790] gdm-comphy 13820000.gdm-comphy: off(60260) val(2001)
[17:53:13.796] gdm-comphy 13820000.gdm-comphy: off(60140) val(8804)
[17:53:13.805] gdm-comphy 13820000.gdm-comphy: off(60188) val(1219)
[17:53:13.813] gdm-comphy 13820000.gdm-comphy: pma(0) off(60204) val(813e)
[17:53:13.826] gdm-comphy 13820000.gdm-comphy: pma(0) off(60214) val(3903)
[17:53:13.835] gdm-comphy 13820000.gdm-comphy: pma(0) off(60218) val(3b4b)
[17:53:13.848] gdm-comphy 13820000.gdm-comphy: pma(0) off(6021c) val(3b4b)
[17:53:13.859] gdm-comphy 13820000.gdm-comphy: pma(0) off(60220) val(b4b)
[17:53:13.870] gdm-comphy 13820000.gdm-comphy: pma(0) off(60244) val(23c)
[17:53:13.878] gdm-comphy 13820000.gdm-comphy: pma(0) off(60258) val(1)
[17:53:13.883] gdm-comphy 13820000.gdm-comphy: pma(0) off(60278) val(694d)
[17:53:13.891] gdm-comphy 13820000.gdm-comphy: pma(0) off(6027c) val(694d)
[17:53:13.901] gdm-comphy 13820000.gdm-comphy: pma(0) off(60354) val(7)
[17:53:13.905] gdm-comphy 13820000.gdm-comphy: pma(0) off(60358) val(8)
[17:53:13.912] gdm-comphy 13820000.gdm-comphy: pma(0) off(607e0) val(530)
[17:53:13.917] gdm-comphy 13820000.gdm-comphy: off(90000) val(430)
[17:53:13.922] gdm-comphy 13820000.gdm-comphy: pma(0) off(701bc) val(9f07)
[17:53:13.929] pma:0, lane cfg:1
[17:53:13.932] pma0_tx_deemphasis(2)
[17:53:13.935] [1;31m[kdj6724] gdm_comphy_phy_init(780) rx_termination 0<<12 [0m
[17:53:13.950] gdm-comphy 13820000.gdm-comphy: Wait until pipe_100_phy_status goes to low -> High-Z
[17:53:13.957] gdm-comphy 13820000.gdm-comphy: Wait until link0_clock_stable : 1 -> 0
[17:53:13.963] gdm-comphy 13820000.gdm-comphy: link0_clock_stabled
[17:53:13.969] gdm-comphy 13820000.gdm-comphy: wait for pma_cmn_pllc_locked
[17:53:13.977] gdm-comphy 13820000.gdm-comphy: pma_cmn_pllc_locked
[17:53:13.981] gdm-comphy 13820000.gdm-comphy: pma_cmn_ready
[17:53:13.986] gdm-comphy 13820000.gdm-comphy: pma_xcvr_plln_locked
[17:53:13.992] test_pcie_set_fc_credit(0)(addr=16100000)
[17:53:13.995] gdm-comphy 13820000.gdm-comphy: ****** Waiting for Link Training	 ******
[17:53:14.002] gdm-comphy 13820000.gdm-comphy: Link0 training timed out, reg=0x8000 (no PCIe device?)
[17:53:14.010] phy phy-13820000.gdm-comphy.1: phy init failed --> -110
[17:53:14.015] cdns-pcie 16000000.pcie: failed to init phy
[17:53:14.019] cdns-pcie 16000000.pcie: probe with driver cdns-pcie failed with error -110
[17:53:14.026] c00: gdm_irq_set_type: cpu=0 hwirq=104 type=4
[17:53:14.031] USIM Card Interface(usim0)
[17:53:14.035] [USIM0] : GDM USIM device driver (1.3.0)
[17:53:14.038]   PAIR_CMD
[17:53:14.042] c00: gdm_irq_set_type: cpu=0 hwirq=105 type=4
[17:53:14.048] USIM Card Interface(usim1)
[17:53:14.052] [USIM1] : GDM USIM device driver (1.3.0)
[17:53:14.056]   PAIR_CMD
[17:53:14.059] ubi0: attaching mtd19
[17:53:14.063] ubi0: scanning is finished
[17:53:14.067] ubi0: attached mtd19 (name "rootfs", size 100 MiB)
[17:53:14.072] ubi0: PEB size: 262144 bytes (256 KiB), LEB size: 253952 bytes
[17:53:14.078] ubi0: min./max. I/O unit sizes: 4096/4096, sub-page size 4096
[17:53:14.086] ubi0: VID header offset: 4096 (aligned 4096), data offset: 8192
[17:53:14.094] ubi0: good PEBs: 400, bad PEBs: 0, corrupted PEBs: 0
[17:53:14.104] ubi0: user volume: 1, internal volumes: 1, max. volumes count: 128
[17:53:14.115] ubi0: max/mean erase counter: 2/0, WL threshold: 4096, image sequence number: 2015018471
[17:53:14.126] ubi0: available PEBs: 0, total reserved PEBs: 400, PEBs reserved for bad PEB handling: 40
[17:53:14.142] ubi0: background thread "ubi_bgt0d" started, PID 1078
[17:53:14.149] gdm_mux_init
[17:53:14.153] clk: Not disabling unused clocks
[17:53:14.160] em_mode=0x00000c00:
[17:53:14.165] b[0]=REBOOT_ON_LINUX_CRASH(off)
[17:53:14.174] b[1]=REBOOT_ON_APP_CRASH(off)
[17:53:14.181] b[8]=REBOOT_ON_MODEM_CRASH(off)
[17:53:14.185] b[9]=REBOOT_ON_MODEM_WDT(off)
[17:53:14.189] b[10]=RELOAD_ON_MODEM_CRASH(ON)
[17:53:14.197] b[11]=RELOAD_ON_MODEM_WDT(ON)
[17:53:14.205] b[16]=RUN_CRASH_SH(off)
[17:53:14.210] hw_wd_start(15000/20000)
[17:53:14.215] md wd started: to=3000 du=10000
[17:53:14.218] PM: genpd: Not disabling unused power domains
[17:53:14.224] c00: gdm_irq_set_type: cpu=0 hwirq=97 type=4
[17:53:14.228] c00: set_affinity: irq=44(UART RX) cpu=0
[17:53:14.236] c00: gdm_irq_set_type: cpu=0 hwirq=96 type=4
[17:53:14.241] c00: set_affinity: irq=45(UART TX) cpu=0
[17:53:14.247] uart port[0] fc=0 cr=0000002b
[17:53:14.254] UBIFS (ubi0:0): Mounting in unauthenticated mode
[17:53:14.263] UBIFS (ubi0:0): recovery needed
[17:53:14.270] UBIFS (ubi0:0): recovery deferred
[17:53:14.276] UBIFS (ubi0:0): UBIFS: mounted UBI device 0, volume 0, name "rootfs", R/O mode
[17:53:14.283] UBIFS (ubi0:0): LEB size: 253952 bytes (248 KiB), min./max. I/O unit sizes: 4096 bytes/4096 bytes
[17:53:14.296] UBIFS (ubi0:0): FS size: 87867392 bytes (83 MiB, 346 LEBs), max 384 LEBs, journal size 9404416 bytes (8 MiB, 38 LEBs)
[17:53:14.307] UBIFS (ubi0:0): reserved for root: 0 bytes (0 KiB)
[17:53:14.311] UBIFS (ubi0:0): media format: w4/r0 (latest is w5/r0), UUID C6D979DA-F702-4818-9778-CBF9606FDB8E, small LPT model
[17:53:14.321] VFS: Mounted root (ubifs filesystem) readonly on device 0:16.
[17:53:14.329] devtmpfs: mounted
[17:53:14.333] Freeing unused kernel memory: 1728K
[17:53:14.337] Run /sbin/init as init process
[17:53:14.341]   with arguments:
[17:53:14.343]     /sbin/init
[17:53:14.347]   with environment:
[17:53:14.351]     HOME=/
[17:53:14.355]     TERM=linux
[17:53:14.358]     attty=ttyS1
[17:53:14.361]     sbl_ver=1.2.0
[17:53:14.365]     bl_ver=1.2.0
[17:53:14.368] Welcome to
[17:53:14.372]   G C T   L T E   M O D E M
[17:53:14.374] modprobe: module board not found in modules.dep
[17:53:14.378] backtrace info:
[17:53:14.382]   LIBC=uClibc
[17:53:14.386]   __SSP_ALL__
[17:53:14.389]   guard=0xefbeaddeefbeadde
[17:53:14.438]   inited=1
[17:53:14.441]   stack_corr_nr=0
[17:53:14.445]   load_nr=0
[17:53:14.449]   unload_nr=0
[17:53:14.452]   malloc_flags=0x0
[17:53:14.457] [NV] NV flash Device : NAND FLASH 
[17:53:14.463] [NV] nv_log mask: 0x0->0x3
[17:53:14.467] [NV] NVM_VER=3.0
[17:53:14.470] [NV] +nv_reload ucfg
[17:53:14.473] [NV] NR1NV(9) map(0x0 0x200000)
[17:53:14.479] [NV] [SEL-NV] NR1NV(9) hdr[0]: max_nv_size(0x96e24)
[17:53:14.486] [NV]   hchk=0x7af20757(0x7af20757-ok) magic=0xcafebabe(ok) hsize=0x40 ts=0xc
[17:53:14.496] [NV]   dchk=0xe75e31fb(0xe75e31fb-ok) dsize=0x96de4(ok)
[17:53:14.504] [NV] [SEL-NV] NR1NV(9) hdr[1]: max_nv_size(0x96e24)
[17:53:14.511] [NV]   hchk=0x7b260758(0x7b260758-ok) magic=0xcafebabe(ok) hsize=0x40 ts=0xd
[17:53:14.519] [NV]   dchk=0xe75e31fb(0xe75e31fb-ok) dsize=0x96de4(ok)
[17:53:14.527] [NV] NR1NV(9): active=1 map(0x0-0x200000) ts=0xd sz=0x96e24
[17:53:14.536] [NV] NR2NV(10) map(0x0 0x100000)
[17:53:14.542] [NV] [SEL-NV] NR2NV(10) hdr[0]: max_nv_size(0x19140)
[17:53:14.548] [NV]   hchk=0x2f8905b5(0x2f8905b5-ok) magic=0xcafebabe(ok) hsize=0x40 ts=0x4
[17:53:14.556] [NV]   dchk=0xeb592437(0xeb592437-ok) dsize=0x19100(ok)
[17:53:14.563] [NV] [SEL-NV] NR2NV(10) hdr[1]: max_nv_size(0x19140)
[17:53:14.570] [NV]   hchk=0x2bf30594(0x2bf30594-ok) magic=0xcafebabe(ok) hsize=0x40 ts=0x5
[17:53:14.584] [NV]   dchk=0x1f4024fa(0x1f4024fa-ok) dsize=0x19100(ok)
[17:53:14.592] [NV] NR2NV(10): active=1 map(0x0-0x100000) ts=0x5 sz=0x19140
[17:53:14.600] [NV] NR2NV Init active block [1]=0x100000
[17:53:14.604] [NV] CMNNV(13) map(0x0 0x100000)
[17:53:14.607] [NV] [SEL-NV] CMNNV(13) hdr[0]: max_nv_size(0x40000)
[17:53:14.613] [NV]   hchk=0x8d0007c4(0x8d0007c4-ok) magic=0xcafebabe(ok) hsize=0x40 ts=0x32
[17:53:14.621] [NV]   dchk=0xf4c70c89(0xf4c70c89-ok) dsize=0x3ffc0(ok)
[17:53:14.627] [NV] [SEL-NV] CMNNV(13) hdr[1]: max_nv_size(0x40000)
[17:53:14.632] [NV]   hchk=0x43340629(0x43340629-ok) magic=0xcafebabe(ok) hsize=0x40 ts=0x31
[17:53:14.639] [NV]   dchk=0x6880c1c(0x6880c1c-ok) dsize=0x3ffc0(ok)
[17:53:14.646] [NV] CMNNV(13): active=0 map(0x0-0x100000) ts=0x32 sz=0x40000
[17:53:14.652] [NV] CMNNV Init active block [0]=0x0
[17:53:14.655] [NV] ucfg nr1nv data read from CMNNV[1] timestamp=0xd
[17:53:14.661] [NV] NR1NV Init active block [1]=0x200000
[17:53:14.668] [NV] CMNNV2(14) map(0x0 0x100000)
[17:53:14.672] [NV] [SEL-NV] CMNNV2(14) hdr[0]: max_nv_size(0xa7c0)
[17:53:14.683] [NV] [SEL-NV] CMNNV2(14) hdr[1]: max_nv_size(0xa7c0)
[17:53:14.693] [NV] [SEL-NV-SET] CMNNV2(14) hdr[0]: max_nv_size(0xa7c0)
[17:53:14.699] [NV]   hchk=0x0(0x0-ok) magic=0x0(ng) hsize=0x0 ts=0x0
[17:53:14.705] [NV]   dchk=0x0(0x0-ok) dsize=0x0(ok)
[17:53:14.708] [NV] CMNNV2(14) : all block invalid(map 0x0-0x100000)
[17:53:14.719] [NV] -nv_reload ucfg
[17:53:14.724] [UCFG] ucfg(1.1) load xml:
[17:53:14.728] [UCFG]   var nr: conf=1037(918) fact=1037(918) perm=16(12)
[17:53:14.735] [UCFG]   def nr: conf=0 conf=0 conf=0
[17:53:14.738] Use normal log configuration
[17:53:14.744] +modprobe modem modem_bootp="product_id=0x0000, operator_id=0x0000"
[17:53:14.757] modem: loading out-of-tree module taints kernel.
[17:53:14.767] modem driver ver 1.0
[17:53:14.772]   base: 84100000
[17:53:14.776]   size: 0ff00000
[17:53:14.779]   param: 840fe000
[17:53:14.782] boot param: product_id=0x0000, operator_id=0x0000, boot_mode=0, gipc_phy_base=0x81c00018, mem_base=0x80000000, mem_size=0x20000000, compat=0x0, ipv6=1
[17:53:14.797] ---------------------
[17:53:14.802] hdr chksum  : 0x8d0007c4
[17:53:14.806] magic       : 0xcafebabe
[17:53:14.810] timstamp    : 0x00000032
[17:53:14.813] data chksum : 0xf4c70c89
[17:53:14.816] data size   : 0x0003ffc0
[17:53:14.820] ---------------------
[17:53:14.824] ---------------------
[17:53:14.827] hdr chksum  : 0x43340629
[17:53:14.831] magic       : 0xcafebabe
[17:53:14.836] timstamp    : 0x00000031
[17:53:14.839] data chksum : 0x06880c1c
[17:53:14.842] data size   : 0x0003ffc0
[17:53:14.846] ---------------------
[17:53:14.849] using block : 0, 0x0 
[17:53:14.852] map idx=0
[17:53:14.856] hdr idx: fs=0 zp=1 zpsize=9157832
[17:53:14.862] ts: fs=10 zp=8
[17:53:14.866] no such fw files!
[17:53:14.869]   /lib/firmware/tk.gz
[17:53:14.871]   /lib/firmware/tk.xz
[17:53:14.875] read from nand mtd=zp2(9159880)
[17:53:14.879] modem map info:
[17:53:14.883]   [0] pa(0000000084100000)
[17:53:14.886] ->va(ffffffc090000000)
[17:53:14.888] c00: decompress gzip(1f 8b) at ffffffc090000000... (9159880bytes)
[17:53:14.898] c00: decompress done 138404920bytes 1614ms ret=0
[17:53:14.902] modem start
[17:53:14.905] cpu_smc_powerdomain_up(pt=1, pd=0)
[17:53:14.909] c00: cpu_smc_handler: fid=c1000001 x1=1 x2=0 x3=0 x4=0
[17:53:14.916] enable cluster1-pll
[17:53:14.920] start_modem_cpu: done start=1
[17:53:14.925] -modprobe modem
[17:53:14.929] Thu Jan  1 00:00:05 UTC 1970
[17:53:14.933] cp: can't stat '/etc/sysconfig/lte/param/*': No such file or directory
[17:53:14.942] BL33 pc=0x84dae704 spsr=0x600002c5
[17:53:14.951] c10: psci_smc_handler: fid=84000000 x1=0 x2=0 x3=0 x4=0
[17:53:14.957] TK: gipc-protocol: cpu1:0 addr(v1)=0000000081c00018 magic=4054 ver(master=1.10 slave=1.11) proci=0 assertl=3
[17:53:14.971] TK: hw lock_reg:
[17:53:14.976] TK:   active=110004c0
[17:53:14.978] TK:   free  =110004c4
[17:53:14.982] TK: ipc config=00000004
[17:53:14.985] TK:   router-device
[17:53:14.989] TK: ipc init ch=0
[17:53:14.993] TK:   peer-genirq=1a111020(152)
[17:53:14.996] TK:   s-ch_enabled=0x10010001
[17:53:14.999] TK: ipc init ch=16
[17:53:15.002] TK:   peer-genirq=1a111020(152)
[17:53:15.005] TK:   s-ch_enabled=0x10010001
[17:53:15.009] TK: ipc init ch=28
[17:53:15.012] TK:   peer-genirq=1a111020(152)
[17:53:15.016] TK:   s-ch_enabled=0x10010001
[17:53:15.019] ipc modem boot done
[17:53:15.023] GDM Modem gdm7259x_board
[17:53:15.026] [Boot Param] error: token=9, ret=-54
[17:53:15.029] ============================================================================
[17:53:15.040]  [0] ZEPHYR OS v4.3.0 (v4.3.0-3049-g03924c3679: 192MB)
[17:53:15.044] ----------------------------------------------------------------------------
[17:53:15.051]  - gct@CS-buildserver
[17:53:15.054]  - 2026-08-31T22:51:44
[17:53:15.058]  - gdm7259x_nsa_192mb
[17:53:15.061] ============================================================================
[17:53:15.067] [MEM] WT DRAM zero initialized 0(0KB)bytes from 000000008d700000 to 000000008d700000
[17:53:15.073] [MEM] NCH DRAM zero initialized 35348240(34519KB)bytes from 000000008d700000 to 000000008f8b5f10
[17:53:15.083] [CHIP] GDM7259X(Rev.1C)
[17:53:15.087] [CLOCK] arm(1300.000MHz) 1x(100.000MHz)
[17:53:15.094] [MEM]  total : 0x84000000 - 0x90000000 (  192 MB)
[17:53:15.098] [MEM]  .init : 0x84100000 - 0x841068a8 (   27 kB)
[17:53:15.102] [MEM]  .text : 0x84100000 - 0x85587000 (21020 kB)
[17:53:15.106] [MEM]  .data : 0x85586600 - 0x8c4fe438 (114144 kB)
[17:53:15.111] [MEM]   .bss : 0x8b20b000 - 0x8c4c7a08 (19187 kB)
[17:53:15.115] I2C3 initialized
[17:53:15.119] Modem IPC mode:
[17:53:15.122]   master_proc_idle=0
[17:53:15.126]   assert_level=3
[17:53:15.129]   sdu_prio=0
[17:53:15.133] ########################################
[17:53:15.137] ####       Board Configuration      ####
[17:53:15.141] ########################################
[17:53:15.145] Operator: [0x0000]
[17:53:15.148] Product : [0x0000]
[17:53:15.151] LTE>====================================
[17:53:15.155] IPv6 mode:[0]
[17:53:15.158] ## UE CONFIG
[17:53:15.162]  - Combined attach : [0]
[17:53:15.165]  - UE CAPABILITY
[17:53:15.169] 	> UE Category  : [0 (0/0)]
[17:53:15.172] 	> AS Rel Num   : [0]
[17:53:15.176] 	> FGI          : FDD [00000000 00000000 00000000]
[17:53:15.179] 	>              : TDD [00000000 00000000 00000000]
[17:53:15.183] 	> ROHC         : [1]
[17:53:15.186] 	> eMBMS        : [0]
[17:53:15.190] 	> TM           : [00/00/00]
[17:53:15.193] NR>=====================================
[17:53:15.197] [console] gdm_uart0 enabled
[17:53:15.200] [console] crash enabled
[17:53:15.203] [console] gdm_ipc enabled
[17:53:15.206] ----------------------------------------------------------------------------
[17:53:15.212]  NR - FW ver: 0.1.0.0
[17:53:15.217] ----------------------------------------------------------------------------
[17:53:15.223]  Pkg: 1.11.0
[17:53:15.227] ----------------------------------------------------------------------------
[17:53:15.233] ----------------------------------------------------------------------------
[17:53:15.240]  LTE - FW ver: 0.3.5.0
[17:53:15.243] ----------------------------------------------------------------------------
[17:53:15.250] nv_checksum_info: 0
[17:53:15.253] nr driver ver 1.0
[17:53:15.256]   usl
[17:53:15.259] param_mtu=1500
[17:53:15.263] ipc init ch=1
[17:53:15.267] ipc ch[1]:SDU, irb: va=ffffffc082565018-ffffffc0825ad018 pa=83400018-83448018
[17:53:15.274] ipc ch[1]:SDU, irb_work: va=ffffffc0825e5018-ffffffc082615038 pa=83480018-834b0038
[17:53:15.282]   irb nr: tx=4096(2080bytes) rx=8192(2080bytes)
[17:53:15.286]    irb tx: va=ffffffc082565018-ffffffc08257d018 pa=83400018-83418018
[17:53:15.291]    irb rx: va=ffffffc08257d020-ffffffc0825ad020 pa=83418020-83448020
[17:53:15.297] ipc init ch=1
[17:53:15.300]   peer-genirq=1a111020(152)
[17:53:15.304]   s-ch_en a bml-ecdh=_0ena001d=03
[17:53:15.307] 010003
[17:53:15.310] NET DL:
[17:53:15.313]   irb->buffer=83de50f8
[17:53:15.316]   IPC_BUF_RSVD_SIZE=184(0xb8)
[17:53:15.320]   NET_IP_ALIGN=0
[17:53:15.322] start_net.sh
[17:53:15.326] VLANEN=0
[17:53:15.329] act=1
[17:53:15.332] Run start_br.sh
[17:53:15.335] local null ip=0.0.0.0 mask=0.0.0.0 00:00:00:00:00:00 en=0
[17:53:15.341] GDM_LOCAL_DEVIF=br0
[17:53:15.345] NIF: up(lo)
[17:53:15.348] [0] br0 addr=192.168.0.1 mask=255.255.255.0 local=192.168.0.1 bcast=192.168.0.255
[17:53:15.355] netif set local br0 ip=192.168.0.1 mask=255.255.255.0 00:00:00:00:00:00 en=0
[17:53:15.364] NIF: up(br0)
[17:53:15.368] brctl: iface eth0: No such device
[17:53:15.372] ifconfig: SIOCSIFADDR: No such device
[17:53:15.376] brctl: iface usb0: No such device
[17:53:15.381] ifconfig: SIOCSIFADDR: No such device
[17:53:15.385] Setting dhcp configuration..
[17:53:15.388] Internet Systems Consortium DHCP Server 4.1-ESV-R16-P2
[17:53:15.396] Copyright 2004-2022 Internet Systems Consortium.
[17:53:15.440] All rights reserved.
[17:53:15.445] For info, please visit https://www.isc.org/software/dhcp/
[17:53:15.449] Wrote 0 leases to leases file.
[17:53:15.453] Listening on LPF/br0/b6:3d:bd:51:a8:87/192.168.0.0/24
[17:53:15.458] Sending on   LPF/br0/b6:3d:bd:51:a8:87/192.168.0.0/24
[17:53:15.463] Sending on   Socket/fallback/fallback-net
[17:53:15.467] DTS_WIFI_STATUS=okay
[17:53:15.469] DTS_WIFI_VENDOR=synaptics
[17:53:15.473] DTS_WIFI_DEVICE=syn4384
[17:53:15.477] Activating Synaptics WIFI
[17:53:15.481] /etc/sysconfig/script/start_synaptics.sh: line 4: wifi: command not found
[17:53:15.486] 0xffffffa016400810: 00000000->0000001f
[17:53:15.491] bcmdhd: unknown parameter 'conf_path' ignored
[17:53:15.495] [dhd] _dhd_module_init: in Dongle Host Driver, version 103.20.62.47(20260702-1)(20260708-1)(6792bdc)
[17:53:15.504] /home/djkim/work/sdk/7275x/wifi/syn4384_lin6_crash/component/standalone/wifi/synaptics_4384/bcmdhd.103.20.x compiled on Sep  2 2026 at 11:21:38
[17:53:15.519] [dhd] KERNEL_VERSION = 6.12.49 (64bits)
[17:53:15.527] [dhd] STATIC-MSG) dhd_init_wlan_mem : prealloc ok for index 0: 2071552(2023K)
[17:53:15.539] [dhd] ======== Get GPIO from DTS(android,bcmdhd_wlan) ========
[17:53:15.545] [dhd] dhd_wlan_init_gpio: gpio_wl_reg_on=153
[17:53:15.549] [dhd] dhd_wifi_platform_load: Enter
[17:53:15.556] [dhd] Power-up adapter 'DHD generic adapter'
[17:53:15.561] [dhd] wifi_platform_set_power = 1, delay: 200 msec
[17:53:15.565] [dhd] ======== PULL WL_REG_ON(153) HIGH! ========
[17:53:15.569] [dhd] wifi_platform_set_power = 1, sleep done: 200 msec
[17:53:15.574] [dhd] wifi_platform_bus_enumerate device present 1
[17:53:15.578] [dhd] ======== Card detection to detect PCIE card! ========
[17:53:15.583] [dhd] Synaptics or Broadcom PCI device enumerated!
[17:53:15.588] [dhd] dhd_wifi_platform_load_pcie: dhd_bus_register failed err=-1
[17:53:15.595] [dhd] unregister wifi platform drivers
[17:53:15.598] [dhd] wifi_platform_set_power = 0, delay: 10 msec
[17:53:15.604] [dhd] ======== PULL WL_REG_ON(153) LOW! ========
[17:53:15.608] [dhd] wifi_platform_set_power = 0, sleep done: 10 msec
[17:53:15.613] [dhd] wifi_platform_bus_enumerate device present 0
[17:53:15.619] [dhd] ======== Card detection to remove PCIE card! ========
[17:53:15.625] [dhd] dhd_wlan_free_gpio: gpio_free(153) for WL_REG_ON
[17:53:15.630] [dhd] _dhd_module_init: Failed to load the driver, try cnt 1
[17:53:15.634] [dhd] ======== Get GPIO from DTS(android,bcmdhd_wlan) ========
[17:53:15.641] [dhd] dhd_wlan_init_gpio: gpio_wl_reg_on=153
[17:53:15.646] [dhd] dhd_wifi_platform_load: Enter
[17:53:15.656] [dhd] Power-up adapter 'DHD generic adapter'
[17:53:15.660] [dhd] wifi_platform_set_power = 1, delay: 200 msec
[17:53:15.668] [dhd] ======== PULL WL_REG_ON(153) HIGH! ========
[17:53:15.674] [dhd] wifi_platform_set_power = 1, sleep done: 200 msec
[17:53:15.685] [dhd] wifi_platform_bus_enumerate device present 1
[17:53:15.690] [dhd] ======== Card detection to detect PCIE card! ========
[17:53:15.701] [dhd] Synaptics or Broadcom PCI device enumerated!
[17:53:15.709] [dhd] dhd_wifi_platform_load_pcie: dhd_bus_register failed err=-1
[17:53:15.715] [dhd] unregister wifi platform drivers
[17:53:15.718] [dhd] wifi_platform_set_power = 0, delay: 10 msec
[17:53:15.724] [dhd] ======== PULL WL_REG_ON(153) LOW! ========
[17:53:15.732] [dhd] wifi_platform_set_power = 0, sleep done: 10 msec
[17:53:15.743] [dhd] wifi_platform_bus_enumerate device present 0
[17:53:15.749] [dhd] ======== Card detection to remove PCIE card! ========
[17:53:15.761] [dhd] dhd_wlan_free_gpio: gpio_free(153) for WL_REG_ON
[17:53:15.770] [dhd] _dhd_module_init: Failed to load the driver, try cnt 0
[17:53:15.780] [dhd] _dhd_module_init: Failed to load driver max retry reached**
[17:53:15.787] [dhd] STATIC-MSG) dhd_static_buf_exit : Enter
[17:53:15.792] [dhd] _dhd_module_init: Exit err=-1
[17:53:15.795] bcmdhd: unknown parameter 'conf_path' ignored
[17:53:15.804] [dhd] _dhd_module_init: in Dongle Host Driver, version 103.20.62.47(20260702-1)(20260708-1)(6792bdc)
[17:53:15.815] /home/djkim/work/sdk/7275x/wifi/syn4384_lin6_crash/component/standalone/wifi/synaptics_4384/bcmdhd.103.20.x compiled on Sep  2 2026 at 11:21:38
[17:53:15.832] [dhd] KERNEL_VERSION = 6.12.49 (64bits)
[17:53:15.837] [dhd] STATIC-MSG) dhd_init_wlan_mem : prealloc ok for index 0: 2071552(2023K)
[17:53:15.844] [dhd] ======== Get GPIO from DTS(android,bcmdhd_wlan) ========
[17:53:15.912] [dhd] dhd_wlan_init_gpio: gpio_wl_reg_on=153
[17:53:15.916] [dhd] dhd_wifi_platform_load: Enter
[17:53:15.920] [dhd] Power-up adapter 'DHD generic adapter'
[17:53:15.923] [dhd] wifi_platform_set_power = 1, delay: 200 msec
[17:53:15.927] [dhd] ======== PULL WL_REG_ON(153) HIGH! ========
[17:53:15.931] [dhd] wifi_platform_set_power = 1, sleep done: 200 msec
[17:53:15.935] [dhd] wifi_platform_bus_enumerate device present 1
[17:53:15.940] [dhd] ======== Card detection to detect PCIE card! ========
[17:53:15.944] [dhd] Synaptics or Broadcom PCI device enumerated!
[17:53:15.948] [dhd] dhd_wifi_platform_load_pcie: dhd_bus_register failed err=-1
[17:53:15.953] [dhd] unregister wifi platform drivers
[17:53:15.958] [dhd] wifi_platform_set_power = 0, delay: 10 msec
[17:53:15.961] [dhd] ======== PULL WL_REG_ON(153) LOW! ========
[17:53:15.969] [dhd] wifi_platform_set_power = 0, sleep done: 10 msec
[17:53:15.976] [dhd] wifi_platform_bus_enumerate device present 0
[17:53:15.982] [dhd] ======== Card detection to remove PCIE card! ========
[17:53:15.986] [dhd] dhd_wlan_free_gpio: gpio_free(153) for WL_REG_ON
[17:53:15.992] [dhd] _dhd_module_init: Failed to load the driver, try cnt 1
[17:53:15.996] [dhd] ======== Get GPIO from DTS(android,bcmdhd_wlan) ========
[17:53:16.001] [dhd] dhd_wlan_init_gpio: gpio_wl_reg_on=153
[17:53:16.136] [dhd] dhd_wifi_platform_load: Enter
[17:53:16.141] [dhd] Power-up adapter 'DHD generic adapter'
[17:53:16.145] [dhd] wifi_platform_set_power = 1, delay: 200 msec
[17:53:16.151] [dhd] ======== PULL WL_REG_ON(153) HIGH! ========
[17:53:16.158] [dhd] wifi_platform_set_power = 1, sleep done: 200 msec
[17:53:16.162] [dhd] wifi_platform_bus_enumerate device present 1
[17:53:16.166] [dhd] ======== Card detection to detect PCIE card! ========
[17:53:16.170] [dhd] Synaptics or Broadcom PCI device enumerated!
[17:53:16.175] [dhd] dhd_wifi_platform_load_pcie: dhd_bus_register failed err=-1
[17:53:16.181] [dhd] unregister wifi platform drivers
[17:53:16.184] [dhd] wifi_platform_set_power = 0, delay: 10 msec
[17:53:16.188] [dhd] ======== PULL WL_REG_ON(153) LOW! ========
[17:53:16.192] [dhd] wifi_platform_set_power = 0, sleep done: 10 msec
[17:53:16.196] [dhd] wifi_platform_bus_enumerate device present 0
[17:53:16.200] [dhd] ======== Card detection to remove PCIE card! ========
[17:53:16.205] [dhd] dhd_wlan_free_gpio: gpio_free(153) for WL_REG_ON
[17:53:16.210] [dhd] _dhd_module_init: Failed to load the driver, try cnt 0
[17:53:16.214] [dhd] _dhd_module_init: Failed to load driver max retry reached**
[17:53:16.219] [dhd] STATIC-MSG) dhd_static_buf_exit : Enter
[17:53:16.381] [dhd] _dhd_module_init: Exit err=-1
[17:53:16.390] insmod: can't insert '/lib/modules/6.12.49/updates/bcmdhd.ko': Operation not permitted
[17:53:16.439] Could not read interface wlan0 flags: No such device
[17:53:16.449] nl80211: Driver does not support authentication/association or connect commands
[17:53:16.455] nl80211: deinit ifname=wlan0 disabled_11b_rates=0
[17:53:16.461] Could not read interface wlan0 flags: No such device
[17:53:16.464] nl80211 driver initialization failed.
[17:53:16.470] wlan0: interface state UNINITIALIZED->DISABLED
[17:53:16.473] wlan0: AP-DISABLED 
[17:53:16.476] wlan0: CTRL-EVENT-TERMINATING 
[17:53:16.744] hostapd_free_hapd_data: Interface wlan0 wasn't started
[17:53:16.748] ifconfig: SIOCSIFADDR: No such device
[17:53:16.752] Loading simple NAT configuration..
[17:53:16.756] INTF=br0, WANINTF=nr0pdu3
[17:53:16.759] register ip_conntrack_cb
[17:53:16.762] <message>[NV] CRIT(cotra:1380): file=nv_7275x.c(304) cmn2_nv_read
[17:53:16.767] [NV] [cotra] invalid CMN2_PORT(id=1) magic
[17:53:16.771] [NV] +nv_write [cotra] CMN2_PORT(36) data=0x416010 part=36 size=0xa09
[17:53:16.776] [NV] cotra CMNNV2 Write Skip (3:CMN2_PORT, 0x0, 2569)
[17:53:16.781] [NV] -nv_write [cotra] CMN2_PORT(36) data=0x416010 part=36 size=0xa09
[17:53:16.815] Fail to Check DMZ Setting. Please, restart Command</message>
[17:53:16.912] 1970-01-01 00:00:08: (../../src/configfile.c.387) Warning: please add "mod_authn_file" to server.modules list in lighttpd.conf.  A future release of lighttpd 1.4.x will not automatically load mod_authn_file and lighttpd will fail to start up since your lighttpd.conf uses auth.backend = "htpasswd".
[17:53:16.938] Run usb_configfs.sh
[17:53:16.943] usbeth ENABLE=1, mode=0, serial cfg: gs0=0 gs1=0 dm0=0 dm1=0
[17:53:16.947] configfs-gadget.g1 gadget.0: HOST MAC 00:0a:3b:ff:ff:02
[17:53:17.070] configfs-gadget.g1 gadget.0: MAC 00:0a:3b:ff:ff:01
[17:53:17.075] set hostif=usb0 cnt=0
[17:53:17.079] net_mode=0
[17:53:17.082] udc: gadget start
[17:53:17.086] c00: gdm_irq_set_type: cpu=0 hwirq=208 type=4
[17:53:17.089] c00: set_affinity: no online irq=50(DWC3) cpu=2
[17:53:17.092] USB gadget configured: ETH=rndis.usb0, ACM count=0, UDC=13500000.dwc3
[17:53:17.096] IPV6Q LOG(00000004):
[17:53:17.176] ipv6q_enabled=0
[17:53:17.180] NET EMUL LOG(00000000):
[17:53:17.183]  NULL
[17:53:17.187] net_emul_mask=00000000
[17:53:17.190] net.core.rmem_max = 16777216
[17:53:17.194] net.core.wmem_max = 16777216
[17:53:17.198] net.ipv4.tcp_rmem = 4096 131072 16777216
[17:53:17.202] net.ipv4.tcp_wmem = 4096 131072 16777216
[17:53:17.206] net.ipv4.tcp_moderate_rcvbuf = 1
[17:53:17.214] mrd: mrd_lplog_start 
[17:53:17.218] [mrd_lplog] listening on 0.0.0.0:1011 (id=0, idx=0)
[17:53:17.224] [mrd_lplog] listening on 0.0.0.0:1012 (id=1, idx=1)
[17:53:17.228] [mrd_lplog] listening on 0.0.0.0:1013 (id=2, idx=2)
[17:53:17.236] [mrd_lplog] listening on 0.0.0.0:1014 (id=3, idx=3)
[17:53:17.248] [mrd_lplog] listening on 0.0.0.0:1015 (id=4, idx=4)
[17:53:17.254] [mrd_lplog] listening on 0.0.0.0:1016 (id=5, idx=5)
[17:53:17.263] [mrd_lplog] listening on 0.0.0.0:1017 (id=6, idx=6)
[17:53:17.271] [mrd_lplog] listening on 0.0.0.0:1018 (id=7, idx=7)
[17:53:17.279] [mrd_lplog] listening on 0.0.0.0:1019 (id=8, idx=8)
[17:53:17.285] [mrd_lplog] LP_LOG_ID_ULP0 telnet port:1011
[17:53:17.288] [mrd_lplog] LP_LOG_ID_ULP1 telnet port:1012
[17:53:17.295] [mrd_lplog] LP_LOG_ID_ULP2 telnet port:1013
[17:53:17.301] [mrd_lplog] LP_LOG_ID_ULP3 telnet port:1014
[17:53:17.308] [mrd_lplog] LP_LOG_ID_DLP0 telnet port:1015
[17:53:17.315] [mrd_lplog] LP_LOG_ID_DLP1 telnet port:1016
[17:53:17.322] [mrd_lplog] LP_LOG_ID_DLP2 telnet port:1017
[17:53:17.329] [mrd_lplog] LP_LOG_ID_DLP3 telnet port:1018
[17:53:17.335] [mrd_lplog] LP_LOG_ID_SLP  telnet port:1019
[17:53:17.338] mrd: nrd started
[17:53:17.341] Open shared map and Init mutex in mrd_main!!
[17:53:17.345] mrd: ***************************************
[17:53:17.396] mrd: *          NR DAEMON START           *
[17:53:17.448] mrd: ***************************************
[17:53:17.468] mrd: operator_id=0
[17:53:17.474] lowd open nr=1
[17:53:17.490] gif_open mrd 1/0
[17:53:17.503] [mrd] bentry delayed copy: b336(4)
[17:53:17.529] udc: connect: conn=1 discon=0 rtc=00062534
[17:53:17.535] Disable GPS Module ...
[17:53:17.541] Not Used
[17:53:17.547] RNDIS multi_pkt_tx_size: host=16384 nv=0 actual=16384 nr=10
[17:53:17.555] br0: port 1(usb0) entered blocking state
[17:53:17.560] br0: port 1(usb0) entered disabled state
[17:53:17.567] configfs-gadget.g1 gadget.0 usb0: entered allmulticast mode
[17:53:17.577] configfs-gadget.g1 gadget.0 usb0: entered promiscuous mode
[17:53:17.586] eth_open
[17:53:17.590] eth_start
[17:53:17.593] NIF: up(usb0)
[17:53:17.596] gif_mmap va=0x7fa6db7000 pa=0x9638a000 sz=8192
[17:53:17.604] mrd: TID list initialized.
[17:53:17.609] mrautocm: ucfg_retry : 0
[17:53:17.616] mrd: T-ID Feature Activation is Done.
[17:53:17.645] mrautocm: [LTE UCFG] cfun(0), manual(0)
[17:53:17.658] mrautocm: NR Search(Core:0, Selection Mode: 0, cellTypeMode: 0, Roam: 0)
[17:53:17.679] mrautocm: RAT (LTE NV: 0, NR NV: 0)
[17:53:17.687] mrautocm: [PLMN LTE] Core(0), Mode(0), CellType(0), Roam(0), List Num(0)
[17:53:17.705] mrautocm: [PLMN LTE] searchMode(0), MCC[0]=0, MCC[1]=0, MCC[2]=0
[17:53:17.719] mrautocm: [PLMN NR] Core(0), Mode(0), CellType(0), Roam(0), List Num(4)
[17:53:17.734] mrautocm: [PLMN NR] searchMode(0), MCC[0]=0, MCC[1]=0, MCC[2]=0
[17:53:17.745] mrautocm: [PLMN NR][MRU] Count(5)
[17:53:17.757] mrautocm: [PLMN NR][ARFCN](1/1), Band(26), ARFCN(172370)
[17:53:17.792] mrautocm: [PLMN NR][Band](1/1), Band(26)
[17:53:17.803] mrautocm: [PLMN NR][ARFCN Range](1/1), Band(26) ARFCN(from: 171800 to: 178800)
[17:53:17.819] mrautocm: CORE NET (LTE NV: 0, NR NV: 0)
[17:53:17.827] mrautocm: LTE PDN[1] Enable(1), Connect Order(1) Label(ims), Type(2), APN(IMS) PCO()
[17:53:17.845] mrautocm: LTE PDN[2] Enable(1), Connect Order(0) Label(admin), Type(2), APN(VZWADMIN) PCO()
[17:53:17.867] mrautocm: LTE PDN[3] Enable(1), Connect Order(2) Label(internet), Type(2), APN(V5GA01INTERNET) PCO()
[17:53:17.901] mrautocm: LTE PDN[4] Enable(1), Connect Order(0) Label(app), Type(2), APN(VZWAPP) PCO()
[17:53:17.923] mrautocm: LTE PDN[5] Enable(1), Connect Order(0) Label(emergency), Type(2), APN() PCO()
[17:53:17.993] mrautocm: LTE PDN[6] Enable(0), Connect Order(0) Label(enterprise), Type(2), APN(VZWCLASS6) PCO()
[17:53:18.056] mrautocm: LTE PDN[7] Enable(0), Connect Order(0) Label(b2b), Type(0), APN(VZWCLASS7) PCO()
[17:53:18.136] mrautocm: LTE PDN[8] Enable(0), Connect Order(0) Label(reserved3), Type(0), APN() PCO()
[17:53:18.246] mrautocm: NR PDU[1] Enable(0), Connect Order(0) Label(ims), Type(3), DNN(), PCO(), S-NSSAI(len:0 sst:00 sd:000000 mapped_sst:00 mapped_sd:000000)
[17:53:18.363] mrautocm: NR PDU[2] Enable(0), Connect Order(0) Label(admin), Type(3), DNN(), PCO(), S-NSSAI(len:0 sst:00 sd:000000 mapped_sst:00 mapped_sd:000000)
[17:53:18.458] mrautocm: NR PDU[3] Enable(1), Connect Order(1) Label(internet), Type(1), DNN(), PCO(), S-NSSAI(len:0 sst:00 sd:000000 mapped_sst:00 mapped_sd:000000)
[17:53:18.496] mrautocm: NR PDU[4] Enable(0), Connect Order(0) Label(app), Type(3), DNN(), PCO(), S-NSSAI(len:0 sst:00 sd:000000 mapped_sst:00 mapped_sd:000000)
[17:53:18.585] mrautocm: NR PDU[5] Enable(0), Connect Order(0) Label(emergency), Type(3), DNN(), PCO(), S-NSSAI(len:0 sst:00 sd:000000 mapped_sst:00 mapped_sd:000000)
[17:53:18.634] mrautocm: NR PDU[6] Enable(0), Connect Order(0) Label(enterprise), Type(3), DNN(), PCO(), S-NSSAI(len:0 sst:00 sd:000000 mapped_sst:00 mapped_sd:000000)
[17:53:18.686] mrautocm: NR PDU[7] Enable(0), Connect Order(0) Label(b2b), Type(3), DNN(), PCO(), S-NSSAI(len:0 sst:00 sd:000000 mapped_sst:00 mapped_sd:000000)
[17:53:18.722] mrautocm: NR PDU[8] Enable(0), Connect Order(0) Label(reserved), Type(3), DNN(), PCO(), S-NSSAI(len:0 sst:00 sd:000000 mapped_sst:00 mapped_sd:000000)
[17:53:18.786] mrautocm: [mrcm_ucfg_get_overheat] Overheat is disable. 
[17:53:18.823] mrautocm: [mrcm_process_temperature_set] Executing command: kern temp uintv 0
[17:53:18.939] enabled=1
[17:53:18.958] interval_sec=1(sec)
[17:53:18.987] user_interval_ticks=0/0(sec)
[17:53:19.013] log_enabled=0
[17:53:19.029] gif_to_ipc: delayed req 3335(2044)
[17:53:19.054] mrautocm: [IMS] Enable(0)
[17:53:19.085] usb0 set host mac: 00:0a:3b:ff:ff:02
[17:53:19.123] mrautocm: [EAP] PDU auth bypass pdu1 (0)
[17:53:19.157] mrautocm: [EAP] PDU auth bypass pdu2 (0)
[17:53:19.174] mrautocm: [EAP] PDU auth bypass pdu3 (0)
[17:53:19.191] mrautocm: [EAP] PDU auth bypass pdu4 (0)
[17:53:19.213] mrautocm: [EAP] PDU auth bypass pdu5 (0)
[17:53:19.235] mrautocm: [EAP] PDU auth bypass pdu6 (0)
[17:53:19.246] mrd: get_lted_keep_alive_setting, lted_keep_alive setting (enable=0, expired_time=0, max_retry_val=0)
[17:53:19.275] mrd: [SERVER] new connegif_to_ipc: delayed req 3335(2044)
[17:53:19.290] ction request
[17:53:19.295] mrd: lted_srv_alloc_client id=0
[17:53:19.304] mrautocm: [EAP] PDU auth bypass pdu7 (0)
[17:53:19.315] mrautocm: [EAP] PDU auth bypass pdu8 (0)
[17:53:19.325] mrd: [SERVER] assigns client index 0 proc=mratcm(1455)
[17:53:19.337] mrd: [SERVgif_to_ipc: delayed req 3335(2044)
[17:53:19.351] ER] new connection request
[17:53:19.359] mrd: lted_srv_alloc_client id=1
[17:53:19.368] mrd: [SERVER] assigns client index 1 proc=mrbip(1472)
[17:53:19.382] mrd: [SERVER] new connection request
[17:53:19.390] mrd: lted_srv_alloc_client id=2
[17:53:19.400] mrd: [SERVER] assigns client index 2 proc=cli(1512)
[17:53:19.439] mrd: [SERVER] new connection request
[17:53:19.448] mrd: lted_srv_alloc_client id=3
[17:53:19.458] mrd: [SERVER] assigngif_to_ipc: delayed req 3335(2044)
[17:53:19.478] s client index 3 proc=mrcm(1513)
[17:53:19.492] mrbip: lted_client_init_ex success (id: 1, client_identity : 0x00000000, pid (1472-mrbip) 
[17:53:19.556] mrbip: Wait LTE PS INIT..
[17:53:19.581] mrautocm: lted_client_init_ex success (id:gif_to_ipc: delayed req 3335(2044)
[17:53:19.646] gif_to_ipc: delayed req 3335(2044)
[17:53:19.665]  3, client_identity : 0x00000040, pid (1513-mrcm) 
[17:53:19.702] gif_to_ipc: delayed req 3335(2044)
[17:53:19.755] gif_to_ipc: delayed req 3335(2044)
[17:53:19.792] gif_to_ipc: delayed req 3335(2044)
[17:53:19.851] $ shell
[17:53:20.891] ef
[17:53:20.905] mrd: clearing done
[17:53:20.930] mrd: nr rf scr: access(/etc/sysconfig/script/lte_scr/rf/x_6)=-1
[17:53:20.949] mrd: NR  DEVICE INSERT(DEV_IDX(1))
[17:53:20.976] [NV_HCI] nv checksum is valid(0xc83f56f5/0xc83f56f5)
[17:53:21.025] [NVM] READ Head N_INFO         (7243,10,5a) - Status(0)
[17:53:21.061] [NVM] READ Head N_BCFG         (7243,10,5b) - Status(0)
[17:53:21.076] [NVM] READ Head N_RFCAL        (7243,18,48) - Status(0)
[17:53:21.090] [NVM] READ Head N_TCCAL        (7243,10,2b) - Status(0)
[17:53:21.104] [NVM] READ Head N_NETWORK      (0000,00,00) - Status(0)
[17:53:21.135] [NVM] Default NV Memory Write(4)
[17:53:21.148] [NVM] NV NETWORK DUMP
[17:53:21.155] [NVM] READ Head N_SAFE         (7243,10,31) - Status(0)
[17:53:21.166] [V_SIM]ProcNvBcfgData/gstVsimEnData:0
[17:53:21.176] default tdm log level=2 (NV:2)
[17:53:21.182] [MRM] [CHK]MRM: NVM_INIT_CMPL_IND 
[17:53:21.196] [CHK]UMM: NVM_INIT_CMPL_IND 
[17:53:21.203] [UMM_ERR] [V_SIM]eVSIM_Enabled::5 
[17:53:21.212] [UMM_ERR] (UMM_MODE_EMUL)/Virtual SIM :5 
[17:53:21.223] [UMM_ERR] [V_SIM]UMM_Update_AllCacheItems_forUSIM, eVSIM: :5 
[17:53:21.237] [MRM_UMM][UMM][UMM_UICC_ACT_IND] nMsgSize:24 
[17:53:21.248] [UMM_ERR] [V_SIM]Enter UMM_ACTIVE state  
[17:53:21.261]  LTE L1 initialize...
[17:53:21.272] l1_modem_init(restart=0,init=0)
[17:53:21.283] mrd: NR force_dhcp == 0
[17:53:21.288] mrd: Don't start DHCP procedure for IPv6/NAS mode. pdn_ip_type = 0, ip_alloc = 0
[17:53:21.305] mrd: clearing start - eps_id = 0xfeff
[17:53:21.313] mrd: clearing done
[17:53:21.319] c10: cpu_smc_handler: fid=c1000030 x1=0 x2=0 x3=0 x4=0
[17:53:21.330] c10: OIC_TZPROT: 00000000->ffffffff
[17:53:21.336]  =====   RF NV3  ====== 
[17:53:21.340] [CSI] INIT: STI=10239
[17:53:21.349] [rxm_meas_init] Disable Measuremnt
[17:53:21.359] [RXM_DM_InitDebugOption] INIT (1)
[17:53:21.369] [L1C] INIT2(RFFE=65542)
[17:53:21.378] l1_bb_ctrl(0)
[17:53:21.385] [NAS_CACHE] Access Control Class: 0x0001
[17:53:21.392] [NAS_CACHE] UE Operation Mode: 0x80 Length of MNC: 3
[17:53:21.438] [NAS_CACHE] NOT Available the UAC Access Identities Configuration EF
[17:53:21.448] [NAS_CACHE] Higher Priority PLMN search period (28800 Sec)
[17:53:21.458] Equivalent HPLMN 0: 0x00f110 
[17:53:21.463] Equivalent HPLMN 1: 0x130184 
[17:53:21.467] [NAS_CACHE] SUCI calculation is to be performed by the ME
[17:53:21.480] [NAS_CACHE] NOT Available Subscription identifier privacy support
[17:53:21.488] [NAS_CACHE] NOT Available the 5GS Operator PLMN List EF
[17:53:21.498] [NAS_CACHE] NOT Available the Routing Indicator EF
[17:53:21.504] [NAS_CACHE] [ERR] Read Failed for PNN EF <IN cacheReadEFPNN 5203>
[17:53:21.518] [NAS_CACHE] [ERR] Read Failed for OPL EF <IN cacheReadEFOPL 5227>
[17:53:21.534] [NAS_CACHE] NOT Available the Operator controlled signal threshold per access technology EF
[17:53:21.552] [NAS_CACHE] Requested the File Count: 29
[17:53:21.563] [FSM] [H] Cell DB:halfBank 317, blockFree 634, blockNo 634, blockSz 252
[17:53:21.580] L1_BandInfoNV: B1 B2 B3 B4 B5 B6 B7 B8 B10 B12 B13 B14 B17 B18 B19 B20 B25 B26 B28 B29 B30 B34 B38 B39 B40 B41 B42 B43 B48 B52 B66 B71 B77(x) B78(x)
[17:53:21.610] [L3API][H]  user FreqTable's init'd: 856AD8F8
[17:53:21.622] [IMC] [H]Supported Band: B1 B2 B3 B4 B5 B6 B7 B8 B10 B12 B13 B14 B17 B18 B19 B20 B25 B26 B28 B29 B30 B34 B38 B39 B40 B41 B42 B43 B48 B52 B66 B71
[17:53:21.647] [L3API] 	Max Layer: B71:4/1 B66:4/1
[17:53:21.659] [L3API] 	Max Layer: B52:4/2 B48:4/2 B43:4/2 B42:4/2 B41:4/1 B40:4/1 B39:4/1 B38:4/1 B34:4/1 B30:4/1
[17:53:21.679] [L3API][H] 	B29: not support UL
[17:53:21.685] [L3API] 	Max Layer: B29:4/0 B28:4/1 B26:4/1 B25:4/1 B20:4/1 B19:4/1 B18:4/1 B17:4/1 B14:4/1 B13:4/1
[17:53:21.702] [L3API] 	Max Layer: B12:4/1 B10:4/1 B8:4/1 B7:4/1 B6:4/1 B5:4/1 B4:4/1 B3:4/1 B2:4/1 B1:4/1
[17:53:21.719] [L3API][H] Init BC List - mode:0, count:32
[17:53:21.728] [L3API][H]  BandPair Count: 32 (640)
[17:53:21.736] [L3API][H]  MakeMimoBandComb:(B1:0x14)
[17:53:21.748] [L3API][H]  MakeMimoBandComb:(B2:0x14)(B3:0x14)(B4:0x14)(B5:0x14)(B6:0x14)(B7:0x14)(B8:0x14)(B10:0x14)(B12:0x14)([L3API][H]  MakeMimoBandComb:(B14:0x14)(B17:0x14)(B18:0x14)(B19:0x14)(B20:0x14)(B25:0x14)(B26:0x14)(B28:0x14)(B29[L3API][H]  MakeMimoBandComb:(B34:0x14)(B38:0x14)(B39:0x14)(B40:0x14)(B41:0x14)(B42:0x24)(B43:0x24)(B48:0x24)(B52[L3API][H]  MakeMimoBandComb:(B71:0x14)
[17:53:21.830] [L3API][E]  RRC_UE_EUTRA_Capability_v9a0_IEs is NULL
[17:53:21.844] [L3API][H] Set PHY Capability Parameters
[17:53:21.853] [L3API][H] 	multiClusterPUSCH_WithinCC (1)
[17:53:21.863] [L3API][H]  Support  B1 B2 B3 B4 B5 B6 B7 B8 B10 B12 B13 B1[NV] +nv_write [mrd] SAFE(5) data=0x7fa6d07010 offs=0x139a8 size=0x1
[17:53:21.889] 4 B17 B18 B19 B20 B25 B26 B28 B29 B30 B34 B38 B39 B40 [L3API][H] Set modifiedMPR_Behavior_r10 : 60 00 00 00 (32)
[17:53:21.912] [L3API][H] 	freqBandRetrieval (1)
[17:53:21.922] [L3API] 	Set dl_256QAM_r12: 1
[17:53:21.932] [L3API] 	Set ul_64QAM_r12 1
[17:53:21.940] [L3API][H]  set_db_capability_r12_rf : DL256-1, UL64-1 (32)
[17:53:21.954] [L3API][H]  set_db_capability_r13_rf : MaxCCs-1, ReducedINCComb-1, SkipFallbackComb-1
[17:53:21.972] [L3API][H] Default BCL cnt 32
[17:53:21.980] [L3API][H] 	[0] - 1(1) *
[17:53:21.984] [L3API][H] 	[1] - 1(2) *
[17:53:21.988] [L3API][H] 	[2] - 1(3) *
[17:53:21.992] [L3API][H] 	[3] - 1(4) *
[17:53:21.996] [L3API][H] 	[4] - 1(5) *
[17:53:22.001] [L3API][H] 	[5] - 1(6) *
[17:53:22.005] [L3API][H] 	[6] - 1(7) *
[17:53:22.009] [L3API][H] 	[7] - 1(8) *
[17:53:22.014] [L3API][H] 	[8] - 1(10) *
[17:53:22.020] [L3API][H] 	[9] - 1(12) *
[17:53:22.028] [L3API][H] 	[10] - 1(13) *
[17:53:22.033] [L3API][H] 	[11] - 1(14) *
[17:53:22.040] [L3API][H] 	[12] - 1(17) *
[17:53:22.048] [L3API][H] 	[13] - 1(18) *
[17:53:22.055] [L3API][H] 	[14] - 1(19) *
[17:53:22.063] [L3API][H] 	[15] - 1(20) *
[17:53:22.068] [L3API][H] 	[16] - 1(25) *
[17:53:22.072] [L3API][H] 	[17] - 1(26) *
[17:53:22.078] [L3API][H] 	[18] - 1(28) *
[17:53:22.083] [L3API][H] 	[19] - 1(29) :DB 64
[17:53:22.091] [L3API][H] 	[20] - 1(30) *
[17:53:22.100] [L3API][H] 	[21] - 1(34) *
[17:53:22.107] [L3API][H] 	[22] - 1(38) *
[17:53:22.112] [L3API][H] 	[23] - 1(39) *
[17:53:22.119] [L3API][H] 	[24] - 1(40) *
[17:53:22.126] [L3API][H] 	[25] - 1(41) *
[17:53:22.129] [L3API][H] 	[26] - 1(42) *
[17:53:22.133] [L3API][H] 	[27] - 1(43) *
[17:53:22.138] [L3API][H] 	[28] - 1(48) *
[17:53:22.145] [L3API][H] 	[29] - 1(52) *
[17:53:22.149] [L3API][H] 	[30] - 1(66) *
[17:53:22.156] [L3API][H] 	[31] - 1(71) *
[17:53:22.162] [L3API][H] Set modifiedMPR_Behavior_r10 : 60 00 00 00 (32)
[17:53:22.173] [L3API][H]  Making band combination list (31)
[17:53:22.182] [L3API][H]  supportedBandCombination_r10 malloc - 0x856AE758 (1984 * 31)
[17:53:22.197] [L3API] Set BC: 1(1), 0(0)
[17:53:22.203] [L3API] Set BC: 1(2), 0(0)
[17:53:22.210] [L3API] Set BC: 1(3), 0(0)
[17:53:22.216] [L3API] Set BC: 1(4), 0(0)
[17:53:22.223] [L3API] Set BC: 1(5), 0(0)
[17:53:22.229] [L3API] Set BC: 1(6), 0(0)
[17:53:22.237] [L3API] Set BC: 1(7), 0(0)
[17:53:22.244] [L3API] Set BC: 1(8), 0(0)
[17:53:22.247] [L3API] Set BC: 1(10), 0(0)
[17:53:22.250] [L3API] Set BC: 1(12), 0(0)
[17:53:22.254] [L3API] Set BC: 1(13), 0(0)
[17:53:22.258] [L3API] Set BC: 1(14), 0(0)
[17:53:22.263] [L3API] Set BC: 1(17), 0(0)
[17:53:22.268] [L3API] Set BC: 1(18), 0(0)
[17:53:22.276] [L3API] Set BC: 1(19), 0(0)
[17:53:22.281] [L3API] Set BC: 1(20), 0(0)
[17:53:22.285] [L3API] Set BC: 1(25), 0(0)
[17:53:22.289] [L3API] Set BC: 1(26), 0(0)
[17:53:22.294] [L3API] Set BC: 1(28), 0(0)
[17:53:22.298] [L3API] Set BC: 1(30), 0(0)
[17:53:22.304] [L3API] Set BC: 1(34), 0(0)
[17:53:22.313] [L3API] Set BC: 1(38), 0(0)
[17:53:22.318] [L3API] Set BC: 1(39), 0(0)
[17:53:22.324] [L3API] Set BC: 1(40), 0(0)
[17:53:22.330] [L3API] Set BC: 1(41), 0(0)
[17:53:22.335] [L3API] Set BC: 1(42), 0(0)
[17:53:22.342] [L3API] Set BC: 1(43), 0(0)
[17:53:22.348] [L3API] Set BC: 1(48), 0(0)
[17:53:22.356] [L3API] Set BC: 1(52), 0(0)
[17:53:22.364] [L3API] Set BC: 1(66), 0(0)
[17:53:22.368] [L3API] Set BC: 1(71), 0(0)
[17:53:22.372] [L3API][H]  Set SupportedBandCombination R10 (31 of 31)
[17:53:22.378] [L3API][H]  Set maxLayersMIMO_Indication_r12
[17:53:22.386] [L3API][H] Enable UL MIMO
[17:53:22.394] [L3API][H] TDD UL MIMO
[17:53:22.439] [L3API][H] Disable CA
[17:53:22.445] [L3API][H] Set modifiedMPR_Behavior_r10 : 60 00 00 00 (32)
[17:53:22.454] [L3API][H] Bit 13 : disabled
[17:53:22.461] [L3API][H] Bit 18 : disabled
[17:53:22.467] [L3API][H] Bit 13 : disabled
[17:53:22.475] [L3API][H] Bit 18 : disabled
[17:53:22.482] [L3API][H]  SetFgi: 1E9805FE 00000000 0000C1FF / 1E9805FE 00000000 0000C1FF
[17:53:22.495] [L3API][H]  SetFgi: FDD/TDD configured
[17:53:22.504] [L3API][H] Bit 13 : disabled
[17:53:22.511] [L3API][H] Bit 18 : disabled
[17:53:22.519] [L3API][H]  Set FGI Common (1E9805FE 00000000 0000C1FF)
[17:53:22.532] [L3API][H]  Set FGI F[NV] [LTE_NV] mrd Write Skip id=5(SAFE)
[17:53:22.545] [NV] -nv_write [mrd] SAFE(5) data=0x7fa6d07010 offs=0x139a8 size=0x1
[17:53:22.561] DD only (00000000 00000000 00000000)
[17:53:22.571] [L3API][H]  Set FGI TDD only (00000000 00000000 00000000)
[17:53:22.581] [L3API][H] Bit 13 : disabled
[17:53:22.589] [L3API][H] Bit 18 : disabled
[17:53:22.597] [L3API][H] Bit 13 : disabled
[17:53:22.605] [L3API][H] Bit 18 : disabled
[17:53:22.612] [L3API][H]  SetFgi: 1E9805FE 00000000 0000C1FF / 1E9805FE 00000000 0000C1FF
[17:53:22.626] [L3API][H]  SetFgi: FDD/TDD configured
[17:53:22.635] [L3API][H] Bit 13 : disabled
[17:53:22.639] [L3API][H] Bit 18 : disabled
[17:53:22.645] [L3API][H]  Set FGI Common (1E9805FE 00000000 0000C1FF)
[17:53:22.650] [L3API][H]  Set FGI FDD only (00000000 00000000 00000000)
[17:53:22.656] [L3API][H]  Set FGI TDD only (00000000 00000000 00000000)
[17:53:22.661] [L3API][H] BandNR: 0 (NR list not ready)
[17:53:22.666] [L3API][H]  set v1540:0  No NR supported band
[17:53:22.670] [L3API][H]  Set ul_RRC_Segmentation_r16
[17:53:22.678] [L3API][H] reset all default bcl
[17:53:22.682] [L3API][H]  default supportedBandCombination_v10i0 - 0x856BD7A8
[17:53:22.688] [L3API][H]  default supportedBandCombination_r10 - 0x856AE758
[17:53:22.695] [L3API][H] eutra seed: RunSrc=CFG
[17:53:22.700] [FSM] [L3>S][FSM_IMC_WaitInitialize__NASRRC_RRC_INITIALIZE_REQ] NASRRC_RRC_INITIALIZE_CNF
[17:53:22.711] [NL3] [H] Cell DB:halfBank 209, blockFree 418, blockNo 418, blockSz 764
[17:53:22.722] [32mNR_DB_SERV_CELL_DDCT(34) : 8780
[17:53:22.738] [0mL1_NrBandInfoNV:34
[17:53:22.746] filtering:
[17:53:22.749] [N3API]  user FreqTable's init'd: 856C8FD8
[17:53:22.757] [N3API] [CAPA-MEM][op-pre] pInfo=00000000 SBL(own=0 alloc=00000000) BCL.trk=0 FS.trk=0
[17:53:22.775] [N3API] [CAPA-MEM][cfg-cache] reset: empty
[17:53:22.784] [OTA RX:10240] 31:NRCAPA [2486]->
[17:53:22.792] E1A23000 47465A03 1F8D8387 20000160 93170001 83F0D802 6EFF8204 41020174
[17:53:22.805] 48005005 810A6260 04800000 86400035 68300018 01E81C79 0E7C0000 82FFE3F8
[17:53:22.822] FE3FF8FE 3F854408 000EDD00 01000100 01D00010 00100000 0140A626 01480000
[17:53:22.839] 08640003 56830001 801E81C7 90E7C000 082FFE3F 8FE3FF8F E3F85440 8000EDD8
[17:53:22.851] 00180018 001D8001 80018000 00140A62 60248000 00864000 35683000 1801E81C
[17:53:22.867] 790E7C00 0082DF03 C0DE0380 54008000 140A6260 34800000 86400035 68300018
[17:53:22.884] 01E81C79 0E7C0000 82FFE3F8 FE3FF8FE 3F854408 000EDC80 00800080 01C80008
[17:53:22.905] 00080000 0140A626 03C80000 08640003 56830001 801E81C7 90E7C000 082DE038
[17:53:22.928] 0DE03805 44080007 9C800080 00800001 40A62609 C8000008 64000356 83000180
[17:53:22.940] 1E81C790 E7C00008 2DE0380D E0380540 08000140 A6260CC8 00000864 00035683
[17:53:22.952] 0001801E 81C790E7 C000082D F83E0DE0 38054008 000140A6 260DC800 00mrd: UICC Activation done : driver open fail(-1)
[17:53:22.971] mrd: 
[17:53:22.976] UICC INDICATION(DEV_IDX(1))
[17:53:22.984] mrd: UICC ACTIVATED INDICATION
[17:53:22.991] mrautocm: [mrcm_ind_uicc_ind]
[17:53:23.000] mrautocm: UICC ACTIVATED INDICATION
[17:53:23.011] mrd: 
[17:53:23.016] INITIALIZATION PROTOCOL STACK RESPONSE(DEV_IDX(1))
[17:53:23.024] mrd: Result : 0
[17:53:23.027] mrd: WTD: LAPI_NotiArm1Reset : Hold[0]
[17:53:23.038] 086400
[17:53:23.042] 03568300 01801E81 C790E7C0 00082DF8 3E0DF83E 05400800 0140A636 12C80000
[17:53:23.058] 08640003 56830001 801E81C7 90E7C000 082BFF0F C3F0FFC3 F0FC1500 20000502
[17:53:23.072] 98D84F20 00002190 000D5A0C 0006007A 071E439F 000020AF FE3FEFFB FF8FFBFE
[17:53:23.085] 54408000 ACE40024 000E4002 40000014 0E636140 84800000 86400035 68300018
[17:53:23.093] 01E81C79 0E7C0000 82BFF8FF BFEFFE3F EFF95142 0003B760 00E000E0 0076000E
[17:53:23.102] 000E0000 01000200 00005029 89883200 00021900 00D5A0C0 006007A0 71E439F0
[17:53:23.108] 00020BFF 0FC3F0FF C3F0FC15 1020003B 76000600 06000760 00600060 00000502
[17:53:23.115] 98988D20 00002190 000D5A0C 0006007A 071E439F 000020B7 E0F83780 E0151020
[17:53:23.123] 002B6200 02000620 00200000 05029898 95200000 2190000D 5A0C0006 007A071E
[17:53:23.134] 439F0000 20BFF8FE 3F8FFE3F 8FE15002 00005029 89897200 00021900 00D5A0C0
[17:53:23.141] 006007A0 71E439F0 00020A40 09001500 20000503 98D89901 20000021 90000D5A
[17:53:23.149] 0C000600 7A071E43 9F000020 AEFE3FEF FBBF8FFB FE545080 00ACE000 20000E00
[17:53:23.157] 02000000 40008000 00140A63 626C8000 00864000 35683000 1801E81C 790E7C00
[17:53:23.167] 0082BBF8 FFBFEEFE 3FEFF951 420002B3 80008000 38000800 00010002 00000050
[17:53:23.173] 1E800E00 00000000 38040000 0000E020 00001003 80C00000 000E0380 00020038
[17:53:23.182] 2600000C 00E0C800 00200383 60000100 0E128000 0508384E 00001820 E1400000
[17:53:23.188] 60038820 0001400E 23000004 08389800 001820E2 68000061 07800001 C0200000
[17:53:23.194] E5EC41E0 00007010 00003963 10780000 1C060000 0E5CC41E 00000701 C0000387
[17:53:23.201] 10780000 1C130000 0E58C41E 00000706 C0000387 10780000 18250004 0220E000
[17:53:23.207] 0E128000 090441E0 0000709C 00003973 10780000 1C280000 0E1C41E0 00006118
[17:53:23.213] 00100883 8000388C 00002411 07800001 84A00041 63107800 00184B00 040220F0
[17:53:23.219] 00003898 00001CB1 883C0000 0E268000 072FE20F 00800380 800001C1 10780400
[17:53:23.225] 1C060000 0E5CC41E 01000701 C0000397 31078040 01C13000 00E58C41 E0100070
[17:53:23.233] 6C000039 7F107804 001C2500 000E0883 C0200mrd: ucfg Scramble (0)
[17:53:23.239] mrd: NRAPI_DeviceCfgSetReq Scramble (0)
[17:53:23.243] mrd: SET SCRAMBLE LOG : DISABLE
[17:53:23.247] 0E1 38000072 F620F008 00385000
[17:53:23.251] 001CBF88 3C02000C 23000201 10700407 11800004 8220F008 00309400 082C620F
[17:53:23.257] 00800389 800001CB 9883C020 00E26800 0072E620 F0100038 0C00001C B1883C04
[17:53:23.263] 000C1280 02011070 08070940 00048220 F0100038 4E00001C 11078080 01C28000
[17:53:23.269] 00E0883C 04000E26 0000072C 620F0100 0389A000 01CB9883 C06000E0 38000070
[17:53:23.276] 441E0300 0704C000 03943107 80C001C1 B00000E0 883C0600 0C128002 0110700C
[17:53:23.282] 07094000 048220F0 1800384E 00001C11 0780C001 82800040 220E0180 E1400000
[17:53:23.297] 90441E03 00061180 01058C41 C0301C46 00001258 C41E0300 06128001 058C41E0
[17:53:23.312] 3000612C 00100883 C06000E2 60000072 C620F018 00389A00 001CB988 3C07000C
[17:53:23.322] 12800201 10700E07 09400004 8220F01C 00384E00 001CB188 3C07000E 14000007
[17:53:23.329] 2E620F01 C0038980 0001C110 780E001C 4D00000E 5CC41E09 80060940 01008838
[17:53:23.335] 130384A0 00024110 78260018 27000402 20E04C0E 13800009 0441E098 0060A000
[17:53:23.342] 10088381 30385000 00241107 82600184 C0004022 0E04C0E2 60000090 441E0980
[17:53:23.348] 07134000 03963107 836001C2 70LTE LOG(000001c4): NOTI WARN2 WARN3 ERR
[17:53:23.354] 0000E5 CC41E0D8 0070A000 00397310 78360018
[17:53:23.360] 4A00040B 883C1B00 0C258002 01107836 001C4C00 000E5CC4 1E0D8007 13400003
[17:53:23.372] 97310784 A0018270 0040220E 0940E138 00009044 1E128006 11800100 88382503
[17:53:23.378] 88C00002 4110784A 00184A00 040220F0 94003096 00080441 E1280061 30001008
[17:53:23.387] 83825038 98000024 110784A0 01C4D000 00E5CC41 E1380070 A0000039 7310784E
[17:53:23.393] 00184600 040220E0 9C0E2300 00090441 E1380061 28001008 83C27000 C2580020
[17:53:23.439] 110784E0 01C4C000 00E0883C 27000E26 8000072E 620F0A00 0388C000 01CB9883
[17:53:23.448] C28000C2 50002011 07850001 84B00040 220F0A00 03898000 01CB9883 C28000E2
[17:53:23.454] 68000072 E620F118 00389800 001CB188 3C46000E 26800007 2C620E12 80E26800
[17:53:23.460] 0092C620 F1300030 9A00082C 620E1300 E2680000 92C620F0 00003000 00080441
[17:53:23.466] E0100060 0800101C 41E03000 60180010 0883C280 00C14000 207E20F1 1800308C
[17:53:23.472] 00080441 E2600061 3000101C 41E26800 61340010 2E2070A0 208050B8 81C4C082
[17:53:23.478] 0141C40E 2684100A 0E5A4000 0404C4F4 00000000 00000000 00023011 8000008C
[17:53:23.485] 04608020 08020080 20080200 80200802 00802008 02008020 08020080 20080200
[17:53:23.492] 80200802 00802008 02008020 08020080 20080200 80200802 00802008 02008020
[17:53:23.500] 08020080mrd: cm_set_smsCfgWriteReq()
[17:53:23.504] mrd: cm_set_RaDeploymentReq()
[17:53:23.507] mrd: get_load_capa_pdu_uper_file(1) - isFirstChunk=1
[17:53:23.513] mrd: read_rrc_capa_pdu_chunk(/var/nr/param/capa/UE_MRDC_Capability.uper) - (0~10224)/fileSize(12134)
[17:53:23.520] 81 01 41 ED 88 2C 08 03 80 40 00 00 01 10 58 20 ....
[17:53:23.524] mrd: cm_set_NRUERadioCapaReq()
[17:53:23.528] mrd: get_load_capa_pdu_uper_file(1) - isFirstChunk=0
[17:53:23.534] mrd: read_rrc_capa_pdu_chunk(/var/nr/param/capa/UE_MRDC_Capability.uper) - (10224~12134)/fileSize(12134)
[17:53:23.549] 03 80 00 01 C0 60 00 01 60 88 6C 08 01 20080200 80200802 00802008 02008020 08020080 20080200 80200802
[17:53:23.558] 00802008 02008020 08020080 20080200 80200802 00802008 02008020 08020080
[17:53:23.564] 20080200 0000036C 7A000000 00000000 00004000 02040000 00000000 00000000
[17:53:23.569] 00000000 00000000 00000000 00000000 00000000 00000000 00000000 00000000
[17:53:23.576] 00000000 00000000 00000000 00000000 00000000 00000000 00000000 00000000
[17:53:23.588] 00000000 00000000 00000000 00000000 00000000 07EFFFFF C6600007 00050382
[17:53:23.596] 80381804 200C03C0 D0000000 00000000 04000000 04000000 03000000 02000000
[17:53:23.601] 01400000 00C00000 00700000 00400000 00240000 00140000 000B0000 00060000
[17:53:23.611] 000340D6 4ED60ED6 8ED648D6 08D64AD6 0AD646D6 06D64CD6 0CD68CD6 54D694D0
[17:53:23.618] 30100000 6DB6D040 0005B6DB 41000026 DB6D0400 00DB6DB4 1000046D B6D04000
[17:53:23.625] 15B6DB41 000066DB 6D040001 DB6DB410 00086DB6 D0400025 B6DB4100 00A6DB6D
[17:53:23.633] 040002DB 6DB41000 0C6DB6D0 3149EAA8 3D5547AA A475540E AA92D550 5AAA4D55
[17:53:23.646] 41AAAA35 552AAAA9 55548EA0 14005002 00600801 40180300 18040090 0A014006
[17:53:23.654] 01802403 80500180 80090120 14006018 03403807 00280A01 10160260 30050014
[17:53:23.665] 0680B802 00501C03 02020200 68080801 A1010100 34040400 00808080 00020200
[17:53:23.671] 68004040 0D1AA030 401032F6 70000000 014A2000 0420
[17:53:23.680] [N3API] init_BCL param - 122
[17:53:23.685] [N3API] RF bit_mask : a2 00 00 00 00
[17:53:23.690] [N3API] [CAPA-MEM][post-decode] pInfo=00000000 SBL(own=0 alloc=00000000) BCL.trk=0 FS.trk=0
[17:53:23.705] [N3API] nr pdu filter hw=26 sbl 17->15 bcl 122->108
[17:53:23.715] [N3API] [CAPA-MEM][DB-set] pInfo=856c9dd8 SBL(own=0 alloc=00000000) BCL.trk=0 FS.trk=0
[17:53:23.721] [N3API]   SBL.val=85795858 cnt=15 BCL.main=857ab578 cnt=108 ABLF(dec=0/00000000/0 own=0/00000000)
[17:53:23.732] [N3API]   FS outer: decode-graph (B), trk=0
[17:53:23.737] [L3API][H] Set BandNR[15]:  1, 3, 5, 7, 8, 20, 26, 28, 38, 40, 41, 66, 71, 77, 78,
[17:53:23.743] [L3API][H] BandNR: 0 (NR list not ready)
[17:53:23.749] [L3API][H]  set v1540:15  n1 n3 n5 n7 n8 n20 n26 n28 n38 n40 n41 n66 n71 n77 n78
[17:53:23.754] [N3API]  EUTRA band[32]:
[17:53:23.758] [N3API] 	 B1 B2 B3 B4 B5 B6 B7 B8 B10 B12 B13 B14 B17 B18 B19 B20
[17:53:23.763] [N3API] 	 B25 B26 B28 B29 B30 B34 B38 B39 B40 B41 B42 B43 B48 B52 B66 B71
[17:53:23.770] [N3API] 
[17:53:23.774] Set bit-mask: 856CB4E4(000000E0) - 0 00000010
[17:53:23.779] [N3API] [MPR][PC] band:n38 pc:1 v1610:0 isPc1dot5:0 mpr_present:0 mpr_val:0x00
[17:53:23.785] [N3API] [MPR][PC] done band:n38 mpr_present:0 mpr_val:0x00
[17:53:23.789] [N3API] [MPR][PC] band:n40 pc:1 v1610:0 isPc1dot5:0 mpr_present:0 mpr_val:0x00
[17:53:23.798] [N3API] [MPR][PC] done band:n40 mpr_present:0 mpr_val:0x00
[17:53:23.807] [N3API] [MPR][PC] band:n41 pc:1 v1610:1 isPc1dot5:1 mpr_present:1 mpr_val:0x10
[17:53:23.812] [N3API] [MPR][PC] set n41 modifiedMPR_Behaviour=0x10
[17:53:23.818] [N3API] [MPR][PC] done band:n41 mpr_present:1 mpr_val:0x10
[17:53:23.826] [N3API] [MPR][PC] band:n77 pc:1 v1610:1 isPc1dot5:1 mpr_present:1 mpr_val:0x80
[17:53:23.838] [N3API] [MPR][PC] set n77 modifiedMPR_Behaviour=0x80
[17:53:23.847] [N3API] [MPR][PC] done band:n77 mpr_present:1 mpr_val:0x80
[17:53:23.857] [N3API] [MPR][PC] band:n78 pc:1 v1610:1 isPc1dot5:1 mpr_present:0 mpr_val:0x00
[17:53:23.869] [N3API] [MPR][PC] set n78 modifiedMPR_Behaviour=0x80
[17:53:23.876] [N3API] [MPR][PC] done band:n78 mpr_present:1 mpr_val:0x80
[17:53:23.885] [N3API] === reset UE Capa PDU
[17:53:23.890] [N3API] [CAPA-MEM][reset-done] pInfo=856c9dd8 SBL(own=0 alloc=00000000) BCL.trk=0 FS.trk=0
[17:53:23.897] [N3API]   SBL.val=85795858 cnt=15 BCL.main=857ab578 cnt=108 ABLF(dec=0/00000000/0 own=0/00000000)
[17:53:23.904] [N3API]   FS outer: decode-graph (B), trk=0
[17:53:23.908] [N3API] [CAPA-MEM][op-post] pInfo=856c9dd8 SBL(own=0 alloc=00000000) BCL.trk=0 FS.trk=0
[17:53:23.914] [N3API]   SBL.val=85795858 cnt=15 BCL.main=857ab578 cnt=108 ABLF(dec=0/00000000/0 own=0/00000000)
[17:53:23.921] [N3API]   FS outer: decode-graph (B), trk=0
[17:53:23.927] [NL3:   0][>S][nrrc_send_NNASRRC_RRC_INITIALIZE_CNF] NNASRRC_RRC_INITIALIZE_CNF
[17:53:23.936] [NAS_NSM] nsmSetPduAuthControlByUpperEnabled()
[17:53:23.941] [NAS_NSM] 	 flag(1)
[17:53:23.945] [NAS_INSIG] EPLMN|NASRRC_RRC_INITIALIZE_CNF(18)|PLMN_NULL(0)
[17:53:23.956] [NAS_INSIG] NPLMN|NNASRRC_RRC_INITIALIZE_CNF(18)|PLMN_NULL(0)
[17:53:23.967] [NAS_INSIG] CACHE|NASNVM_READ_CNF(8)|CACHE_WAIT_FOR_CACHE_INIT(0)
[17:53:23.978] [NAS_INSIG] CACHE|NASNVM_READ_CNF(8)|CACHE_WAIT_FOR_CACHE_INIT(0)
[17:53:23.990] [NAS_INSIG] CACHE|NASNVM_READ_CNF(8)|CACHE_WAIT_FOR_CACHE_INIT(0)
[17:53:23.997] [NAS_CACHE] [WAR] Invalid 5GSLOCI in the NV (0xffffff)!!!
[17:53:24.006] [NAS_INSIG] CACHE|NASNVM_READ_CNF(8)|CACHE_WAIT_FOR_CACHE_INIT(0)
[17:53:24.011] [NAS_INSIG] CACHE|NASNVM_READ_CNF(8)|CACHE_WAIT_FOR_CACHE_INIT(0)
[17:53:24.017] [NAS_INSIG] CACHE|NASNVM_READ_CNF(8)|CACHE_WAIT_FOR_CACHE_INIT(0)
[17:53:24.026] [NAS_INSIG] CACHE|NASNVM_READ_CNF(8)|CACHE_WAIT_FOR_CACHE_INIT(0)
[17:53:24.032] [NAS_INSIG] CACHE|NASNVM_READ_CNF(8)|CACHE_WAIT_FOR_CACHE_INIT(0)
[17:53:24.038] [NAS_INSIG] CACHE|NASNVM_READ_CNF(8)|CACHE_WAIT_FOR_CACHE_INIT(0)
[17:53:24.047] [NAS_INSIG] CACHE|NASNVM_READ_CNF(8)|CACHE_WAIT_FOR_CACHE_INIT(0)
[17:53:24.053] [NAS_CACHE] Read UTC Time: 0
[17:53:24.057] [NAS_INSIG] CACHE|NASNVM_READ_CNF(8)|CACHE_WAIT_FOR_CACHE_INIT(0)
[17:53:24.066] [NAS_INSIG] CACHE|NASNVM_READ_CNF(8)|CACHE_WAIT_FOR_CACHE_INIT(0)
[17:53:24.071] [NAS_INSIG] CACHE|NASNVM_READ_CNF(8)|CACHE_WAIT_FOR_CACHE_INIT(0)
[17:53:24.080] [NAS_INSIG] CACHE|NASNVM_READ_CNF(8)|CACHE_WAIT_FOR_CACHE_INIT(0)
[17:53:24.092] [NAS_CACHE] [ERR] Invalid IMEI: 0x000000000000000000 <IN cacheReadNVMCnf 528>
[17:53:24.106] [NAS_INSIG] CACHE|NASNVM_READ_CNF(8)|CACHE_WAIT_FOR_CACHE_INIT(0)
[17:53:24.113] [NAS_CACHE] [ERR] Invalid IMEI2: 0x000000000000000000 <IN cacheReadNVMCnf 550>
[17:53:24.125] [NAS_INSIG] CACHE|NASNVM_READ_CNF(8)|CACHE_WAIT_FOR_CACHE_INIT(0)
[17:53:24.132] [NAS_INSIG] CACHE|NASNVM_READ_CNF(8)|CACHE_WAIT_FOR_CACHE_INIT(0)
[17:53:24.138] [NAS_INSIG] CACHE|NASNVM_READ_CNF(8)|CACHE_WAIT_FOR_CACHE_INIT(0)
[17:53:24.146] [NAS_CACHE] Read T3245 lte:0 nr: 0
[17:53:24.149] [NAS_INSIG] CACHE|NASNVM_READ_CNF(8)|CACHE_WAIT_FOR_CACHE_INIT(0)
[17:53:24.155] [NAS_INSIG] CACHE|NASNVM_READ_CNF(8)|CACHE_WAIT_FOR_CACHE_INIT(0)
[17:53:24.161] [NAS_INSIG] CACHE|NASNVM_READ_CNF(8)|CACHE_WAIT_FOR_CACHE_INIT(0)
[17:53:24.166] [NAS_INSIG] CACHE|NASNVM_READ_CNF(8)|CACHE_WAIT_FOR_CACHE_INIT(0)
[17:53:24.171] [NAS_INSIG] CACHE|NASNVM_READ_CNF(8)|CACHE_WAIT_FOR_CACHE_INIT(0)
[17:53:24.178] [NAS_INSIG] CACHE|NASNVM_READ_CNF(8)|CACHE_WAIT_FOR_CACHE_INIT(0)
[17:53:24.183] [NAS_INSIG] CACHE|NASNVM_READ_CNF(8)|CACHE_WAIT_FOR_CACHE_INIT(0)
[17:53:24.189] [NAS_INSIG] CACHE|NASNVM_READ_CNF(8)|CACHE_WAIT_FOR_CACHE_INIT(0)
[17:53:24.198] [NAS_INSIG] CACHE|NASNVM_READ_CNF(8)|CACHE_WAIT_FOR_CACHE_INIT(0)
[17:53:24.203] [NAS_INSIG] CACHE|NASNVM_READ_CNF(8)|CACHE_WAIT_FOR_CACHE_INIT(0)
[17:53:24.210] [NAS_INSIG] CACHE|NASNVM_READ_CNF(8)|CACHE_WAIT_FOR_CACHE_INIT(0)
[17:53:24.215] [NAS_CACHE] ICCID Matched: No USIM change detected
[17:53:24.219] [NAS_CACHE] State Change (CACHE_WAIT_FOR_CACHE_INIT => CACHE_VALID_USIM)
[17:53:24.225] [NAS_INSIG] EMM|EMM_INT_USIM_INSERTED_IND(2)|EMM_NULL(0)
[17:53:24.230] [FSM] [ERR]EHPLMN list cnt:2
[17:53:24.234] [FSM] EHPLMN :[0] F110
[17:53:24.238] [FSM] EHPLMN :[1] 130184
[17:53:24.242] [L3API][H] Init CSG DB: 0
[17:53:24.245] [FSM] [L3>S][RRC_send_NASRRC_USIM_INSERTED_CNF] NASRRC_USIM_INSERTED_CNF
[17:53:24.257] [NAS_INSIG] EPLMN|EPLMN_USIM_INSERTED_IND(5)|PLMN_NULL(0)
[17:53:24.263] [NAS_EPLMN] PLMN_PERIODIC_HPLMN_SEARCH_TIMER Timer value Changed: 28800000 ms
[17:53:24.269] [NAS_EPLMN] State Change (PLMN_NULL => PLMN_IDLE)
[17:53:24.274] [NAS_INSIG] NMM|NMM_INT_USIM_INSERTED_IND(3)|NMM_NULL(0)
[17:53:24.279] [NL3:   0]<- NNASRRC_USIM_INSERTED_REQ
[17:53:24.282] [NL3:   0]EHPLMN :[0] F110
[17:53:24.288] [NL3:   0]EHPLMN :[1] 130184
[17:53:24.293] [NL3:   0][>S][NRRC_Read_NVM_DRX] NVM_READ_REQ
[17:53:24.302] [NL3:   0][>S][NRRC_Read_NVM_User_DRX] NVM_READ_REQ
[17:53:24.307] [NAS_INSIG] NPLMN|NPLMN_USIM_INSERTED_IND(5)|PLMN_NULL(0)
[17:53:24.312] [NAS_NPLMN] PLMN_PERIODIC_HPLMN_SEARCH_TIMER Timer value Changed: 28800000 ms
[17:53:24.325] [NAS_NPLMN] State Change (PLMN_NULL => PLMN_IDLE)
[17:53:24.333] [NAS_INSIG] EMM|NASRRC_USIM_INSERTED_CNF(45)|EMM_NULL(0)
[17:53:24.341] [NAS_EMM] FSM_EMM_NULL__NASRRC_USIM_INSERTED_CNF
[17:53:24.345] [FSM] [L3<-][RMCI][0] NASRRC_COUNT_UPDATE_IND
[17:53:24.349] [RMC] [H] NAS count:0
[17:53:24.352] NAS_MsgHandler, messageType(0x360014)
[17:53:24.355] [NL3:   0][<-][NL3USI][2][3] NVM_READ_CNF
[17:53:24.358] [N3USI] NV name : LDRX_NV
[17:53:24.362] [N3USI] NV DRX not used: 0
[17:53:24.365] [NL3:   0][<-][NL3USI][2][3] NVM_READ_CNF
[17:53:24.368] [N3USI] NV name : NDRX_NV
[17:53:24.371] [N3USI] NV User DRX not used :0
[17:53:24.375] [NL3:   0][>S][FSM_NL3USI_Read__NVM_READ_CNF] NNASRRC_USIM_INSERTED_CNF
[17:53:24.380] [NAS_INSIG] NMM|NASRRC_USIM_INSERTED_CNF(44)|NMM_NULL(0)
[17:53:24.385] [NAS_NMM] FSM_NMM_NULL__NASRRC_USIM_INSERTED_CNF
[17:53:24.389] [NAS_INSIG] NSM_CONNECTION_MANAGEMENT|NMMNSM_UICC_USIM_CACHE_END_IND(22)|NSM_CONNECTION_MANAGEMENT(0)
[17:53:24.440] L1 initialize...
[17:53:24.450] nr_slp_shmem : 28500000
[17:53:24.453] nr_dlp_shmem[0] : 20500000
[17:53:24.457] nr_dlp_shmem[1] : 21500000
[17:53:24.461] nr_dlp_shmem[2] : 22500000
[17:53:24.464] nr_dlp_shmem[3] : 23500000
[17:53:24.468] nr_dlp_shmem[4] : 24500000
[17:53:24.472] nr_dlp_shmem[5] : 25500000
[17:53:24.475] nr_dlp_shmem[6] : 26500000
[17:53:24.478] nr_dlp_shmem[7] : 27500000
[17:53:24.483] nr_ulp_shmem[0] : 20d00000
[17:53:24.486] nr_ulp_shmem[1] : 21d00000
[17:53:24.491] nr_ulp_shmem[2] : 22d00000
[17:53:24.497] nr_ulp_shmem[3] : 23d00000
[17:53:24.500]  =====   RF NV3  ====== 
[17:53:24.504]  RFD_GetAdcMetalfix() nv_bcfg cmn_ext_rfconfig 0x0030 bit#3(0 metal fix, 1 no fix) adc_metal_fix 1
[17:53:24.523] $ ifconfig
[17:53:24.528] : 0
[17:53:24.531] [MRM] NOT Enabled MRM FSM: 0
[17:53:24.536] [MRM] 0x6c Connected assigned ConnId: 0x1
[17:53:24.539] [SMS] ENAS SMS INIT REQ rxed
[17:53:24.544] [MRM] 0x55 Connected assigned ConnId: 0x2
[17:53:24.551] [ATM] ATMManager_RegisterUMM(evt:35, nPortId:0)...
[17:53:24.560] SMSMGR : bSmsFormat(3GPP)
[17:53:24.566] [SMS] SMSMGR : UICC FILE INFO rxed(FID = 0x0)
[17:53:24.571] [MRM] Disable Scrumble Log
[17:53:24.575] [NAS_INSIG] CACHE|NAS_PROTOCOL_CONFIG_WRITE_REQ(3)|CACHE_VALID_USIM(1)
[17:53:24.585] [NAS_CACHE] Scrumble Log: 0
[17:53:24.593] [MRM] 5G NR SA: 1 NSA: 0 LTE SA: 0
[17:53:24.597] [MRM] Set NR SA Mode for RRC: 1
[17:53:24.601] [L3API][H] Set BandNR[15]:  n1 n3 n5 n7 n8 n20 n26 n28 n38 n40 n41 n66 n71 n77 n78
[17:53:24.608] [MRM] Set Endc Enable for RRC: 0
[17:53:24.612] [L3API][H] 	Set EN-DC Enable:0
[17:53:24.615] [L3API][H]  set v1540:15  n1 n3 n5 n7 n8 n20 n26 n28 n38 n40 n41 n66 n71 n77 n78
[17:53:24.628] [MRM] Set LTE Only Mode for RRC: 1
[17:53:24.634] [L3API][H] Enable UL MIMO
[17:53:24.638] [L3API][H] TDD UL MIMO
[17:53:24.641] [L3API][H] Disable CA
[17:53:24.648] [L3API][H] Bit 13 : disabled
[17:53:24.655] [L3API][H] Bit 18 : disabled
[17:53:24.662] [L3API][H] Bit 13 : disabled
[17:53:24.667] [L3API][H] Bit 18 : disabled
[17:53:24.672] [L3API][H]  SetFgi: 1E9805FE 00000000 0000C1FF / 1E9805FE 00000000 0000C1FF
[17:53:24.685] [L3API][H]  SetFgi: FDD/TDD configured
[17:53:24.693] [L3API][H] Bit 13 : disabled
[17:53:24.700] [L3API][H] Bit 18 : disabled
[17:53:24.703] [L3API][H]  Set FGI Common (1E9805FE 00000000 0000C1FF)
[17:53:24.716] [L3API][H]  Set FGI FDD only (00000000 00000000 00000000)
[17:53:24.728] [L3API][H]  Set FGI TDD only (00000000 00000000 00000000)
[17:53:24.740] [L3API][H] 	[Y]Set interRAT_BandList(0) in BCL(31)
[17:53:24.751] [NAS_INSIG] CACHE|NAS_PROTOCOL_CONFIG_WRITE_REQ(3)|CACHE_VALID_USIM(1)
[17:53:24.764] [NAS_CACHE] 5G NR SA: 1 5G NR NSA: 0 LTE SA: 0
[17:53:24.773] [MRM] Set UE MRDC Capability PDU - mode: 1 length: 10224
[17:53:24.784] [N3API]  mrdcCapaPdu mode:1, size:10224
[17:53:24.794] [N3API][E] mrdcCapaPdu: too big PDU size:10224
[17:53:24.803] [N3API]  mrdcCapaPdu mode:3, size:10224
[17:53:24.811] [N3API] MRDC reset: load default into DB (hasPdu:0)
[17:53:24.818] [N3API] del default MRDC Capa DB
[17:53:24.823] [N3API] MRDC update: gen BCL 128 from gMrdcSupportedBcTable[128] (sbl e:32 n:15 nrBcl:108 skipFb:0)
[17:53:24.836] [N3API] MRDC tbl[0] e:1+3 n:1+78
[17:53:24.843] [N3API] [0]tbl0-4,0  MRDC tbl[1] e:1+7 n:1+78
[17:53:24.853] [N3API] [1]tbl1-4,0  MRDC tbl[2] e:1+28 n:1+78
[17:53:24.860] [N3API] [2]tbl2-4,0  MRDC tbl[3] e:1+40 n:1+78
[17:53:24.869] [N3API] [3]tbl3-4,0  MRDC tbl[4] e:3+7 n:1+78
[17:53:24.876] [N3API] MRDC: [4]tbl4-4,0  
[17:53:24.883] [N3API] MRDC tbl[5] e:3+28 n:1+78
[17:53:24.889] [N3API] [5]tbl5-4,0  MRDC tbl[6] e:3+40 n:1+78
[17:53:24.898] [N3API] [6]tbl6-4,0  MRDC tbl[7] e:7+28 n:1+78
[17:53:24.905] [N3API] [7]tbl7-4,0  MRDC tbl[8] e:7+40 n:1+78
[17:53:24.911] [N3API] [8]tbl8-4,0  MRDC tbl[9] e:28+40 n:1+78
[17:53:24.915] [N3API] MRDC: [9]tbl9-4,0  
[17:53:24.921] [N3API] MRDC tbl[10] e:1+3+7 n:1+78
[17:53:24.926] [N3API] [10]tbl10-5,1  MRDC tbl[11] e:1+3+28 n:1+78
[17:53:24.931] [N3API] [11]tbl11-5,1  MRDC tbl[12] e:1+3+40 n:1+78
[17:53:24.939] [N3API] [12]tbl12-5,1  MRDC tbl[13] e:1+7+28 n:1+78
[17:53:24.955] [N3API] [13]tbl13-5,1  MRDC tbl[14] e:1+7+40 n:1+78
[17:53:24.968] [N3API] MRDC: [14]tbl14-5,1  
[17:53:24.973] [N3API] MRDC tbl[15] e:1+28+40 n:1+78
[17:53:24.979] [N3API] [15]tbl15-5,1  MRDC tbl[16] e:3+7+28 n:1+78
[17:53:24.987] [N3API] [16]tbl16-5,1  MRDC tbl[17] e:3+7+40 n:1+78
[17:53:24.995] [N3API] [17]tbl17-5,1  MRDC tbl[18] e:3+28+40 n:1+78
[17:53:25.006] [N3API] [18]tbl18-5,1  MRDC tbl[19] e:7+28+40 n:1+78
[17:53:25.017] [N3API] MRDC: [19]tbl19-5,1  
[17:53:25.021] [N3API] MRDC tbl[20] e:1+3 n:5+78
[17:53:25.029] [N3API] [20]tbl20-4,0  MRDC tbl[21] e:1+7 n:5+78
[17:53:25.038] [N3API] [21]tbl21-4,0  MRDC tbl[22] e:1+28 n:5+78
[17:53:25.049] [N3API] [22]tbl22-4,0  MRDC tbl[23] e:1+40 n:5+78
[17:53:25.056] [N3API] [23]tbl23-4,0  MRDC tbl[24] e:3+7 n:5+78
[17:53:25.063] [N3API] MRDC: [24]tbl24-4,0  
[17:53:25.067] [N3API] MRDC tbl[25] e:3+28 n:5+78
[17:53:25.071] [N3API] [25]tbl25-4,0  MRDC tbl[26] e:3+40 n:5+78
[17:53:25.076] [N3API] [26]tbl26-4,0  MRDC tbl[27] e:7+28 n:5+78
[17:53:25.082] [N3API] [27]tbl27-4,0  MRDC tbl[28] e:7+40 n:5+78
[17:53:25.107] [N3API] [28]tbl28-4,0  MRDC tbl[29] e:28+40 n:5+78
[17:53:25.111] [N3API] MRDC: [29]tbl29-4,0  
[17:53:25.115] [N3API] MRDC tbl[30] e:1+3+7 n:5+78
[17:53:25.118] [N3API] [30]tbl30-5,1  MRDC tbl[31] e:1+3+28 n:5+78
[17:53:25.123] [N3API] [31]tbl31-5,1  MRDC tbl[32] e:1+3+40 n:5+78
[17:53:25.131] [N3API] [32]tbl32-5,1  MRDC tbl[33] e:1+7+28 n:5+78
[17:53:25.136] [N3API] [33]tbl33-5,1  MRDC tbl[34] e:1+7+40 n:5+78
[17:53:25.143] [N3API] MRDC: [34]tbl34-5,1  
[17:53:25.147] [N3API] MRDC tbl[35] e:1+28+40 n:5+78
[17:53:25.155] [N3API] [35]tbl35-5,1  MRDC tbl[36] e:3+7+28 n:5+78
[17:53:25.160] [N3API] [36]tbl36-5,1  MRDC tbl[37] e:3+7+40 n:5+78
[17:53:25.166] [N3API] [37]tbl37-5,1  MRDC tbl[38] e:3+28+40 n:5+78
[17:53:25.172] [N3API] [38]tbl38-5,1  MRDC tbl[39] e:7+28+40 n:5+78
[17:53:25.177] [N3API] MRDC: [39]tbl39-5,1  
[17:53:25.180] [N3API] MRDC tbl[40] e:1+3 n:1+40
[17:53:25.183] [N3API] [40]tbl40-4,0  MRDC tbl[41] e:1+7 n:1+40
[17:53:25.189] [N3API] [41]tbl41-4,0  MRDC tbl[42] e:1+28 n:1+40
[17:53:25.193] [N3API] [42]tbl42-4,0  MRDC tbl[43] e:1+40 n:1+40
[17:53:25.200] [N3API] [43]tbl43-4,0  MRDC tbl[44] e:3+7 n:1+40
[17:53:25.210] [N3API] MRDC: [44]tbl44-4,0  
[17:53:25.217] [N3API] MRDC tbl[45] e:3+28 n:1+40
[17:53:25.225] [N3API] [45]tbl45-4,0  MRDC tbl[46] e:3+40 n:1+40
[17:53:25.233] [N3API] [46]tbl46-4,0  MRDC tbl[47] e:7+28 n:1+40
[17:53:25.239] [N3API] [47]tbl47-4,0  MRDC tbl[48] e:7+40 n:1+40
[17:53:25.250] [N3API] [48]tbl48-4,0  MRDC tbl[49] e:28+40 n:1+40
[17:53:25.254] [N3API] MRDC: [49]tbl49-4,0  
[17:53:25.258] [N3API] MRDC tbl[50] e:1+3+7 n:1+40
[17:53:25.266] [N3API] [50]tbl50-5,1  MRDC tbl[51] e:1+3+28 n:1+40
[17:53:25.272] [N3API] [51]tbl51-5,1  MRDC tbl[52] e:1+3+40 n:1+40
[17:53:25.280] [N3API] [52]tbl52-5,1  MRDC tbl[53] e:1+7+28 n:1+40
[17:53:25.289] [N3API] [53]tbl53-5,1  MRDC tbl[54] e:1+7+40 n:1+40
[17:53:25.295] [N3API] MRDC: [54]tbl54-5,1  
[17:53:25.301] [N3API] MRDC tbl[55] e:1+28+40 n:1+40
[17:53:25.307] [N3API] [55]tbl55-5,1  MRDC tbl[56] e:3+7+28 n:1+40
[17:53:25.315] [N3API] [56]tbl56-5,1  MRDC tbl[57] e:3+7+40 n:1+40
[17:53:25.323] [N3API] [57]tbl57-5,1  MRDC tbl[58] e:3+28+40 n:1+40
[17:53:25.327] [N3API] [58]tbl58-5,1  MRDC tbl[59] e:7+28+40 n:1+40
[17:53:25.334] [N3API] MRDC: [59]tbl59-5,1  
[17:53:25.341] [N3API] MRDC tbl[60] e:1+3 n:5+40
[17:53:25.345] [N3API] [60]tbl60-4,0  MRDC tbl[61] e:1+7 n:5+40
[17:53:25.351] [N3API] [61]tbl61-4,0  MRDC tbl[62] e:1+28 n:5+40
[17:53:25.361] [N3API] [62]tbl62-4,0  MRDC tbl[63] e:1+40 n:5+40
[17:53:25.366] [N3API] [63]tbl63-4,0  MRDC tbl[64] e:3+7 n:5+40
[17:53:25.372] [N3API] MRDC: [64]tbl64-4,0  
[17:53:25.377] [N3API] MRDC tbl[65] e:3+28 n:5+78
[17:53:25.381] [N3API] [65]tbl65-4,0  MRDC tbl[66] e:3+40 n:5+40
[17:53:25.385] [N3API] [66]tbl66-4,0  MRDC tbl[67] e:7+28 n:5+40
[17:53:25.390] [N3API] [67]tbl67-4,0  MRDC tbl[68] e:7+40 n:5+40
[17:53:25.437] [N3API] [68]tbl68-4,0  MRDC tbl[69] e:28+40 n:5+40
[17:53:25.443] [N3API] MRDC: [69]tbl69-4,0  
[17:53:25.446] [N3API] MRDC tbl[70] e:1+3+7 n:5+40
[17:53:25.450] [N3API] [70]tbl70-5,1  MRDC tbl[71] e:1+3+28 n:5+40
[17:53:25.456] [N3API] [71]tbl71-5,1  MRDC tbl[72] e:1+3+40 n:5+40
[17:53:25.461] [N3API] [72]tbl72-5,1  MRDC tbl[73] e:1+7+28 n:5+40
[17:53:25.467] [N3API] [73]tbl73-5,1  MRDC tbl[74] e:1+7+40 n:5+40
[17:53:25.476] [N3API] MRDC: [74]tbl74-5,1  
[17:53:25.480] [N3API] MRDC tbl[75] e:1+28+40 n:5+40
[17:53:25.484] [N3API] [75]tbl75-5,1  MRDC tbl[76] e:3+7+28 n:5+40
[17:53:25.489] [N3API] [76]tbl76-5,1  MRDC tbl[77] e:3+7+40 n:5+40
[17:53:25.493] [N3API] [77]tbl77-5,1  MRDC tbl[78] e:3+28+40 n:5+40
[17:53:25.499] [N3API] [78]tbl78-5,1  MRDC tbl[79] e:7+28+40 n:5+40
[17:53:25.504] [N3API] MRDC: [79]tbl79-5,1  
[17:53:25.508] [N3API] MRDC tbl[80] e:1+3 n:78
[17:53:25.513] [N3API] [80]tbl80-3,2  MRDC tbl[81] e:1+7 n:78
[17:53:25.517] [N3API] [81]tbl81-3,2  MRDC tbl[82] e:1+28 n:78
[17:53:25.521] [N3API] [82]tbl82-3,2  MRDC tbl[83] e:1+40 n:78
[17:53:25.526] [N3API] [83]tbl83-3,2  MRDC tbl[84] e:3+7 n:78
[17:53:25.531] [N3API] MRDC: [84]tbl84-3,2  
[17:53:25.537] [N3API] MRDC tbl[85] e:3+28 n:78
[17:53:25.541] [N3API] [85]tbl85-3,2  MRDC tbl[86] e:3+40 n:78
[17:53:25.545] [N3API] [86]tbl86-3,2  MRDC tbl[87] e:7+28 n:78
[17:53:25.550] [N3API] [87]tbl87-3,2  MRDC tbl[88] e:7+40 n:78
[17:53:25.557] VLAN: all hmac cleared
[17:53:25.561] [br0: port 1(usb0) entered blocking state
[17:53:25.566] br0: port 1(usb0) entered forwarding state
[17:53:25.572] N3API] [88]tbl88-3,2  MRDC tbl[89] e:28+40 n:78
[17:53:25.580] [N3API] MRDC: [89]tbl89-3,2  
[17:53:25.585] [N3API] MRDC tbl[90] e:1+3+7 n:78
[17:53:25.590] [N3API] [90]tbl90-4,3  MRDC tbl[91] e:1+3+28 n:78
[17:53:25.598] [N3API] [91]tbl91-4,3  MRDC tbl[92] e:1+3+40 n:78
[17:53:25.606] [N3API] [92]tbl92-4,3  MRDC tbl[93] e:1+7+28 n:78
[17:53:25.610] [N3API] [93]tbl93-4,3  MRDC tbl[94] e:1+7+40 n:78
[17:53:25.614] [N3API] MRDC: [94]tbl94-4,3  
[17:53:25.619] [N3API] MRDC tbl[95] e:1+28+40 n:78
[17:53:25.622] [N3API] [95]tbl95-4,3  MRDC tbl[96] e:3+7+28 n:78
[17:53:25.627] [N3API] [96]tbl96-4,3  MRDC tbl[97] e:3+7+40 n:78
[17:53:25.631] [N3API] [97]tbl97-4,3  MRDC tbl[98] e:3+28+40 n:78
[17:53:25.640] [N3API] [98]tbl98-4,3  MRDC tbl[99] e:7+28+40 n:78
[17:53:25.645] [N3API] MRDC: [99]tbl99-4,3  
[17:53:25.649] [N3API] MRDC tbl[100] e:1+3+7+28 n:78
[17:53:25.653] [N3API] [100]tbl100-5,4  MRDC tbl[101] e:1+3+7+40 n:78
[17:53:25.659] [N3API] [101]tbl101-5,4  MRDC tbl[102] e:1+7+28+40 n:78
[17:53:25.665] [N3API] [102]tbl102-5,4  MRDC tbl[103] e:3+7+28+40 n:78
[17:53:25.669] [N3API] [103]tbl103-5,4  MRDC tbl[104] e:1+3 n:40
[17:53:25.674] [N3API] MRDC: [104]tbl104-3,2  
[17:53:25.678] [N3API] MRDC tbl[105] e:1+7 n:40
[17:53:25.681] [N3API] [105]tbl105-3,2  MRDC tbl[106] e:1+28 n:40
[17:53:25.685] [N3API] [106]tbl106-3,2  MRDC tbl[107] e:1+40 n:40
[17:53:25.689] [N3API] [107]tbl107-3,2  MRDC tbl[108] e:3+7 n:40
[17:53:25.694] [N3API] [108]tbl108-3,2  MRDC tbl[109] e:3+28 n:40
[17:53:25.699] [N3API] MRDC: [109]tbl109-3,2  
[17:53:25.703] [N3API] MRDC tbl[110] e:3+40 n:40
[17:53:25.707] [N3API] [110]tbl110-3,2  MRDC tbl[111] e:7+28 n:40
[17:53:25.712] [N3API] [111]tbl111-3,2  MRDC tbl[112] e:7+40 n:40
[17:53:25.716] [N3API] [112]tbl112-3,2  MRDC tbl[113] e:28+40 n:40
[17:53:25.723] [N3API] [113]tbl113-3,2  MRDC tbl[114] e:1+3+7 n:40
[17:53:25.732] [N3API] MRDC: [114]tbl114-4,3  
[17:53:25.738] [N3API] MRDC tbl[115] e:1+3+28 n:40
[17:53:25.745] [N3API] [115]tbl115-4,3  MRDC tbl[116] e:1+3+40 n:40
[17:53:25.752] [N3API] [116]tbl116-4,3  MRDC tbl[117] e:1+7+28 n:40
[17:53:25.760] [N3API] [117]tbl117-4,3  MRDC tbl[118] e:1+7+40 n:40
[17:53:25.769] [N3API] [118]tbl118-4,3  MRDC tbl[119] e:1+28+40 n:40
[17:53:25.777] [N3API] MRDC: [119]tbl119-4,3  
[17:53:25.780] [N3API] MRDC tbl[120] e:3+7+28 n:40
[17:53:25.783] [N3API] [120]tbl120-4,3  MRDC tbl[121] e:3+7+40 n:40
[17:53:25.787] [N3API] [121]tbl121-4,3  MRDC tbl[122] e:3+28+40 n:40
[17:53:25.792] [N3API] [122]tbl122-4,3  MRDC tbl[123] e:7+28+40 n:40
[17:53:25.798] [N3API] [123]tbl123-4,3  MRDC tbl[124] e:1+3+7+28 n:40
[17:53:25.802] [N3API] MRDC: [124]tbl124-5,4  
[17:53:25.806] [N3API] MRDC tbl[125] e:1+3+7+40 n:40
[17:53:25.809] [N3API] [125]tbl125-5,4  MRDC tbl[126] e:1+7+28+40 n:40
[17:53:25.814] [N3API] [126]tbl126-5,4  MRDC tbl[127] e:3+7+28+40 n:40
[17:53:25.820] [N3API] MRDC: [127]tbl127-5,4  
[17:53:25.825] [N3API] MRDC BCL:128, FSCL:5
[17:53:25.828] [ASN]  [OSS DB] enc PDU sz: 1873
[17:53:25.832] [OTA DB] 29:MRDC [1873]
[17:53:25.836] [N3API] MRDC update: reset UE capability DB
[17:53:25.839]  89 80 70 ....
[17:53:25.842] mrd: cm_set_NRUERadioCapaReq()
[17:53:25.845] mrd: get_load_capa_pdu_uper_file(0) - isFirstChunk=1
[17:53:25.849] mrd: read_rrc_capa_pdu_chunk(/var/nr/param/capa/UE_NR_Capability.uper) - (0~1686)/fileSize(1686)
[17:53:25.857] E1 A2 30 00 47 46 5A 03 1F 8D 83 85 20 00 16 09 ....
[17:53:25.861] mrd: cm_set_NRUERadioCapaReq()
[17:53:25.864] mrd: get_load_capa_pdu_uper_file(2) - isFirstChunk=1
[17:53:25.868] mrd: read_rrc_capa_pdu_chunk(/var/nr/param/capa/UE_EUTRA_Capability.uper) - (0~1853)/fileSize(1853)
[17:53:25.876] [MRM] Set UE MRDC Capability PDU - mode: 2 length: 1910
[17:53:25.881] [N3API]  mrdcCapaPdu mode:2, size:1910
[17:53:25.885] E0 19 80 57 00 10 30 81 43 07 12 44 91 33 26 CF ....
[17:53:25.889] mrd: cm_set_LTEUERadioCapaReq()
[17:53:25.892] [MRM] Set UE NR Capability PDU - mode: 1 length: 1686
[17:53:25.897] [N3API]  ueCapaPdu mode:1, size:1686
[17:53:25.901] [N3API]  ueCapaPdu mode:3, size:1686
[17:53:25.904] [N3API] [CAPA-MEM][op-pre] pInfo=856c9dd8 SBL(own=0 alloc=00000000) BCL.trk=0 FS.trk=0
[17:53:25.912] [N3API]   SBL.val=85795858 cnt=15 BCL.main=857ab578 cnt=108 ABLF(dec=0/00000000/0 own=0/00000000)
[17:53:25.921] [N3API]   FS outer: decode-graph (B), trk=0
[17:53:25.925] [N3API] [CAPA-MEM][pre-ASNFreePdu] pInfo=856c9dd8 SBL(own=0 alloc=00000000) BCL.trk=0 FS.trk=0
[17:53:25.934] [N3API]   SBL.val=85795858 cnt=15 BCL.main=857ab578 cnt=108 ABLF(dec=0/00000000/0 own=0/00000000)
[17:53:25.942] [N3API]   FS outer: decode-graph (B), trk=0
[17:53:25.947] [N3API] L3_NR_FREE_BCL: supportedBandCombinationList, num: 108
[17:53:25.952] [N3API] BCL: free dec 857ab578 (detach untrk)
[17:53:25.956] [N3API] L3_NR_FREE_BCL: supportedBandCombinationList_v1540, num: 108
[17:53:25.963] [N3API] BCL: free dec 857b3358 (detach untrk)
[17:53:25.968] [N3API] L3_NR_FREE_BCL: supportedBandCombinationList_v1610, num: 108
[17:53:25.975] [N3API] BCL: free dec 85815258 (detach untrk)
[17:53:25.979] [N3API] [CAPA-MEM][post-ASNFreePdu] pInfo=856c9dd8 SBL(own=0 alloc=00000000) BCL.trk=0 FS.trk=0
[17:53:25.991] [N3API]   SBL.val=85795858 cnt=15 BCL.main=00000000 cnt=0 ABLF(dec=0/00000000/0 own=0/00000000)
[17:53:26.009] [N3API]   FS outer: decode-graph (B), trk=0
[17:53:26.014] [N3API] [CAPA-MEM][cfg-cache] reset: empty
[17:53:26.019] [OTA RX:10240] 31:NRCAPA [1686]->
[17:53:26.023] E1A23000 47465A03 1F8D8385 20001609 31700018 3F0B804D DFF04088 20402E89
[17:53:26.030] 000A00B0 1F4C4C00 90000010 88006AD0 60003003 D038F21C F8000105 FFC7F1FC
[17:53:26.037] 7FF1FC7F 0708100E DD000100 010001D0 00100010 00000140 A6260148 00000844
[17:53:26.046] 00356830 001801E8 1C790E7C 000082FF E3F8FE3F F8FE3F83 8408076E C000C000
[17:53:26.055] C000EC00 0C000C00 0000A053 13012400 00042200 1AB41800 0C00F40E 3C873E00
[17:53:26.063] 00416F81 E06F01C0 1C004005 0298980D 20000021 1000D5A0 C0006007 A071E439
[17:53:26.071] F000020B FF8FE3F8 FFE3F8FE 0E10201D B9000100 01000390 00100010 00000281
[17:53:26.085] 4C4C0790 00001088 006AD060 003003D0 38F21CF8 000105BC 0701BC07 00708100
[17:53:26.098] 79C80008 00080000 140A6260 6C800000 84400356 83000180 1E81C790 E7C00008
[17:53:26.112] 2D80200D 80200380 0800A053 1304E400 00042200 1AB41800 0C00F40E 3C873E00
[17:53:26.122] 00416F01 C06F01C0 1C004005 02989833 20000021 1000D5A0 C0006007 A071E439
[17:53:26.134] F000020B 7E0F8378 0E00E002 002814C4 C1B90000 01088006 AD060003 003D038F
[17:53:26.148] 21CF8000 105BF07C 1BF07C07 00100140 A63612C8 00000844 00356830 001801E8
[17:53:26.158] 1C790E7C 000082BF F0FC3F0F FC3F0FC0 E0020028 14C6C279 00000108 8006AD06
[17:53:26.167] 0003003D 038F21CF 80001057 FF1FF7FD FFC7FDFF 1C20402B 39000900 03900090
[17:53:26.177] 00000503 98D85021 20000021 1000D5A0 C0006007 A071E439 F000020A FFE3FEFF
[17:53:26.187] BFF8FFBF E3850807 6EC001C0 01C000EC 001C001C 00000200 04000000 A0130212
[17:53:26.201] A0000000 88006AD0 60003003 D038F21C F8000105 FFC7F1FC E6362640 48000008
[17:53:26.207] 44003568 30001801 E81C790E 7C000082 BBF8FFBF EEFE3FEF F8E14201 59C00040
[17:53:26.215] 001C0004 00000080 01000000 2814C6C4 D9000001 088006AD 06000300 3D038F21
[17:53:26.222] CF800010 577F1FF7 FDDFC7FD FF1C2840 2B380008 00038000 80000010 00200000
[17:53:26.234] 05029888 A7200000 211000D5 A0C00060 07A071E4 39F00002 0BFF8FE3 F8380080
[17:53:26.246] 0A010801 C0000000 00070080 0000001C 04000002 00701800 000001C0 70000040
[17:53:26.255] 07034000 01801C13 00000800 70640000 1001C1B0 0000A107 09400003 001C2700
[17:53:26.263] 000E1070 9C000040 41C28000 01010713 00000404 1C4D0000 1000F134 0028A600
[17:53:26.272] 09007800 001C0400 001400F0 0000384E 00002C01 E0000071 34000058 03C04000
[17:53:26.278] E1380000 C0078080 01C4D000 01801700 00038080 01827000 6805C000 00C0201C
[17:53:26.285] 2700001C 0160000E 02000709 C0000780 5C00000E 02000613 4001A017 00000300
[17:53:26.291] 80713400 00700580 00380800 1C4D0000 1E017000 00384E00 184D0008 005C0000
[17:53:26.297] 0C1381C4 D0000220 160000E1 38007134 00009005 C04000E1 38006134 00260170
[17:53:26.303] 1000304E 07134000 0A005804 0384E001 C4D00002 A3A40017 44200000 00000000
[17:53:26.308] 00000023 011808C0 46023011 82008020 08020080 40040040 04004004 00400400
[17:53:26.314] 40040040 04000FC2 10000000 00000000 00000010 20400000 00000000 00000000
[17:53:26.319] 00000000 00007EFF FFFC4600 07000503 82803818 04200C03 C0F00000 00000000
[17:53:26.325] 00040000 00040000 00030000 00020000 00014000 0000C000 00007000 00004000
[17:53:26.330] 00002400 00001400 00000B00 00000600 00000340 000001C0 000000F0 3D93B583
[17:53:26.335] B5A3B592 35823592 B582B590 B580B591 B581B593 358335A3 359535A5 34100000
[17:53:26.341] 00000000 10000008 00000300 00010000 00500000 18000007 00000200 00009000
[17:53:26.347] 00280000 0B000003 000000D0 00003800 000F0000 04010127 820F051E 091C1038
[17:53:26.353] 24304060 9341068A 4D5141AA 2A35412A 829514AA A283D454 AA80A801 40080180
[17:53:26.358] 20050060 0C006010 02402805 00180600 900E0140 06020034 04807001 80A00901
[17:53:26.365] 60140060 30044068 0900280C 01501A02 E0380600 140780D8 02005020 03800A03
[17:53:26.371] C07C0101 08100221 0501E03E 00808408 01105000 00600001 40000308 28010030
[17:53:26.377] 0400A00C 01818040 0900A014 20A00400 C0100280 30060A03 C06C0100 281001C1
[17:53:26.383] 03008012 01402828 0F01B004 00A04007 08140080 18020050 0600C0C0 20048050
[17:53:26.389] 0A0A03C0 04010008 10000205 00200600 80140180 30300800 20140002 80F01B00
[17:53:26.438] 400A0400 70814008 00802001 0060000C 02004805 00A0A03C 06C01002 81001C20
[17:53:26.445] 50020060 08014018 03050020 06008014 01803050 1E002008 00408000 10280100
[17:53:26.451] 300400A0 0C018280 F0010040 02040000 28010030 0400A00C 01881400 80080200
[17:53:26.457] 10060001 40780D80 20050200 38140080 18020050 0600C406 01002402 80505002
[17:53:26.462] 00600801 40180305 01E00200 80040800 01018040 0900A014 14078008 02001020
[17:53:26.467] 00014008 01802005 00600C40 60100040 28000501 E0360080 140800E0 50020060
[17:53:26.472] 08014018 031AA030 401032F6 70000000 014A2000 0420
[17:53:26.476] [N3API] init_BCL param - 33
[17:53:26.480] [N3API] RF bit_mask : a2 00 00 00 00
[17:53:26.483] [N3API] [CAPA-MEM][post-decode] pInfo=00000000 SBL(own=0 alloc=00000000) BCL.trk=0 FS.trk=0
[17:53:26.491] [N3API] nr pdu filter hw=26 sbl 16->14 bcl 33->32
[17:53:26.496] [N3API] [CAPA-MEM][DB-set] pInfo=856c9dd8 SBL(own=0 alloc=00000000) BCL.trk=0 FS.trk=0
[17:53:26.503] [N3API]   SBL.val=85599458 cnt=14 BCL.main=85594428 cnt=32 ABLF(dec=0/00000000/0 own=0/00000000)
[17:53:26.511] [N3API]   FS outer: decode-graph (B), trk=0
[17:53:26.516] [L3API][H] Enable UL MIMO
[17:53:26.519] [L3API][H] TDD UL MIMO
[17:53:26.523] [L3API][H] Disable CA
[17:53:26.527] [L3API][H] Bit 13 : disabled
[17:53:26.530] [L3API][H] Bit 18 : disabled
[17:53:26.533] [L3API][H] Bit 13 : disabled
[17:53:26.537] [L3API][H] Bit 18 : disabled
[17:53:26.541] [L3API][H]  SetFgi: 1E9805FE 00000000 0000C1FF / 1E9805FE 00000000 0000C1FF
[17:53:26.546] [L3API][H]  SetFgi: FDD/TDD configured
[17:53:26.549] [L3API][H] Bit 13 : disabled
[17:53:26.552] [L3API][H] Bit 18 : disabled
[17:53:26.556] [L3API][H]  Set FGI Common (1E9805FE 00000000 0000C1FF)
[17:53:26.560] [L3API][H]  Set FGI FDD only (00000000 00000000 00000000)
[17:53:26.564] [L3API][H]  Set FGI TDD only (00000000 00000000 00000000)
[17:53:26.569] [L3API][H] 	[Y]Set interRAT_BandList(0) in BCL(31)
[17:53:26.573] [N3API]  EUTRA band[32]:
[17:53:26.579] [N3API] 	 B1 B2 B3 B4 B5 B6 B7 B8 B10 B12 B13 B14 B17 B18 B19 B20
[17:53:26.587] [N3API] 	 B25 B26 B28 B29 B30 B34 B38 B39 B40 B41 B42 B43 B48 B52 B66 B71
[17:53:26.592] [N3API] 
[17:53:26.596] Set bit-mask: 856CB4E4(000000E0) - 0 00000010
[17:53:26.600] [N3API] [MPR][PC] band:n38 pc:1 v1610:0 isPc1dot5:0 mpr_present:0 mpr_val:0x00
[17:53:26.611] [N3API] [MPR][PC] done band:n38 mpr_present:0 mpr_val:0x00
[17:53:26.620] [N3API] [MPR][PC] band:n40 pc:1 v1610:0 isPc1dot5:0 mpr_present:0 mpr_val:0x00
[17:53:26.626] [N3API] [MPR][PC] done band:n40 mpr_present:0 mpr_val:0x00
[17:53:26.630] [N3API] [MPR][PC] band:n41 pc:1 v1610:1 isPc1dot5:1 mpr_present:1 mpr_val:0x10
[17:53:26.636] [N3API] [MPR][PC] set n41 modifiedMPR_Behaviour=0x10
[17:53:26.640] [N3API] [MPR][PC] done band:n41 mpr_present:1 mpr_val:0x10
[17:53:26.645] [N3API] [MPR][PC] band:n77 pc:1 v1610:1 isPc1dot5:1 mpr_present:1 mpr_val:0x80
[17:53:26.651] [N3API] [MPR][PC] set n77 modifiedMPR_Behaviour=0x80
[17:53:26.656] [N3API] [MPR][PC] done band:n77 mpr_present:1 mpr_val:0x80
[17:53:26.661] [N3API] [MPR][PC] band:n78 pc:1 v1610:1 isPc1dot5:1 mpr_present:0 mpr_val:0x00
[17:53:26.667] [N3API] [MPR][PC] set n78 modifiedMPR_Behaviour=0x80
[17:53:26.671] [N3API] [MPR][PC] done band:n78 mpr_present:1 mpr_val:0x80
[17:53:26.675] [N3API] === reset UE Capa PDU
[17:53:26.679] [N3API] [CAPA-MEM][reset-done] pInfo=856c9dd8 SBL(own=0 alloc=00000000) BCL.trk=0 FS.trk=0
[17:53:26.686] [N3API]   SBL.val=85599458 cnt=14 BCL.main=85594428 cnt=32 ABLF(dec=0/00000000/0 own=0/00000000)
[17:53:26.693] [N3API]   FS outer: decode-graph (B), trk=0
[17:53:26.697] [N3API] [CAPA-MEM][op-post] pInfo=856c9dd8 SBL(own=0 alloc=00000000) BCL.trk=0 FS.trk=0
[17:53:26.703] [N3API]   SBL.val=85599458 cnt=14 BCL.main=85594428 cnt=32 ABLF(dec=0/00000000/0 own=0/00000000)
[17:53:26.711] [N3API]   FS outer: decode-graph (B), trk=0
[17:53:26.714] [MRM] Set UE EUTRA Capability PDU - mode: 1 length: 1853
[17:53:26.718] [L3API][H]  eutraCapaPdu mode:1, size:1853
[17:53:26.725] [L3API][H]  eutraCapaPdu mode:3, size:1853
[17:53:26.730] [L3API][H] eutra reset: hasPdu:1 RunSrc=CFG
[17:53:26.736] [OTA RX][0] 30:UECAPA [1853]->
[17:53:26.740] E0198057 00103081 43071244 913326CF A54EA14A A5EFDFBF 7E5EBFFF FFF83D7F
[17:53:26.748] FFFFF07A FFFFFFE0 F5FFFFFF C1EBFFFF FF83D7FF FFFF07AF FFFFFE0F 5FFFFFFC
[17:53:26.757] 1EBFFFFF F83D7FFF FFF07AFF FFFFE0F5 FFFFFFC1 EBFFFFFF 83D7FFFF FF07AFFF
[17:53:26.765] FFFE0F5F FFFFFC1E BFFFFFF8 3D7FFFFF F07AFFFF FFE0F5FF FFFFC1EB FFFFFF83
[17:53:26.774] D7FFFFFF 07AFFFFF FE0F5FFF FFFC1FF8 3FE26800 E6DE039E 40000000 1FEB8000
[17:53:26.781] 04060D0A 8597F000 00005F78 01801801 80180180 18018018 01801801 80180180
[17:53:26.787] 18018018 01801801 80180180 18018018 018210C0 0C108600 60843003 04218018
[17:53:26.797] 210C00C1 08600608 43003042 18018210 C00C1086 00608430 03042180 18210C00
[17:53:26.808] C1086006 08430030 42180182 10C00C10 86006084 30030421 8018210C 00C10860
[17:53:26.815] 06084300 30421801 8210C00C 10860060 84300304 21801821 0C00C108 60060843
[17:53:26.827] 00304218 018210C0 0C108600 60843003 04218018 210C00C1 08600608 43003042
[17:53:26.836] 18018210 C00C1086 00608430 03042180 18210C00 C1086006 08430030 4212D3E2
[17:53:26.841] 82EE0600 00208184 00082061 80020818 80008206 28002081 8C000820 63800208
[17:53:26.847] 19200082 06880020 81A40008 20698002 081B2000 8206D800 2081BE00 08207280
[17:53:26.852] 02081CE0 00820740 002081D2 00082075 0002081D E0008207 F8002081 FE000820
[17:53:26.857] 7F800208 1FE00082 06000024 83800008 2801040C 20004907 08001050 82081860
[17:53:26.862] 00920E18 0020A184 10310001 141C4000 41440820 62800248 38A00082 8A1040C6
[17:53:26.867] 00049071 80010518 20818E00 08A0E380 020A3841 03240012 41C90004 14908206
[17:53:26.873] 88002483 A200082A 21040D20 00490748 00105482 081A6000 920E9800 20A98410
[17:53:26.878] 36400124 1D900041 5908206D 8002483B 600082B6 1040DF00 049077C0 01057C20
[17:53:26.883] 81CA0009 20F28002 0B284103 9C001241 E7000416 70820740 002483D0 00082D01
[17:53:26.889] 040E9000 4907A400 105A4208 1D400092 0F500020 B504103B C001241E F000416F
[17:53:26.894] 08207F80 02483FE0 0082FE10 40FF0004 907FC001 05FC2081 FE000920 FF80020B
[17:53:26.900] F84103FC 001241FF 000417F0 82060008 24838000 08380000 82061008 24838400
[17:53:26.905] 08384000 82061808 24838600 08386000 82062004 22838800 08388000 82062808
[17:53:26.911] 24838A00 0838A000 82063008 24838C00 0838C000 82063804 22838E00 0838E000
[17:53:26.916] 82064808 24839200 08392000 82068808 2483A200 083A2000 82069008 2483A400
[17:53:26.921] 083A4000 82069808 2483A600 083A6000 8206C808 2483B200 083B2000 8206D808
[17:53:26.927] 2483B600 083B6000 8206F808 2483BE00 083BE000 82072808 2483CA00 083CA000
[17:53:26.933] 82073808 2483CE00 083CE000 82074008 2483D000 083D0000 82074808 2483D200
[17:53:26.940] 083D2000 82075008 2483D400 083D4000 82077808 2483DE00 083DE000 8207F808
[17:53:26.946] 2483FE00 083FE000 8207F808 2483FE00 083FE000 8207F808 2483FE00 083FE000
[17:53:26.959] 8207F808 2483FE00 083FE000 83DEBFFF FFF8397F FFFFF2FF FFFFE5FF FFFFCBFF
[17:53:26.976] FFFF97FF FFFF2FFF FFFE5FFF FFFCBFFF FFF97FFF FFF2FFFF FFE5FFFF FFCBFFFF
[17:53:26.993] FF97FFFF FF2FFFFF FE5FFFFF FCBFFFFF F97FFFFF F2FFFFFF E5FFFFFF CBFFFFFF
[17:53:27.003] 97FFFFFF 2FFFFFFE 5FFFFFFC BFFFFFF9 7FFFFFF2 FFFFFFE5 FFFFFFCB FFFFFF97
[17:53:27.012] FFFFFF2F FFFFFE5F FFFFFCBF FFFFF97F FFFFF2FF FFFFE5FF FFFFCBFF FFFF97FF
[17:53:27.022] FFFF2FFF FFFE5FFF FFFCBFFF FFF97FFF FFF2FFFF FFE5FFFF FFCBFFFF FF97FFFF
[17:53:27.030] FF2FFFFF FE5FFFFF FCBFFFFF F97FFFFF F2FFFFFF E5FFFFFF CBFFFFFF 97FFFFFF
[17:53:27.040] 2FFFFFFE 5FFFFFFC BFFFFFF9 7FFFFFF2 FFFFFFE5 FFFFFFCB FFFFFF97 FFFFFF2F
[17:53:27.050] FFFFFE5F FFFFFCBF FFFFF97F FFFFF2FF FFFFE5FF FFFFCBFF FFFF97FF FFFF2FFF
[17:53:27.066] FFFE5FFF FFFCBFFF FFF97FFF FFF2FFFF FFE5FFFF FFCBFFFF FF97FFFF FF2FFFFF
[17:53:27.082] FE5FFFFF FCBFFFFF F97FFFFF F2FFFFFF E5FFFFFF CBFFFFFF 97FFFFFF 2FFFFFFE
[17:53:27.098] 5FFFFFFC BFFFFFF9 7FFFFFF2 FFFFFFE5 FFFFFFCB FFFFFF97 FFFFFF2F FFFFFE5F
[17:53:27.114] FFFFFCBF FFFFF97F FFFFF2FF FFFFE5FF FFFFCBFF FFFF97FF FFFF2FFF FFFE5FFF
[17:53:27.128] FFFCBFFF FFF97FFF FFF2FFFF FFE5FFFF FFCBFFFF FF97FFFF FF2FFFFF FE5FFFFF
[17:53:27.140] FCBFFFFF F97FFFFF F2FFFFFF E5FFFFFF CBFFFFFF 97FFFFFF 2FFFFFFE 5FFFFFFD
[17:53:27.158] FFC80002 D083B800 0000FF80 000001FE 00000007 F8000000 03FE0000 000FFC00
[17:53:27.172] 00000000 0FF00000 003FC000 0000FFC0 000003FC 0000000F F0000000 00003FE0
[17:53:27.182] 0000007F 80000001 FE000000 00FF8000 0003FF00 00000000 03FC0000 000FF000
[17:53:27.197] 00003FF0 000000FF 00000003 FC000000 00007EE0 00000000 00000000 00000000
[17:53:27.212] 00000000 00000000 202020C0 21402160 00800020 00080002 00008000 20000800
[17:53:27.231] 02000080 00200008 00020000 80002000 08000200 00800020 00080002 002020A0
[17:53:27.242] 28080830 28320C02 140A1485 00858285 A1600080 00200008 00020000 80002000
[17:53:27.255] 08000200 00800020 00080002 00008000 20000800 02000080 00200008 00020020
[17:53:27.272] 20A02808 08302832 0C02140A 14850085 8285A172 8401E32D 300C2FFF FFFFDFFF
[17:53:27.305] F59B9420 08E00452 40000800 00412E68 022605EF 05001040 00100008 00000C10
[17:53:27.344] 41040043 94008000 82087220 01000021 830C0113 02F41022 00004080 64
[17:53:27.390] [L3API][H] pdu filter hw sbl 24->21 bcl10 120->105 add 0->0 red 0->0
[17:53:27.439] [L3API][H]  supportedBandCombination_v10i0 free - 0x856BD7A8
[17:53:27.460] [L3API][H]  supportedBandCombination_r10 free - 0x856AE758
[17:53:27.504] [L3API][H] eutra RunSrc:CFG->PDU
[17:53:27.529] [L3API][H] eutra reset: skip cfg overlay (OSS_DECODE)
[17:53:27.837] $ ping 192.168.0.1
[17:53:27.845] (NON_CA=0)
[17:53:27.849] [L3API][H] eutra reset: NON_CA - strip CA from run DB
[17:53:27.858] [L3API][H] eutra keep Non-CA BCL (ca_mode=0) r10 105->21 add 0->0 red 0->0
[17:53:27.864] [L3API][H] eutra reset: DB from PDU (sz=1853) RunSrc=PDU (no overlay)
[17:53:27.870] mrd: ca_band_combination_list()
[17:53:27.875] mrd: CA user_version : 0
[17:53:27.882] mrd: CA Band combination List file_ver:0, ucfg_user_ver:0
[17:53:27.888] mrd: /var/nr/param/capa/rrc_ca_combination_list_mode_none.bin : version match
[17:53:27.895] mrd: File(/var/nr/param/capa/rrc_ca_combination_list_working.bin) size : 330
[17:53:27.906] mrd: Create New CA Band Combination List File(/var/nr/param/capa/rrc_ca_combination_list_working.bin)
[17:53:27.914] mrd: ca disable index : 0
[17:53:27.922] mrd: Enable/Disable Enable_field among CA Band Combination List
[17:53:27.928] mrd: The Supported CA Band combination list not set.(user_ver(0)
[17:53:27.939] Modem IPC mode:
[17:53:27.943]   master_proc_idle=1
[17:53:27.950]   assert_level=3
[17:53:27.954]   sdu_prio=1
[17:53:27.957] Linux IPC mode:
[17:53:27.962]   proc_idle enabled=1(cpu=0)
[17:53:27.966]   assert_level=3(3)
[17:53:27.972]   sdu_prio=1(1)
[17:53:27.976] mrd: [mrd_db_device_info] MCC[001] MNC[012], MNC len(3), SVN(0)
[17:53:27.985] mrd: NR UICC INFORMATION INDICATION(DEV_IDX(1)
[17:53:27.989] mrd: USIM Status 1
[17:53:27.993] mrd: USIM Slot	0
[17:53:27.998] mrd: IMSI : 001012345678901
[17:53:28.001] mrd: IMEI : 123456798213141
[17:53:28.008] mrd: SV : 0
[17:53:28.011] mrd: ICCID : 89014103255041700619
[17:53:28.017] mrd: EID : 00000000000000000000000000000000
[17:53:28.021] mrautocm: [mrcm_uicc_info_ind] status from (0) to (1)
[17:53:28.027] mrd: [mrd_db_device_info] MCC[001] MNC[012], MNC len(3), SVN(0)
[17:53:28.032] mrd: NR UICC INFORMATION INDICATION(DEV_IDX(1)
[17:53:28.037] mrd: USIM Status 1
[17:53:28.041] mrd: USIM Slot	0
[17:53:28.044] mrd: IMSI : 001012345678901
[17:53:28.050] mrd: IMEI : 123456798213141
[17:53:28.053] mrd: SV : 0
[17:53:28.058] mrd: ICCID : 8901410325504170[NV] +nv_write [mrd] NET(4) data=0x7fa6d07010 offs=0xc7 size=0x1
[17:53:28.069] 0619
[17:53:28.097] mrd: EID : 00000000000000000000000000000000
[17:53:28.104] mrautocm: [mrcm_uicc_info_ind] status from (0) to (1)
[17:53:28.109] mrd: DEVICE CONFIG SET RESPONSE(DEV_IDX(1) Result(0)
[17:53:28.113] mrd: [mrd_db_device_info] MCC[001] MNC[012], MNC len(3), SVN(0)
[17:53:28.119] mrd: NR UICC INFORMATION INDICATION(DEV_IDX(1)
[17:53:28.127] mrd: USIM Status 1
[17:53:28.133] mrd: USIM Slot	0
[17:53:28.136] mrd: IMSI : 001012345678901
[17:53:28.142] mrd: IMEI : 123456798213141
[17:53:28.145] mrd: SV : 0
[17:53:28.150] mrd: ICCID : 89014103255041700619
[17:53:28.154] mrd: EID : 00000000000000000000000000000000
[17:53:28.159] mrautocm: [mrcm_uicc_info_ind] status from (0) to (1)
[17:53:28.168] [NV] [LTE_NV] mrd Write Skip id=4(NET)
[17:53:28.172] [NV] -nv_write [mrd] NET(4) data=0x7fa6d07010 offs=0xc7 size=0x1
[17:53:28.177] mrd: DEVICE CONFIG SET RESPONSE(DEV_IDX(1) Result(0)
[17:53:28.182] mrd: NR RRC CAPA SET RESPONSE(DEV_IDX(1))
[17:53:28.190] mrd: Result : 0
[17:53:28.193] mrd: NR RRC CAPA SET RESPONSE(DEV_IDX(1))
[17:53:28.200] mrd: Result : 0
[17:53:28.204] mrd: NR RRC CAPA SET RESPONSE(DEV_IDX(1))
[17:53:28.210] mrd: Result : 0
[17:53:28.213] mrd: LTE RRC CAPA SET RESPONSE(DEV_IDX(1))
[17:53:28.220] mrd: Result : 0[NV] +nv_write [mrd] NET(4) data=0x7fa6d07010 offs=0xc9 size=0x1
[17:53:28.227] [NV] [LTE_NV] mrd Write Skip id=4(NET)
[17:53:28.230] [NV] -nv_write [mrd] NET(4) data=0x7fa6d07010 offs=0xc9 size=0x1
[17:53:28.236] mrd: SMS STORAGE CONFIG WRITE RESPONSE
[17:53:28.242] DM> shell
[17:53:28.248] # mrd: ONLINE REQUEST ret=110
[17:53:28.251] mrd: run_lte_scr nr=0
[17:53:28.257] mrd: run_cm_online_request_thread() - init_complete
[17:53:28.262] mrd: [online_request]Watchdog First start
[17:53:28.269] mrbip: LTE PS INIT Completed
[17:53:28.272] mrautocm: MRAPI_UiccIdReadReq midType (0)
[17:53:28.279] mrautocm: [MRAPI_UiccIdReadReq]
[17:53:28.282] mrbip: Start
[17:53:28.287] mrd: [SERVER] new connection request
[17:53:28.292] mrd: lted_srv_alloc_client id=4
[17:53:28.296] mrd: [SERVER] assigns client index 4 proc=mratcm(1455)
[17:53:28.303] c00: gdm_irq_set_type: cpu=0 hwirq=99 type=4
[17:53:28.307] c00: set_affinity: irq=46(UART RX) cpu=0
[17:53:28.315] c00: gdm_irq_set_type: cpu=0 hwirq=98 type=4
[17:53:28.319] c00: set_affinity: irq=47(UART TX) cpu=0
[17:53:28.323] uart port[1] fc=0 cr=0000002b
[17:53:28.326] highd open nr=1
[17:53:28.331] gif_open mratcm 1/0
[17:53:28.334] mrd: [mrd_db_device_info] MCC[001] MNC[012], MNC len(3), SVN(0)
[17:53:28.343] mrd: NR UICC INFORMATION INDICATION(DEV_IDX(1)
[17:53:28.347] mrd: USIM Status 1
[17:53:28.353] mrd: USIM Slot	0
[17:53:28.357] mrd: IMSI : 001012345678901
[17:53:28.362] mrd: IMEI : 123456798213141
[17:53:28.366] mrd: SV : 0
[17:53:28.371] mrd: ICCID : 89014103255041700619
[17:53:28.375] mrd: EID : 00000000000000000000000000000000
[17:53:28.382] mrautocm: [mrcm_uicc_info_ind] status from (0) to (1)
[17:53:28.386] mrautocm: [MRAPI_S_GET_UsimOperator]
[17:53:28.390] mrautocm: [mrcm_uicc_info_ind] USIM Operator From (E_USIM_OPER_UNKNOWN) To(E_USIM_OPER_UNKNOWN)
[17:53:28.439] ifconfig
[17:53:28.445] br0       Link encap:Ethernet  HWaddr 00:0A:3B:FF:FF:01  
[17:53:28.449]           inet addr:192.168.0.1  Bcast:192.168.0.255  Mask:255.255.255.0
[17:53:28.455]           inet6 addr: fe80::b43d:bdff:fe51:a887/64 Scope:Link
[17:53:28.459]           UP BROADCAST RUNNING MULTICAST  MTU:1500  Metric:1
[17:53:28.467]           RX packets:106 errors:0 dropped:0 overruns:0 frame:0
[17:53:28.471]           TX packets:50 errors:0 dropped:0 overruns:0 carrier:0
[17:53:28.479]           collisions:0 txqueuelen:1000 
[17:53:28.482]           RX bytes:20749 (20.2 KiB)  TX bytes:4400 (4.2 KiB)
[17:53:28.487] lo        Link encap:Local Loopback  
[17:53:28.493]           inet addr:127.0.0.1  Mask:255.0.0.0
[17:53:28.497]           inet6 addr: ::1/128 Scope:Host
[17:53:28.502]           UP LOOPBACK RUNNING  MTU:65536  Metric:1
[17:53:28.509]           RX packets:0 errors:0 dropped:0 overruns:0 frame:0
[17:53:28.513]           TX packets:0 errors:0 dropped:0 overruns:0 carrier:0
[17:53:28.516]           collisions:0 txqueuelen:1000 
[17:53:28.522]           RX bytes:0 (0.0 B)  TX bytes:0 (0.0 B)
[17:53:28.525] usb0      Link encap:Ethernet  HWaddr 00:0A:3B:FF:FF:01  
[17:53:28.533]           inet6 addr: fe80::20a:3bff:feff:ff01/64 Scope:Link
[17:53:28.537]           UP BROADCAST RUNNING MULTICAST  MTU:1500  Metric:1
[17:53:28.543]           RX packets:110 errors:0 dropped:0 overruns:0 frame:0
[17:53:28.548]           TX packets:41 errors:0 dropped:0 overruns:0 carrier:0
[17:53:28.555]           collisions:0 txqueuelen:1000 
[17:53:28.852]           RX bytes:21045 (20.5 KiB)  TX bytes:6512 (6.3 KiB)
[17:53:28.864] # i2c 2-0047: deferred probe pending: (reason unknown)
[17:53:28.870] ping 192.168.0.1
[17:53:28.874] PING 192.168.0.1 (192.168.0.1): 56 data bytes
[17:53:28.880] 64 bytes from 192.168.0.1: seq=0 ttl=64 time=0.173 ms
[17:53:29.878] 64 bytes from 192.168.0.1: seq=1 ttl=64 time=0.101 ms
[17:53:29.889] 64 bytes from 192.168.0.1: seq=2 ttl=64 time=0.082 ms
[17:53:30.890] 64 bytes from 192.168.0.1: seq=3 ttl=64 time=0.050 ms
[17:53:31.199] $ (ctrl) Ctrl+C
[17:53:32.206] ^C
[17:53:32.210] --- 192.168.0.1 ping statistics ---
[17:53:32.213] 4 packets transmitted, 4 packets received, 0% packet loss
[17:53:32.216] round-trip min/avg/max = 0.050/0.101/0.173 ms
[17:53:33.534] $ ifconfig
[17:53:33.547] ifconfig
[17:53:33.550] br0       Link encap:Ethernet  HWaddr 00:0A:3B:FF:FF:01  
[17:53:33.553]           inet addr:192.168.0.1  Bcast:192.168.0.255  Mask:255.255.255.0
[17:53:33.559]           inet6 addr: fe80::b43d:bdff:fe51:a887/64 Scope:Link
[17:53:33.562]           UP BROADCAST RUNNING MULTICAST  MTU:1500  Metric:1
[17:53:33.566]           RX packets:153 errors:0 dropped:0 overruns:0 frame:0
[17:53:33.569]           TX packets:66 errors:0 dropped:0 overruns:0 carrier:0
[17:53:33.573]           collisions:0 txqueuelen:1000 
[17:53:33.577]           RX bytes:24493 (23.9 KiB)  TX bytes:5550 (5.4 KiB)
[17:53:33.580] lo        Link encap:Local Loopback  
[17:53:33.583]           inet addr:127.0.0.1  Mask:255.0.0.0
[17:53:33.585]           inet6 addr: ::1/128 Scope:Host
[17:53:33.588]           UP LOOPBACK RUNNING  MTU:65536  Metric:1
[17:53:33.591]           RX packets:8 errors:0 dropped:0 overruns:0 frame:0
[17:53:33.595]           TX packets:8 errors:0 dropped:0 overruns:0 carrier:0
[17:53:33.598]           collisions:0 txqueuelen:1000 
[17:53:33.601]           RX bytes:672 (672.0 B)  TX bytes:672 (672.0 B)
[17:53:33.604] usb0      Link encap:Ethernet  HWaddr 00:0A:3B:FF:FF:01  
[17:53:33.608]           inet6 addr: fe80::20a:3bff:feff:ff01/64 Scope:Link
[17:53:33.612]           UP BROADCAST RUNNING MULTICAST  MTU:1500  Metric:1
[17:53:33.616]           RX packets:161 errors:0 dropped:4 overruns:0 frame:0
[17:53:33.620]           TX packets:57 errors:0 dropped:0 overruns:0 carrier:0
[17:53:33.623]           collisions:0 txqueuelen:1000 
[17:53:34.638]           RX bytes:24965 (24.3 KiB)  TX bytes:8492 (8.2 KiB)
[17:53:35.938] $ lspci
[17:53:36.943] lspci
[17:53:38.242] $ cat /proc/interrupt
[17:53:39.261] cat /proc/interrupt
[17:53:39.265] cat: can't open '/proc/interrupt': No such file or directory
[17:53:50.086] $ (knock every 2s) 
[17:53:50.091] ROM(3a97301700)
[17:53:50.094] NCfg v=33a5 e=2 p=1 a=1
[17:53:50.098] ID: ad ac 80 16 20 
[17:53:50.102] BBT not found
[17:53:50.105] psbl 00000000 r=0 18737us
[17:53:50.109] c00 sec=0 fb=1 pll=1 lcs=0
[17:53:50.111] btmd=3 clk(50 1600 1300 100) r=0x660
[17:53:50.114] rr=0x0(POR)
[17:53:50.119] sbl r=0 s=8192,4096 r=0 518us
[17:53:50.122] sbl v=1 ea000003 4d4c4253 0000 1750 cf953058
[17:53:50.126] sbl sz=5968 csum ok 579us
[17:53:50.128] - JT j=1021000 r=696
[17:53:50.133] PBL: 2026-08-07 22:20:42 7c59084a(master)
[17:53:50.136]   Date: 2026-09-01 16:40:12
[17:53:50.139]   User: gct@CS-buildserver
[17:53:50.142]   Path: /home/gct/gct_workspace/dailybuild/repos/openwrt/builds/ast/build_dir/target-aarch64-openwrt-linux-gnu_glibc/sbl-gct-1.  Ver: 1.0.0
[17:53:50.151] btmd=3 rr=0x0(POR)
[17:53:50.155] arm=1300 sys=1600
[17:53:50.159] CMNNV hdr=01022774 act=0
[17:53:50.162]   hdr chksum	: 0x8d0007c4
[17:53:50.165]   magic		: 0xcafebabe
[17:53:50.169]   timstamp	: 0x00000032
[17:53:50.172]   data chksum	: 0xf4c70c89
[17:53:50.176]   data size	: 0x0003ffc0
[17:53:50.180] hdr[0] magic err 00000000(hdr)!=0xcafebabe
[17:53:50.183] hdr[1] magic err 00000000(hdr)!=0xcafebabe
[17:53:50.187] SBL hdr=01022b34 act=2
[17:53:50.190]   hdr chksum	: 0x7af20757
[17:53:50.193]   magic		: 0xcafebabe
[17:53:50.197]   timstamp	: 0x0000000c
[17:53:50.200]   data chksum	: 0xe75e31fb
[17:53:50.203]   data size	: 0x00096de4
[17:53:50.207] sbl image all invalid
[17:53:50.210] SBL r=0 s=114688 pre=0 vrl=0 r=0
[17:53:50.214] wdt=5s
[17:53:50.217] pbl go 01024800 r1724
[17:53:50.220] B�N�(peri 2x=10303 1x=10707
[17:53:50.224] grf ver=2(0x7)
[17:53:50.227] afe pwr down
[17:53:50.231] SBL: 2026-08-07 22:20:42 7c59084a(master)
[17:53:50.234]   Date: 2026-09-01 16:40:11
[17:53:50.238]   User: gct@CS-buildserver
[17:53:50.241]   Path: /home/gct/gct_workspace/dailybuild/repos/openwrt/builds/ast/build_dir/target-aarch64-openwrt-linux-gnu_glibc/sbl-gct-1.  Ver: 1.2.0
[17:53:50.249]   Pkg: 1.11.0
[17:53:50.253]   GCC: 9.3.0
[17:53:50.256] btmd=3 rr=0x0(POR)
[17:53:50.260] arm=1600(vcc=8(0.850)) sys=1600(vcc=4(0.750)) ddr=3732
[17:53:50.263] pmic(0x32): 0x23->0x20
[17:53:50.267] gate-adj: {0,0,0,0}{9,9,9,9}
[17:53:50.271] read-adj: {1,0,0,0}{9,9,9,9}
[17:53:50.274] ddr_main CFG=1 ch=1 PDDS=1
[17:53:50.277] dynamic: pcg=0 sr=0 pd=0
[17:53:50.280] ihs_ddr_init(orbit) oic=2 warm=0
[17:53:50.284] reset ddr
[17:53:50.287] ddr bus @sys=1600: 2x=266 1x=66
[17:53:50.291] CH(0), period (20000)
[17:53:50.294] CH(0), period (20000)
[17:53:50.298] CH(0), period (536)
[17:53:50.301] CH(0), period (1072)
[17:53:50.304] CH(0), period (1250)
[17:53:50.307] CH(0), period (2500)
[17:53:50.309] CH(0), period (536)
[17:53:50.312] CH(0), period (1072)
[17:53:50.315] CH(0), period (1250)
[17:53:50.318] CH(0), period (2500)
[17:53:50.320] CH(0), period (536)
[17:53:50.323] MR: [5]=01 [6]=06 [7]=00 [8]=0a 
[17:53:50.326] ddr=3730 vdd1=13(1.800) vdd2=16(1.150) vddq=4(0.650)
[17:53:50.330] mem(0x80000000) test: ok(6ms)
[17:53:50.333] IDs: ad ac 80 16 20
[17:53:50.336]   blk=256
[17:53:50.339] NCfg v=3325 e=2 p=1 a=1
[17:53:50.343] ID: ad ac 80 16 20 
[17:53:50.346] BBT not found
[17:53:50.349] ------------------------
[17:53:50.352] Selected CMNNV Header (act : 0)
[17:53:50.355] ------------------------
[17:53:50.359] hdr chksum	: 0x8d0007c4
[17:53:50.363] magic		: 0xcafebabe
[17:53:50.366] timstamp	: 0x00000032
[17:53:50.369] data chksum	: 0xf4c70c89
[17:53:50.372] data size	: 0x0003ffc0
[17:53:50.375] ------------------------
[17:53:50.378] hdr magic err(0) 0x00000000 != (0xcafebabe)
[17:53:50.382] hdr magic err(1) 0x00000000 != (0xcafebabe)
[17:53:50.385] ------------------------
[17:53:50.388] Selected TFA Header (act : 2)
[17:53:50.392] ------------------------
[17:53:50.396] hdr chksum	: 0x6cc5070e
[17:53:50.444] magic		: 0xcafebabe
[17:53:50.449] timstamp	: 0x00000006
[17:53:50.453] data chksum	: 0x4ff8db55
[17:53:50.457] data size	: 0x00e13000
[17:53:50.460] ------------------------
[17:53:50.463] hdr magic err(0) 0x00000000 != (0xcafebabe)
[17:53:50.467] hdr magic err(1) 0x00000000 != (0xcafebabe)
[17:53:50.470] ------------------------
[17:53:50.474] Selected UBOOT Header (act : 2)
[17:53:50.477] ------------------------
[17:53:50.480] hdr chksum	: 0x00000000
[17:53:50.483] magic		: 0x00000000
[17:53:50.487] timstamp	: 0x00000000
[17:53:50.490] data chksum	: 0x00000000
[17:53:50.493] data size	: 0x00000000
[17:53:50.496] ------------------------
[17:53:50.499] tfa image all invalid
[17:53:50.503] TFA r=0 s=250191 r=0
[17:53:50.507] u-boot image all invalid
[17:53:50.510] uboot r=0 s=668624 r=0
[17:53:50.514] wdt=10s
[17:53:50.517] refx calibration result : dt,dcc 77, 43 : 0x1a4 = 0xfe03820, 0x1e8 = 0x0818060
[17:53:50.522] refx cal elapsed=304ms
[17:53:50.525] sbl go 80100000 r3ec9
[17:53:50.528] TF-A: 2026-08-29 00:00:10 bbef1a49(master)
[17:53:50.531]   Date: 2026/09/01-16:42:50
[17:53:50.535]   User: gct@CS-buildserver
[17:53:50.538]   Path: /home/gct/gct_workspace/dailybuild/repos/openwrt/builds/ast/build_dir/target-aarch64-openwrt-linux-gnu_glibc/uboot-gct-1.11.0/arm-trusted-firmware
[17:53:50.547]   Ver: 1.0.0
[17:53:50.551]   Pkg: 1.11.0
[17:53:50.554]   GCC: 13.3.0
[17:53:50.557]   Log-Level: 30
[17:53:50.560] EXC-V=8013c000
[17:53:50.563] TZCLK/TSG=1
[17:53:50.567] BL33 pc=0x80200800 spsr=0x3c9
[17:53:50.571] U-Boot 2021.07-gbbef1a49 (Oct 19 2025 - 16:37:45 +0000)
[17:53:50.575] U-Boot: 2026-08-29 00:00:10 bbef1a49(master) dual_sbl
[17:53:50.579]   Date: 2026-09-01 16:42:08
[17:53:50.583]   User: gct@CS-buildserver
[17:53:50.587]   Path: /home/gct/gct_workspace/dailybuild/repos/openwrt/builds/ast/build_dir/target-aarch64-openwrt-linux-gnu_glibc/uboot-gct-1.11.0
[17:53:50.595]   Ver: 1.2.0
[17:53:50.599]   Pkg: 1.11.0
[17:53:50.602]   GCC: 13.3.0
[17:53:50.606] DRAM:  512 MiB
[17:53:50.611] mem_malloc_init: start=0x9eff0000 sz=0x1010000
[17:53:50.614] copy text/data(0x01020800, 0x802a3b00, 208)
[17:53:50.618] set bss(0x010208d0 0)
[17:53:50.622] board init
[17:53:50.625] ETH_EN(GPF1[44]): 1(dflt)->0(set-low)->10ms->1(set-high)
[17:53:50.629] ETH_EN(GPE[11]): 1(dflt)->0(set-low)->10ms->1(set-high)
[17:53:50.632] ECID: S0=0x00000000 S1=0x00000000 S2=0x00000000
[17:53:50.636] copy from 0x802009d8 to 0x1030000 sz=0
[17:53:50.639] Device nand0 not found!
[17:53:50.643] mtdparts_init fail
[17:53:50.647] adjusted cmpu_par addr: 0x802a3bd0 -> 0x802a3be0
[17:53:50.651] NO CMPU magic(0x802a3be0: 0x33353135)
[17:53:50.655] PMIC DCDC off in sleep: 2 3 4 5 6 8
[17:53:50.658] NAND:  N-Cfg val=33a5 ecc=2 page=1 addr=1
[17:53:50.662]   chip=512MB
[17:53:50.666]   block=256KB
[17:53:50.669]   addr=5cyc
[17:53:50.673]   page=4KB
[17:53:50.676]   spare=256B
[17:53:50.680]   ecc=4bit
[17:53:50.683] Loading Environment from NAND(3)... OK
[17:53:50.686] In:    serial
[17:53:50.690] Out:   serial
[17:53:50.693] Err:   serial
[17:53:50.697] dtb: fixed pmic(revC)
[17:53:50.700] dtb: dis mmc
[17:53:50.703] Hit any key to stop autoboot:  1  0 
[17:53:50.709] do_run_modem: runmodem=0
[17:53:50.713] [CMNNV] map(0x00000000 0x00100000)
[17:53:50.718] [CMNNV] using block idx=0 addr=0x0 ts=0x32
[17:53:50.722] ************************
[17:53:50.726] CMNNV Header (act=0)
[17:53:50.731] ************************
[17:53:50.735] ------------------------
[17:53:50.739] hdr chksum  : 0x8d0007c4
[17:53:50.742] magic       : 0xcafebabe
[17:53:50.746] timstamp    : 0x00000032
[17:53:50.750] data chksum : 0xf4c70c89
[17:53:50.754] data size   : 0x0003ffc0
[17:53:50.758] ------------------------
[17:53:50.761] ************************
[17:53:50.766] SBL Header (act=2)
[17:53:50.770] ************************
[17:53:50.775] ------------------------
[17:53:50.779] hdr chksum  : 0x00000000
[17:53:50.783] magic       : 0x00000000
[17:53:50.788] timstamp    : 0x00000000
[17:53:50.791] data chksum : 0x00000000
[17:53:50.796] data size   : 0x00000000
[17:53:50.799] ------------------------
[17:53:50.803] ------------------------
[17:53:50.807] hdr chksum  : 0x00000000
[17:53:50.811] magic       : 0x00000000
[17:53:50.816] timstamp    : 0x00000000
[17:53:50.820] data chksum : 0x00000000
[17:53:50.824] data size   : 0x00000000
[17:53:50.828] ------------------------
[17:53:50.832] ************************
[17:53:50.837] TFA Header (act=2)
[17:53:50.841] ************************
[17:53:50.845] ------------------------
[17:53:50.850] hdr chksum  : 0x00000000
[17:53:50.854] magic       : 0x00000000
[17:53:50.858] timstamp    : 0x00000000
[17:53:50.863] data chksum : 0x00000000
[17:53:50.866] data size   : 0x00000000
[17:53:50.871] ------------------------
[17:53:50.876] ------------------------
[17:53:50.880] hdr chksum  : 0x00000000
[17:53:50.884] magic       : 0x00000000
[17:53:50.888] timstamp    : 0x00000000
[17:53:50.893] data chksum : 0x00000000
[17:53:50.897] data size   : 0x00000000
[17:53:50.901] ------------------------
[17:53:50.905] ************************
[17:53:50.909] U-boot Header (act=2)
[17:53:50.914] ************************
[17:53:50.917] ------------------------
[17:53:50.922] hdr chksum  : 0x00000000
[17:53:50.927] magic       : 0x00000000
[17:53:50.931] timstamp    : 0x00000000
[17:53:50.935] data chksum : 0x00000000
[17:53:50.939] data size   : 0x00000000
[17:53:50.943] ------------------------
[17:53:50.948] ------------------------
[17:53:50.952] hdr chksum  : 0x00000000
[17:53:50.957] magic       : 0x00000000
[17:53:50.961] timstamp    : 0x00000000
[17:53:50.965] data chksum : 0x00000000
[17:53:50.971] data size   : 0x00000000
[17:53:50.975] ------------------------
[17:53:50.980] ************************
[17:53:50.984] FDT Header (act=0)
[17:53:50.988] ************************
[17:53:50.993] ------------------------
[17:53:50.997] hdr chksum  : 0x5a970693
[17:53:51.001] magic       : 0xcafebabe
[17:53:51.006] timstamp    : 0x00000006
[17:53:51.010] data chksum : 0x6044e8f7
[17:53:51.014] data size   : 0x00005436
[17:53:51.018] ------------------------
[17:53:51.022] ------------------------
[17:53:51.026] hdr chksum  : 0x6a3d06ed
[17:53:51.030] magic       : 0xcafebabe
[17:53:51.035] timstamp    : 0x00000005
[17:53:51.040] data chksum : 0xfa09e6fd
[17:53:51.044] data size   : 0x0000542e
[17:53:51.048] ------------------------
[17:53:51.055] ************************
[17:53:51.061] Linux Header (act=0)
[17:53:51.065] ************************
[17:53:51.069] ------------------------
[17:53:51.074] hdr chksum  : 0x6cc5070e
[17:53:51.077] magic       : 0xcafebabe
[17:53:51.082] timstamp    : 0x00000006
[17:53:51.086] data chksum : 0x4ff8db55
[17:53:51.091] data size   : 0x00e13000
[17:53:51.095] ------------------------
[17:53:51.099] ------------------------
[17:53:51.103] hdr chksum  : 0x49350658
[17:53:51.108] magic       : 0xcafebabe
[17:53:51.112] timstamp    : 0x00000005
[17:53:51.116] data chksum : 0xf1632701
[17:53:51.121] data size   : 0x00e77000
[17:53:51.126] ------------------------
[17:53:51.129] ************************
[17:53:51.133] ROOT_FS Header (act=0)
[17:53:51.137] ************************
[17:53:51.142] ------------------------
[17:53:51.146] hdr chksum  : 0x450a0623
[17:53:51.150] magic       : 0xcafebabe
[17:53:51.154] timstamp    : 0x0000000a
[17:53:51.157] data chksum : 0x4fc3e143
[17:53:51.161] data size   : 0x03600000
[17:53:51.164] ------------------------
[17:53:51.169] ------------------------
[17:53:51.173] hdr chksum  : 0x1a9b0536
[17:53:51.306] magic       : 0xcafebabe
[17:53:51.312] timstamp    : 0x00000009
[17:53:51.316] data chksum : 0x4f21ff00
[17:53:51.320] data size   : 0x023c0000
[17:53:51.324] ------------------------
[17:53:51.327] ************************
[17:53:51.330] ZP Header (act=1)
[17:53:51.333] ************************
[17:53:51.336] ------------------------
[17:53:51.340] hdr chksum  : 0x40a70624
[17:53:51.344] magic       : 0xcafebabe
[17:53:51.347] timstamp    : 0x00000005
[17:53:51.350] data chksum : 0x9c373d1e
[17:53:51.353] data size   : 0x008ad116
[17:53:51.356] ------------------------
[17:53:51.359] ------------------------
[17:53:51.363] hdr chksum  : 0xc00b08e2
[17:53:51.365] magic       : 0xcafebabe
[17:53:51.369] timstamp    : 0x00000008
[17:53:51.373] data chksum : 0x9cccf6ed
[17:53:51.376] data size   : 0x008bbcc8
[17:53:51.379] ------------------------
[17:53:51.382] ************************
[17:53:51.386] NR1NV Header (act=1)
[17:53:51.389] ************************
[17:53:51.393] ------------------------
[17:53:51.443] hdr chksum  : 0x7af20757
[17:53:51.448] magic       : 0xcafebabe
[17:53:51.453] timstamp    : 0x0000000c
[17:53:51.456] data chksum : 0xe75e31fb
[17:53:51.465] data size   : 0x00096de4
[17:53:51.469] ------------------------
[17:53:51.473] ------------------------
[17:53:51.476] hdr chksum  : 0x7b260758
[17:53:51.480] magic       : 0xcafebabe
[17:53:51.483] timstamp    : 0x0000000d
[17:53:51.487] data chksum : 0xe75e31fb
[17:53:51.490] data size   : 0x00096de4
[17:53:51.493] ------------------------
[17:53:51.497] NAND read: device 0 offset 0x1c80000, size 0xe13800
[17:53:51.500]  14759936 bytes read: OK
[17:53:51.503] NAND read: device 0 offset 0x1280000, size 0x5436
[17:53:51.506]  21558 bytes read: OK
[17:53:51.510] c00: cpu_smc_handler: fid=c1000031 x1=0 x2=0 x3=0 x4=0
[17:53:51.513] ## Flattened Device Tree blob at 87000000
[17:53:51.516]    Booting using the fdt blob at 0x87000000
[17:53:51.519]    Loading Device Tree to 000000009ef62000, end 000000009efeafff ... OK
[17:53:51.523] Starting kernel at 80a00000(64) ...
[17:53:51.527] Booting Linux on physical CPU 0x0000000000 [0x412fd050] at EL1
[17:53:51.531] Linux version 6.12.49 (djkim@djkim) (arm64v8el-9.3-linux-uclibc-gcc.br_real (Buildroot 2020.02.4) 9.3.0, GNU ld (GNU Binutils) 2.32) #119 SMP Wed Sep  2 11:20:53 KST 2026
[17:53:51.540] KASLR disabled due to lack of seed
[17:53:51.544] Machine model: GCT GDM7275X
[17:53:51.548] BOOT=nand
[17:53:51.552] Memory limited to 512MB
[17:53:51.555] READ ONLY FILESYSTEM
[17:53:51.559] earlycon: gdmuart0 at MMIO32 0x0000000013100000 (options '')
[17:53:51.562] printk: legacy bootconsole [gdmuart0] enabled
[17:53:51.566] BOOT=nand
[17:53:51.569] dual_sbl=1
[17:53:51.572] tfa_ver=1.0.0
[17:53:51.576] FW Checksum: disable
[17:53:51.579] secure_boot=0
[17:53:51.582] Active linux : sbl
[17:53:51.585] Active rootfs: tfa
[17:53:51.589] Active tk    : zp2
[17:53:51.591] efi: UEFI not found.
[17:53:51.595] OF: reserved mem: Reserved memory: No reserved-memory node in the DT
[17:53:51.599] Zone ranges:
[17:53:51.603]   Normal   [mem 0x0000000080200000-0x000000009fffffff]
[17:53:51.606] Movable zone start for each node
[17:53:51.609] Early memory node ranges
[17:53:51.613]   node   0: [mem 0x0000000080200000-0x0000000083ffffff]
[17:53:51.616]   node   0: [mem 0x0000000094000000-0x000000009fffffff]
[17:53:51.619] Initmem setup node 0 [mem 0x0000000080200000-0x000000009fffffff]
[17:53:51.623] On node 0, zone Normal: 512 pages in unavailable ranges
[17:53:51.627] On node 0, zone Normal: 32768 pages in unavailable ranges
[17:53:51.630] psci: probing for conduit method from DT.
[17:53:51.633] psci: Using PSCI v0.1 Function IDs from DT
[17:53:51.637] percpu: Embedded 17 pages/cpu s31320 r8192 d30120 u69632
[17:53:51.640] pcpu-alloc: s31320 r8192 d30120 u69632 alloc=17*4096
[17:53:51.644] pcpu-alloc: [0] 0 [0] 1 [0] 2 [0] 3 
[17:53:51.647] Detected VIPT I-cache on CPU0
[17:53:51.651] CPU features: detected: Qualcomm erratum 1009, or ARM erratum 1286807, 2441009
[17:53:51.655] CPU features: detected: ARM errata 1165522, 1319367, or 1530923
[17:53:51.659] alternatives: applying boot alternatives
[17:53:51.663] Kernel command line: console=ttyS0,921600 boot=nand mem=512M ubi.mtd=19,4096 root=ubi0:rootfs ro rootfstype=ubifs mtdparts=gdm:1m(pbl),512k(secos),1m(sbl),1m(sbl2),1m(tfa),1m(tfa2),3m(uboot),3m(uboot2),1m(env),4m(nr1nv),2m(nr2nv),1m(fdt),1m(fdt2),2m(cmnnv),2m(cmnnv2),2m(crashlog),2m(reserved2),20m(linux),20m(linux2),100m(rootfs),100m(rootfs2),16m(zp),16m(zp2),32m(misc),156m(user) clk_ignore_unused maxcpus=1 earlycon=gdmuart,mmio32,0x13100000 debug loglevel=8 boot=nand attty=ttyS1 sbl_ver=1.2.0 dual_sbl=1 tfa_ver=1.0.0 bl_ver=1.2.0 checksum=disable secboot=0 active=sbl,tfa,uboot,fdt,linux,rootfs,zp2
[17:53:51.705] Unknown kernel command line parameters "attty=ttyS1 sbl_ver=1.2.0 bl_ver=1.2.0", will be passed to user space.
[17:53:51.712] Dentry cache hash table entries: 32768 (order: 6, 262144 bytes, linear)
[17:53:51.717] Inode-cache hash table entries: 16384 (order: 5, 131072 bytes, linear)
[17:53:51.721] Built 1 zonelists, mobility grouping on.  Total pages: 65024
[17:53:51.725] mem auto-init: stack:off, heap alloc:off, heap free:off
[17:53:51.729] software IO TLB: SWIOTLB bounce buffer size adjusted to 0MB
[17:53:51.732] software IO TLB: area num 4.
[17:53:51.735] software IO TLB: SWIOTLB bounce buffer size roundup to 1MB
[17:53:51.739] software IO TLB: mapped [mem 0x000000009f700000-0x000000009f800000] (1MB)
[17:53:51.743] SLUB: HWalign=64, Order=0-3, MinObjects=0, CPUs=4, Nodes=1
[17:53:51.748] rcu: Hierarchical RCU implementation.
[17:53:51.751] rcu: RCU calculated value of scheduler-enlistment delay is 100 jiffies.
[17:53:51.755] NR_IRQS: 64, nr_irqs: 64, preallocated irqs: 0
[17:53:51.760] Root IRQ handler: gdm_handle_irq
[17:53:51.762] set_smp_ipi_range ipi_base=1 n=8 nr_ipi=8
[17:53:51.765] rcu: srcu_init: Setting srcu_struct sizes based on contention.
[17:53:51.770] clkout:2
[17:53:51.774] c00: gdm_irq_set_type: cpu=0 hwirq=64 type=4
[17:53:51.777] c00: gdm_irq_set_type: cpu=0 hwirq=65 type=4
[17:53:51.780] c00: gdm_irq_set_type: cpu=0 hwirq=66 type=4
[17:53:51.783] c00: gdm_irq_set_type: cpu=0 hwirq=67 type=4
[17:53:51.786] c00: gdm_irq_set_type: cpu=0 hwirq=64 type=4
[17:53:51.789] arch_timer: cp15 timer(s) running at 50.00MHz (phys).
[17:53:51.793] clocksource: arch_sys_counter: mask: 0xffffffffffffff max_cycles: 0xb8812736b, max_idle_ns: 440795202655 ns
[17:53:51.800] sched_clock: 56 bits at 50MHz, resolution 20ns, wraps every 4398046511100ns
[17:53:51.804] Calibrating delay loop (skipped), value calculated using timer frequency.. 100.00 BogoMIPS (lpj=50000)
[17:53:51.811] pid_max: default: 32768 minimum: 301
[17:53:51.815] LSM: initializing lsm=capability
[17:53:51.818] Mount-cache hash table entries: 512 (order: 0, 4096 bytes, linear)
[17:53:51.822] Mountpoint-cache hash table entries: 512 (order: 0, 4096 bytes, linear)
[17:53:51.827] cacheinfo: Unable to detect cache hierarchy for CPU 0
[17:53:51.831] rcu: Hierarchical SRCU implementation.
[17:53:51.835] rcu: 	Max phase no-delay instances is 400.
[17:53:51.838] Build Info:
[17:53:51.841]   date: 2026-09-02 11:20:50
[17:53:51.844]   user: djkim@djkim
[17:53:51.848]   ver : 2026-08-03 21:44:59 8e04706492-dirty(master)
[17:53:51.852]   dtbv : gdm7275x-tethys3-ast-wifi.dtb - d55e375a63(test)
[17:53:51.856]   tfav: 1.0.0
[17:53:51.860]   pkgv: 1.00.3.0.0
[17:53:51.862]   appv: 1.00.3.0.0
[17:53:51.866]   src : /home/djkim/work/sdk/7275x/wifi/syn4384_lin6_crash
[17:53:51.870] Config Info:
[17:53:51.873]   PRODUCT: gdm7275x
[17:53:51.877]   COMPO_WIFI
[17:53:51.880]     MRVL_88W9098_PCI
[17:53:51.884]   HZ=1000
[17:53:51.887]   ARM_ARCH_TIMER
[17:53:52.027]   NET_NATQ_DEV_SKBQ
[17:53:52.070]   NET_VLANQ
[17:53:52.073]   VLAN_8021Q
[17:53:52.077]   MMC
[17:53:52.439]   PCI
[17:53:52.443]   ETH_GDM
[17:53:52.447]   USB_DWC3
[17:53:52.449]   NO ARM_DMA_MEM_BUFFERABLE
[17:53:52.452]   SMP(cpus=1)
[17:53:52.455]   HZ_PERIODIC
[17:53:52.458]   NAND_256KB
[17:53:52.462] rom=3a97301700
[17:53:52.465] rf_chip_id_val(0xfd)=0x0e000000 rev=2
[17:53:52.468] CPU: GDM7275X R2C [0x72750000]
[17:53:52.471] c00: id=0x412fd050
[17:53:52.475] c00: mpidr=0x0000000081000000
[17:53:52.477] c00: implementor=65
[17:53:52.480] c00: part_number=3333
[17:53:52.483] c00: cachetype=0x84448004
[17:53:52.486] RTC: primary(internal) osc
[17:53:52.489] pm_protocol_init(0x0103fc00/0xffffffa00103fc00)
[17:53:52.492] EFI services will not be available.
[17:53:52.495] smp: Bringing up secondary CPUs ...
[17:53:52.498] smp: Brought up 1 node, 1 CPU
[17:53:52.502] SMP: Total of 1 processors activated.
[17:53:52.505] CPU: All CPU(s) started at EL1
[17:53:52.508] CPU features: detected: 32-bit EL0 Support
[17:53:52.511] CPU features: detected: Data cache clean to the PoU not required for I/D coherence
[17:53:52.517] CPU features: detected: Common not Private translations
[17:53:52.521] CPU features: detected: CRC32 instructions
[17:53:52.525] CPU features: detected: RCpc load-acquire (LDAPR)
[17:53:52.529] CPU features: detected: LSE atomic instructions
[17:53:52.532] CPU features: detected: Privileged Access Never
[17:53:52.536] CPU features: detected: RAS Extension Support
[17:53:52.539] CPU features: detected: Speculative Store Bypassing Safe (SSBS)
[17:53:52.543] alternatives: applying system-wide alternatives
[17:53:52.547] Memory: 234852K/260096K available (8704K kernel code, 1544K rwdata, 2268K rodata, 1728K init, 562K bss, 23536K reserved, 0K cma-reserved)
[17:53:52.557] devtmpfs: initialized
[17:53:52.560] clocksource: jiffies: mask: 0xffffffff max_cycles: 0xffffffff, max_idle_ns: 1911260446275000 ns
[17:53:52.566] futex hash table entries: 1024 (order: 4, 65536 bytes, linear)
[17:53:52.570] 29008 pages in range for non-PLT usage
[17:53:52.585] 520528 pages in range for PLT usage
[17:53:52.588] pinctrl core: initialized pinctrl subsystem
[17:53:52.593] PMS_RESET_MODE: 0x0(POR)
[17:53:52.596] PMS_RESET_MODE: 0x0(cleared)
[17:53:52.599] ihs clock:
[17:53:52.602]   ref=50000000
[17:53:52.605]   sys=1600000000
[17:53:52.609]   cpu=1600000000
[17:53:52.612]     cpu_per_usec=1600
[17:53:52.616]     cpu_per_msec=1600000
[17:53:52.620]   peri=100000000
[17:53:52.622]   ddr=3730000000
[17:53:52.626] DMI not present or invalid.
[17:53:52.629] NET: Registered PF_NETLINK/PF_ROUTE protocol family
[17:53:52.633] DMA: preallocated 4096 KiB GFP_KERNEL pool for atomic allocations
[17:53:52.638] gct-sdhost-fixup: sd0_div_clk exists!
[17:53:52.642] hw-breakpoint: found 6 breakpoint and 4 watchpoint registers.
[17:53:52.646] ASID allocator initialised with 65536 entries
[17:53:52.650] usbcore: registered new interface driver usbfs
[17:53:52.654] usbcore: registered new interface driver hub
[17:53:52.658] usbcore: registered new device driver usb
[17:53:52.662] Bluetooth: Core ver 2.22
[17:53:52.665] NET: Registered PF_BLUETOOTH protocol family
[17:53:52.668] Bluetooth: HCI device and connection manager initialized
[17:53:52.672] Bluetooth: HCI socket layer initialized
[17:53:52.677] Bluetooth: L2CAP socket layer initialized
[17:53:52.680] Bluetooth: SCO socket layer initialized
[17:53:52.685] vgaarb: loaded
[17:53:52.688] clocksource: Switched to clocksource arch_sys_counter
[17:53:52.693] NET: Registered PF_INET protocol family
[17:53:52.696] IP idents hash table entries: 4096 (order: 3, 32768 bytes, linear)
[17:53:52.700] tcp_listen_portaddr_hash hash table entries: 256 (order: 0, 4096 bytes, linear)
[17:53:52.707] Table-perturb hash table entries: 65536 (order: 6, 262144 bytes, linear)
[17:53:52.714] TCP established hash table entries: 2048 (order: 2, 16384 bytes, linear)
[17:53:52.718] TCP bind hash table entries: 2048 (order: 4, 65536 bytes, linear)
[17:53:52.723] TCP: Hash tables configured (established 2048 bind 2048)
[17:53:52.728] UDP hash table entries: 256 (order: 1, 8192 bytes, linear)
[17:53:52.732] UDP-Lite hash table entries: 256 (order: 1, 8192 bytes, linear)
[17:53:52.737] NET: Registered PF_UNIX/PF_LOCAL protocol family
[17:53:52.741] PCI: CLS 0 bytes, default 64
[17:53:52.744] NIF: dt max-mtu=1500
[17:53:52.747] NIF: ip filter delta: icmp=5 udp=60 tcp=60
[17:53:52.751] netif ver: 1.1.2
[17:53:52.754] vlanq ver: 1.1.2 nsra=0
[17:53:52.758] Initialise system trusted keyrings
[17:53:52.761] workingset: timestamp_bits=62 max_order=16 bucket_order=0
[17:53:52.766] Key type asymmetric registered
[17:53:52.769] Asymmetric key parser 'x509' registered
[17:53:52.772] gdm-usb31-phy 13610000.usb31-phy: gdm_phy31_probe ver 1.0.0
[17:53:52.777] phy phy-13610000.usb31-phy.0: incomplete constraints, dummy supplies not allowed (id=phy)
[17:53:52.785] gdm7275x-pinctrl 10060000.pinctrl: no '' pin for IRQ.
[17:53:52.789] gpio gpiochip0: Static allocation of GPIO base is deprecated, use dynamic allocation.
[17:53:52.795] c00: gdm_irq_set_type: cpu=0 hwirq=82 type=4
[17:53:52.800] c00: gdm_irq_set_type: cpu=0 hwirq=83 type=4
[17:53:52.802] hw lock_reg:
[17:53:52.805]   active=110004c0
[17:53:52.808]   free  =110004c4
[17:53:52.812] gipc-protocol(ffffffc080fbd018): cpu0:0 va=ffffffc080fbd018, pa=81c00018 ver=1.10
[17:53:52.819] ipc init ch=0
[17:53:52.822] ipc ch[0]:CTRL, irb: va=ffffffc080fbd698-ffffffc080fbe418 pa=81c00698-81c01418
[17:53:52.828] ipc ch[0]:CTRL, irb_work: va=ffffffc080fbe428-ffffffc080fbed48 pa=81c01428-81c01d48
[17:53:52.835]   irb nr: tx=16(2080bytes) rx=128(2080bytes)
[17:53:52.838]    irb tx: va=ffffffc080fbd698-ffffffc080fbd818 pa=81c00698-81c00818
[17:53:52.843]    irb rx: va=ffffffc080fbd820-ffffffc080fbe420 pa=81c00820-81c01420
[17:53:52.849]   m-ch_enabled=0x1
[17:53:52.852] ipc init ch=28
[17:53:52.855] ipc ch[28]:DBG, irb: va=ffffffc080fbf018-ffffffc080fbfc48 pa=81c02018-81c02c48
[17:53:52.861] ipc ch[28]:DBG, irb_work: va=ffffffc080fbfc58-ffffffc080fc0498 pa=81c02c58-81c03498
[17:53:52.867]   irb nr: tx=2(2080bytes) rx=128(2080bytes)
[17:53:52.870]    irb tx: va=ffffffc080fbf018-ffffffc080fbf048 pa=81c02018-81c02048
[17:53:52.875]    irb rx: va=ffffffc080fbf050-ffffffc080fbfc50 pa=81c02050-81c02c50
[17:53:52.881]   m-ch_enabled=0x10000001
[17:53:52.885] IPC Ver: master(1.10) slave(0.0) driver=1.0.0
[17:53:52.888]   IPC_IF_RX_LIMIT=100
[17:53:52.892]   IPCIF_SMP
[17:53:52.895] Linux IPC mode:
[17:53:52.898]   proc_idle enabled=0(cpu=-1)
[17:53:52.900]   assert_level=3(3)
[17:53:52.903]   sdu_prio=0(0)
[17:53:52.907] c00: gdm_irq_set_type: cpu=0 hwirq=152 type=1
[17:53:52.912] IPCIF(v1.0.0) initialized: irq=43 hwirq=152
[17:53:52.916] c00: set_affinity: no online irq=43(IPC) cpu=1
[17:53:52.922] gdm_uart_init_port: line=0 irq=44 mapbase=0x0000000013100000 membase=ffffffc080ee3000 uartclk=100000000
[17:53:52.930] 13100000.serial: ttyS0 at M�uart_trace_init line=0 size=1048576 early_pos=9792
[17:53:52.934] printk: legacy console [ttyS0] enabled
[17:53:52.938] printk: legacy console [ttyS0] enabled
[17:53:52.941] printk: legacy bootconsole [gdmuart0] disabled
[17:53:52.946] printk: legacy bootconsole [gdmuart0] disabled
[17:53:52.949] proc_serial_init proc_serial_entry=ffffff80028470c0
[17:53:52.954] gdm_uart_init_port: line=1 irq=46 mapbase=0x0000000013110000 membase=ffffffc080ee5000 uartclk=100000000
[17:53:52.961] 13110000.serial: ttyS1 at MMIO 0x13110000 (irq = 46, base_baud = 6250000) is a gdm-uart
[17:53:52.968] gdm_uart_init_port: line=2 irq=48 mapbase=0x0000000013120000 membase=ffffffc080eed000 uartclk=100000000
[17:53:52.976] 13120000.serial: ttyS2 at MMIO 0x13120000 (irq = 48, base_baud = 6250000) is a gdm-uart
[17:53:52.981] UART ver=0.5
[17:53:52.985] brd: module loaded
[17:53:52.989] GDM NAND Driver=v1.3.1 oraf
[17:53:52.992] gpio ecc=2
[17:53:52.995] Ecc : 4bit
[17:53:52.999] ecc.bits=4
[17:53:53.002] fault_ecc_nr=0
[17:53:53.005] ecc_chk_loop_nr=0
[17:53:53.008] [NAND] pagesize : 4K
[17:53:53.010] nand: device found, Manufacturer ID: 0xad, Chip ID: 0xac
[17:53:53.014] nand: Hynix NAND 512MiB 1,8V 8-bit
[17:53:53.018] nand: 512 MiB, SLC, erase size: 256 KiB, page size: 4096, OOB size: 256
[17:53:53.021] Bad block table found at page 131008, version 0x01
[17:53:53.025] Bad block table found at page 130944, version 0x01
[17:53:53.028] 25 cmdlinepart partitions found on MTD device gdm
[17:53:53.032] Creating 25 MTD partitions on "gdm":
[17:53:53.035] 0x000000000000-0x000000100000 : "pbl"
[17:53:53.038] 0x000000100000-0x000000180000 : "secos"
[17:53:53.042] 0x000000180000-0x000000280000 : "sbl"
[17:53:53.045] 0x000000280000-0x000000380000 : "sbl2"
[17:53:53.048] 0x000000380000-0x000000480000 : "tfa"
[17:53:53.051] 0x000000480000-0x000000580000 : "tfa2"
[17:53:53.055] 0x000000580000-0x000000880000 : "uboot"
[17:53:53.059] 0x000000880000-0x000000b80000 : "uboot2"
[17:53:53.063] 0x000000b80000-0x000000c80000 : "env"
[17:53:53.066] 0x000000c80000-0x000001080000 : "nr1nv"
[17:53:53.069] 0x000001080000-0x000001280000 : "nr2nv"
[17:53:53.072] 0x000001280000-0x000001380000 : "fdt"
[17:53:53.075] 0x000001380000-0x000001480000 : "fdt2"
[17:53:53.078] 0x000001480000-0x000001680000 : "cmnnv"
[17:53:53.081] 0x000001680000-0x000001880000 : "cmnnv2"
[17:53:53.085] 0x000001880000-0x000001a80000 : "crashlog"
[17:53:53.089] 0x000001a80000-0x000001c80000 : "reserved2"
[17:53:53.094] 0x000001c80000-0x000003080000 : "linux"
[17:53:53.097] 0x000003080000-0x000004480000 : "linux2"
[17:53:53.100] 0x000004480000-0x00000a880000 : "rootfs"
[17:53:53.103] 0x00000a880000-0x000010c80000 : "rootfs2"
[17:53:53.106] 0x000010c80000-0x000011c80000 : "zp"
[17:53:53.110] 0x000011c80000-0x000012c80000 : "zp2"
[17:53:53.113] 0x000012c80000-0x000014c80000 : "misc"
[17:53:53.117] 0x000014c80000-0x00001e880000 : "user"
[17:53:53.120] gdm-ether ver 1.6.1
[17:53:53.123]   ETH_CH=0
[17:53:53.127]   CLKOUT_EN_DFLT
[17:53:53.130] usbcore: registered new interface driver r8152
[17:53:53.133] usbcore: registered new interface driver cdc_ether
[17:53:53.136] usbcore: registered new interface driver cdc_eem
[17:53:53.139] usbcore: registered new interface driver cdc_ncm
[17:53:53.143] usbcore: registered new interface driver r8153_ecm
[17:53:53.146] gdm-pmc: power on host domain
[17:53:53.150] c00: cpu_smc_handler: fid=c1000001 x1=3 x2=0 x3=0 x4=0
[17:53:53.154] gdm-pmc: power on usb domain
[17:53:53.157] c00: cpu_smc_handler: fid=c1000001 x1=4 x2=0 x3=0 x4=0
[17:53:53.161] dwc3_probe entered
[17:53:53.165] gdm-pmc: power on usb domain
[17:53:53.168] c00: cpu_smc_handler: fid=c1000001 x1=4 x2=0 x3=0 x4=0
[17:53:53.171] gdm-pmc: power on host domain
[17:53:53.175] c00: cpu_smc_handler: fid=c1000001 x1=3 x2=0 x3=0 x4=0
[17:53:53.179] usb_state_init
[17:53:53.183] gdm-usb31-phy 13610000.usb31-phy: base 81480000
[17:53:53.187] gdm-usb31-phy 13610000.usb31-phy: configure protocol registers
[17:53:53.191] DWC3 probed
[17:53:53.194] i2c_dev: i2c /dev entries driver
[17:53:53.197] gdm-i2c 13250000.i2c: i2c bus frequency set to 400 KHz
[17:53:53.200] BUCK3: Bringing 750000uV into 800000-800000uV
[17:53:53.204] LDO2: Bringing 1800000uV into 2800000-2800000uV
[17:53:53.208] LDO6: Bringing 1500000uV into 2500000-2500000uV
[17:53:53.212] LDO10: Bringing 1000000uV into 1200000-1200000uV
[17:53:53.216] LDO13: Bringing 1050000uV into 1200000-1200000uV
[17:53:53.220] pmic 0x8: 0x80->0x80
[17:53:53.223] gdm-i2c 13250000.i2c: i2c-0: GDM I2C adapter
[17:53:53.227] gdm-i2c 13280000.i2c: i2c bus frequency set to 400 KHz
[17:53:53.230] gdm-i2c 13280000.i2c: i2c-2: GDM I2C adapter
[17:53:53.234] device-mapper: ioctl: 4.48.0-ioctl (2023-03-01) initialised: dm-devel@lists.linux.dev
[17:53:53.239] Bluetooth: HCI UART driver ver 2.3
[17:53:53.243] Bluetooth: HCI UART protocol H4 registered
[17:53:53.246] sdhci: Secure Digital Host Controller Interface driver
[17:53:53.250] sdhci: Copyright(c) Pierre Ossman
[17:53:53.253] sdhci-pltfm: SDHCI platform and OF driver helper
[17:53:53.256] c00: set_affinity: no online task=natq_thrd cpu=3
[17:53:53.260] natq ver: 0.8.2 qnr=8192
[17:53:53.264]   Thread
[17:53:53.267] ipv6q ver: 1.0.1
[17:53:53.271] lcq ver: 1.0
[17:53:53.274] ipip: IPv4 and MPLS over IPv4 tunneling driver
[17:53:53.277] Initializing XFRM netlink socket
[17:53:53.281] NET: Registered PF_INET6 protocol family
[17:53:53.284] Segment Routing with IPv6
[17:53:53.287] In-situ OAM (IOAM) with IPv6
[17:53:53.290] sit: IPv6, IPv4 and MPLS over IPv4 tunneling driver
[17:53:53.293] NET: Registered PF_PACKET protocol family
[17:53:53.297] NET: Registered PF_KEY protocol family
[17:53:53.300] Bridge firewalling registered
[17:53:53.303] 8021q: 802.1Q VLAN Support v1.8
[17:53:53.305] registered taskstats version 1
[17:53:53.308] Loading compiled-in X.509 certificates
[17:53:53.312] GDM HL IF(v0.7.4) initialized
[17:53:53.315] DMA ver 0.6
[17:53:53.318] MTD Crash partition /dev/mtd15
[17:53:53.322] ipc mux irb nr=128 bsize=4128
[17:53:53.325] ipc init ch=16
[17:53:53.328] ipc ch[16]:MUX, irb: va=ffffffc0815e5018-ffffffc0815e5cd8 pa=82400018-82400cd8
[17:53:53.333] ipc ch[16]:MUX, irb_work: va=ffffffc080fc04b8-ffffffc080fc0d58 pa=81c034b8-81c03d58
[17:53:53.339]   irb nr: tx=8(4128bytes) rx=128(4128bytes)
[17:53:53.342]    irb tx: va=ffffffc0815e5018-ffffffc0815e50d8 pa=82400018-824000d8
[17:53:53.347]    irb rx: va=ffffffc0815e50e0-ffffffc0815e5ce0 pa=824000e0-82400ce0
[17:53:53.352]   m-ch_enabled=0x10010001
[17:53:53.355] gdm7275x-pwm 132c0000.pwm: gdm7275x pwm driver probe
[17:53:53.359] gdm-pmc: power on pcie domain
[17:53:53.363] c00: cpu_smc_handler: fid=c1000001 x1=6 x2=0 x3=0 x4=0
[17:53:53.366] gdm-comphy 13820000.gdm-comphy: ref-clock rate:100000000
[17:53:53.370] gdm-comphy 13820000.gdm-comphy: PCIe clock rate(100000000)
[17:53:53.375] gdm-comphy 13820000.gdm-comphy: usxgmii clock rate(266666667)
[17:53:53.379] gdm-comphy 13820000.gdm-comphy: wlan power GPIO not configured, skipping
[17:53:53.384] phy phy-13820000.gdm-comphy.1: incomplete constraints, dummy supplies not allowed (id=phy)
[17:53:53.390] c00: gdm_irq_set_type: cpu=0 hwirq=192 type=4
[17:53:53.394] gdm-comphy 13820000.gdm-comphy: Single link: PCIe (1 lanes)
[17:53:53.442] cdns-pcie 16000000.pcie: host bridge /soc/pcie@16000000 ranges:
[17:53:53.446] cdns-pcie 16000000.pcie:       IO 0x0041000000..0x0041003fff -> 0x0000000000
[17:53:53.450] cdns-pcie 16000000.pcie:      MEM 0x0042000000..0x0042ffffff -> 0x0010000000
[17:53:53.455] cdns-pcie 16000000.pcie:   IB MEM 0x0080000000..0x009fffffff -> 0x0080000000
[17:53:53.459] gdm-comphy 13820000.gdm-comphy: SYS_PLL_DIV := 7078000
[17:53:53.465] gdm-comphy 13820000.gdm-comphy: PMA_CMN_DIV := 10707
[17:53:53.469] gdm-comphy 13820000.gdm-comphy: Wait pma_cmn_macro_pwr_en_ack
[17:53:53.473] gdm-comphy 13820000.gdm-comphy: pma_cmn_macro_pwr_enabled
[17:53:53.477] gdm-comphy 13820000.gdm-comphy: off(60260) val(2001)
[17:53:53.482] gdm-comphy 13820000.gdm-comphy: off(60140) val(8804)
[17:53:53.485] gdm-comphy 13820000.gdm-comphy: off(60188) val(1219)
[17:53:53.489] gdm-comphy 13820000.gdm-comphy: pma(0) off(60204) val(813e)
[17:53:53.493] gdm-comphy 13820000.gdm-comphy: pma(0) off(60214) val(3903)
[17:53:53.497] gdm-comphy 13820000.gdm-comphy: pma(0) off(60218) val(3b4b)
[17:53:53.500] gdm-comphy 13820000.gdm-comphy: pma(0) off(6021c) val(3b4b)
[17:53:53.504] gdm-comphy 13820000.gdm-comphy: pma(0) off(60220) val(b4b)
[17:53:53.510] gdm-comphy 13820000.gdm-comphy: pma(0) off(60244) val(23c)
[17:53:53.514] gdm-comphy 13820000.gdm-comphy: pma(0) off(60258) val(1)
[17:53:53.517] gdm-comphy 13820000.gdm-comphy: pma(0) off(60278) val(694d)
[17:53:53.521] gdm-comphy 13820000.gdm-comphy: pma(0) off(6027c) val(694d)
[17:53:53.525] gdm-comphy 13820000.gdm-comphy: pma(0) off(60354) val(7)
[17:53:53.530] gdm-comphy 13820000.gdm-comphy: pma(0) off(60358) val(8)
[17:53:53.534] gdm-comphy 13820000.gdm-comphy: pma(0) off(607e0) val(530)
[17:53:53.539] gdm-comphy 13820000.gdm-comphy: off(90000) val(430)
[17:53:53.543] gdm-comphy 13820000.gdm-comphy: pma(0) off(701bc) val(9f07)
[17:53:53.547] pma:0, lane cfg:1
[17:53:53.551] pma0_tx_deemphasis(2)
[17:53:53.553] [1;31m[kdj6724] gdm_comphy_phy_init(780) rx_termination 0<<12 [0m
[17:53:53.566] gdm-comphy 13820000.gdm-comphy: Wait until pipe_100_phy_status goes to low -> High-Z
[17:53:53.572] gdm-comphy 13820000.gdm-comphy: Wait until link0_clock_stable : 1 -> 0
[17:53:53.578] gdm-comphy 13820000.gdm-comphy: link0_clock_stabled
[17:53:53.582] gdm-comphy 13820000.gdm-comphy: wait for pma_cmn_pllc_locked
[17:53:53.586] gdm-comphy 13820000.gdm-comphy: pma_cmn_pllc_locked
[17:53:53.590] gdm-comphy 13820000.gdm-comphy: pma_cmn_ready
[17:53:53.594] gdm-comphy 13820000.gdm-comphy: pma_xcvr_plln_locked
[17:53:53.597] test_pcie_set_fc_credit(0)(addr=16100000)
[17:53:53.600] gdm-comphy 13820000.gdm-comphy: ****** Waiting for Link Training	 ******
[17:53:53.605] gdm-comphy 13820000.gdm-comphy: Link0 training timed out, reg=0x8000 (no PCIe device?)
[17:53:53.610] phy phy-13820000.gdm-comphy.1: phy init failed --> -110
[17:53:53.615] cdns-pcie 16000000.pcie: failed to init phy
[17:53:53.617] cdns-pcie 16000000.pcie: probe with driver cdns-pcie failed with error -110
[17:53:53.624] c00: gdm_irq_set_type: cpu=0 hwirq=104 type=4
[17:53:53.630] USIM Card Interface(usim0)
[17:53:53.634] [USIM0] : GDM USIM device driver (1.3.0)
[17:53:53.638]   PAIR_CMD
[17:53:53.642] c00: gdm_irq_set_type: cpu=0 hwirq=105 type=4
[17:53:53.645] USIM Card Interface(usim1)
[17:53:53.648] [USIM1] : GDM USIM device driver (1.3.0)
[17:53:53.651]   PAIR_CMD
[17:53:53.653] ubi0: attaching mtd19
[17:53:53.656] ubi0: scanning is finished
[17:53:53.659] ubi0: attached mtd19 (name "rootfs", size 100 MiB)
[17:53:53.662] ubi0: PEB size: 262144 bytes (256 KiB), LEB size: 253952 bytes
[17:53:53.666] ubi0: min./max. I/O unit sizes: 4096/4096, sub-page size 4096
[17:53:53.670] ubi0: VID header offset: 4096 (aligned 4096), data offset: 8192
[17:53:53.675] ubi0: good PEBs: 400, bad PEBs: 0, corrupted PEBs: 0
[17:53:53.680] ubi0: user volume: 1, internal volumes: 1, max. volumes count: 128
[17:53:53.684] ubi0: max/mean erase counter: 2/0, WL threshold: 4096, image sequence number: 2015018471
[17:53:53.690] ubi0: available PEBs: 0, total reserved PEBs: 400, PEBs reserved for bad PEB handling: 40
[17:53:53.696] ubi0: background thread "ubi_bgt0d" started, PID 1078
[17:53:53.700] gdm_mux_init
[17:53:53.704] clk: Not disabling unused clocks
[17:53:53.707] em_mode=0x00000c00:
[17:53:53.710] b[0]=REBOOT_ON_LINUX_CRASH(off)
[17:53:53.713] b[1]=REBOOT_ON_APP_CRASH(off)
[17:53:53.715] b[8]=REBOOT_ON_MODEM_CRASH(off)
[17:53:53.719] b[9]=REBOOT_ON_MODEM_WDT(off)
[17:53:53.722] b[10]=RELOAD_ON_MODEM_CRASH(ON)
[17:53:53.725] b[11]=RELOAD_ON_MODEM_WDT(ON)
[17:53:53.729] b[16]=RUN_CRASH_SH(off)
[17:53:53.732] hw_wd_start(15000/20000)
[17:53:53.735] md wd started: to=3000 du=10000
[17:53:53.738] PM: genpd: Not disabling unused power domains
[17:53:53.741] c00: gdm_irq_set_type: cpu=0 hwirq=97 type=4
[17:53:53.744] c00: set_affinity: irq=44(UART RX) cpu=0
[17:53:53.748] c00: gdm_irq_set_type: cpu=0 hwirq=96 type=4
[17:53:53.752] c00: set_affinity: irq=45(UART TX) cpu=0
[17:53:53.755] uart port[0] fc=0 cr=0000002b
[17:53:53.758] UBIFS (ubi0:0): Mounting in unauthenticated mode
[17:53:53.762] UBIFS (ubi0:0): recovery needed
[17:53:53.765] UBIFS (ubi0:0): recovery deferred
[17:53:53.768] UBIFS (ubi0:0): UBIFS: mounted UBI device 0, volume 0, name "rootfs", R/O mode
[17:53:53.772] UBIFS (ubi0:0): LEB size: 253952 bytes (248 KiB), min./max. I/O unit sizes: 4096 bytes/4096 bytes
[17:53:53.778] UBIFS (ubi0:0): FS size: 87867392 bytes (83 MiB, 346 LEBs), max 384 LEBs, journal size 9404416 bytes (8 MiB, 38 LEBs)
[17:53:53.786] UBIFS (ubi0:0): reserved for root: 0 bytes (0 KiB)
[17:53:53.789] UBIFS (ubi0:0): media format: w4/r0 (latest is w5/r0), UUID C6D979DA-F702-4818-9778-CBF9606FDB8E, small LPT model
[17:53:53.796] VFS: Mounted root (ubifs filesystem) readonly on device 0:16.
[17:53:53.800] devtmpfs: mounted
[17:53:53.803] Freeing unused kernel memory: 1728K
[17:53:53.806] Run /sbin/init as init process
[17:53:53.809]   with arguments:
[17:53:53.812]     /sbin/init
[17:53:53.815]   with environment:
[17:53:53.818]     HOME=/
[17:53:53.822]     TERM=linux
[17:53:53.825]     attty=ttyS1
[17:53:53.828]     sbl_ver=1.2.0
[17:53:53.831]     bl_ver=1.2.0
[17:53:53.834] Welcome to
[17:53:53.838]   G C T   L T E   M O D E M
[17:53:53.841] modprobe: module board not found in modules.dep
[17:53:53.844] backtrace info:
[17:53:53.848]   LIBC=uClibc
[17:53:53.851]   __SSP_ALL__
[17:53:53.854]   guard=0xefbeaddeefbeadde
[17:53:53.857]   inited=1
[17:53:53.860]   stack_corr_nr=0
[17:53:53.863]   load_nr=0
[17:53:53.867]   unload_nr=0
[17:53:53.870]   malloc_flags=0x0
[17:53:53.873] [NV] NV flash Device : NAND FLASH 
[17:53:53.876] [NV] nv_log mask: 0x0->0x3
[17:53:53.880] [NV] NVM_VER=3.0
[17:53:53.883] [NV] +nv_reload ucfg
[17:53:53.886] [NV] NR1NV(9) map(0x0 0x200000)
[17:53:53.889] [NV] [SEL-NV] NR1NV(9) hdr[0]: max_nv_size(0x96e24)
[17:53:53.894] [NV]   hchk=0x7af20757(0x7af20757-ok) magic=0xcafebabe(ok) hsize=0x40 ts=0xc
[17:53:53.899] [NV]   dchk=0xe75e31fb(0xe75e31fb-ok) dsize=0x96de4(ok)
[17:53:53.903] [NV] [SEL-NV] NR1NV(9) hdr[1]: max_nv_size(0x96e24)
[17:53:53.907] [NV]   hchk=0x7b260758(0x7b260758-ok) magic=0xcafebabe(ok) hsize=0x40 ts=0xd
[17:53:53.912] [NV]   dchk=0xe75e31fb(0xe75e31fb-ok) dsize=0x96de4(ok)
[17:53:53.916] [NV] NR1NV(9): active=1 map(0x0-0x200000) ts=0xd sz=0x96e24
[17:53:53.920] [NV] NR2NV(10) map(0x0 0x100000)
[17:53:53.924] [NV] [SEL-NV] NR2NV(10) hdr[0]: max_nv_size(0x19140)
[17:53:53.927] [NV]   hchk=0x2f8905b5(0x2f8905b5-ok) magic=0xcafebabe(ok) hsize=0x40 ts=0x4
[17:53:53.932] [NV]   dchk=0xeb592437(0xeb592437-ok) dsize=0x19100(ok)
[17:53:53.936] [NV] [SEL-NV] NR2NV(10) hdr[1]: max_nv_size(0x19140)
[17:53:53.939] [NV]   hchk=0x2bf30594(0x2bf30594-ok) magic=0xcafebabe(ok) hsize=0x40 ts=0x5
[17:53:53.944] [NV]   dchk=0x1f4024fa(0x1f4024fa-ok) dsize=0x19100(ok)
[17:53:53.948] [NV] NR2NV(10): active=1 map(0x0-0x100000) ts=0x5 sz=0x19140
[17:53:53.952] [NV] NR2NV Init active block [1]=0x100000
[17:53:53.956] [NV] CMNNV(13) map(0x0 0x100000)
[17:53:53.959] [NV] [SEL-NV] CMNNV(13) hdr[0]: max_nv_size(0x40000)
[17:53:53.963] [NV]   hchk=0x8d0007c4(0x8d0007c4-ok) magic=0xcafebabe(ok) hsize=0x40 ts=0x32
[17:53:53.968] [NV]   dchk=0xf4c70c89(0xf4c70c89-ok) dsize=0x3ffc0(ok)
[17:53:53.972] [NV] [SEL-NV] CMNNV(13) hdr[1]: max_nv_size(0x40000)
[17:53:53.976] [NV]   hchk=0x43340629(0x43340629-ok) magic=0xcafebabe(ok) hsize=0x40 ts=0x31
[17:53:53.981] [NV]   dchk=0x6880c1c(0x6880c1c-ok) dsize=0x3ffc0(ok)
[17:53:53.985] [NV] CMNNV(13): active=0 map(0x0-0x100000) ts=0x32 sz=0x40000
[17:53:53.990] [NV] CMNNV Init active block [0]=0x0
[17:53:53.993] [NV] ucfg nr1nv data read from CMNNV[1] timestamp=0xd
[17:53:53.997] [NV] NR1NV Init active block [1]=0x200000
[17:53:54.000] [NV] CMNNV2(14) map(0x0 0x100000)
[17:53:54.003] [NV] [SEL-NV] CMNNV2(14) hdr[0]: max_nv_size(0xa7c0)
[17:53:54.007] [NV] [SEL-NV] CMNNV2(14) hdr[1]: max_nv_size(0xa7c0)
[17:53:54.011] [NV] [SEL-NV-SET] CMNNV2(14) hdr[0]: max_nv_size(0xa7c0)
[17:53:54.015] [NV]   hchk=0x0(0x0-ok) magic=0x0(ng) hsize=0x0 ts=0x0
[17:53:54.020] [NV]   dchk=0x0(0x0-ok) dsize=0x0(ok)
[17:53:54.023] [NV] CMNNV2(14) : all block invalid(map 0x0-0x100000)
[17:53:54.027] [NV] -nv_reload ucfg
[17:53:54.030] [UCFG] ucfg(1.1) load xml:
[17:53:54.033] [UCFG]   var nr: conf=1037(918) fact=1037(918) perm=16(12)
[17:53:54.037] [UCFG]   def nr: conf=0 conf=0 conf=0
[17:53:54.040] Use normal log configuration
[17:53:54.043] +modprobe modem modem_bootp="product_id=0x0000, operator_id=0x0000"
[17:53:54.049] modem: loading out-of-tree module taints kernel.
[17:53:54.053] modem driver ver 1.0
[17:53:54.056]   base: 84100000
[17:53:54.059]   size: 0ff00000
[17:53:54.062]   param: 840fe000
[17:53:54.065] boot param: product_id=0x0000, operator_id=0x0000, boot_mode=0, gipc_phy_base=0x81c00018, mem_base=0x80000000, mem_size=0x20000000, compat=0x0, ipv6=1
[17:53:54.075] ---------------------
[17:53:54.079] hdr chksum  : 0x8d0007c4
[17:53:54.082] magic       : 0xcafebabe
[17:53:54.085] timstamp    : 0x00000032
[17:53:54.088] data chksum : 0xf4c70c89
[17:53:54.092] data size   : 0x0003ffc0
[17:53:54.094] ---------------------
[17:53:54.097] ---------------------
[17:53:54.101] hdr chksum  : 0x43340629
[17:53:54.104] magic       : 0xcafebabe
[17:53:54.107] timstamp    : 0x00000031
[17:53:54.110] data chksum : 0x06880c1c
[17:53:54.113] data size   : 0x0003ffc0
[17:53:54.116] ---------------------
[17:53:54.119] using block : 0, 0x0 
[17:53:54.122] map idx=0
[17:53:54.126] hdr idx: fs=0 zp=1 zpsize=9157832
[17:53:54.129] ts: fs=10 zp=8
[17:53:54.132] no such fw files!
[17:53:54.136]   /lib/firmware/tk.gz
[17:53:54.139]   /lib/firmware/tk.xz
[17:53:54.141] read from nand mtd=zp2(9159880)
[17:53:54.144] modem map info:
[17:53:54.559]   [0] pa(0000000084100000)
[17:53:54.563] ->va(ffffffc090000000)
[17:53:54.566] c00: decompress gzip(1f 8b) at ffffffc090000000... (9159880bytes)
[17:53:54.570] c00: decompress done 138404920bytes 1602ms ret=0
[17:53:54.573] modem start
[17:53:54.576] cpu_smc_powerdomain_up(pt=1, pd=0)
[17:53:54.638] c00: cpu_smc_handler: fid=c1000001 x1=1 x2=0 x3=0 x4=0
[17:53:54.644] enable cluster1-pll
[17:53:54.647] start_modem_cpu: done start=1
[17:53:54.650] -modprobe modem
[17:53:54.653] Thu Jan  1 00:00:05 UTC 1970
[17:53:54.656] cp: can't stat '/etc/sysconfig/lte/param/*': No such file or directory
[17:53:54.660] BL33 pc=0x84dae704 spsr=0x600002c5
[17:53:54.664] c10: psci_smc_handler: fid=84000000 x1=0 x2=0 x3=0 x4=0
[17:53:54.667] TK: gipc-protocol: cpu1:0 addr(v1)=0000000081c00018 magic=4054 ver(master=1.10 slave=1.11) proci=0 assertl=3
[17:53:54.675] TK: hw lock_reg:
[17:53:54.678] TK:   active=110004c0
[17:53:54.681] TK:   free  =110004c4
[17:53:54.684] TK: ipc config=00000004
[17:53:54.687] TK:   router-device
[17:53:54.689] TK: ipc init ch=0
[17:53:54.693] TK:   peer-genirq=1a111020(152)
[17:53:54.697] TK:   s-ch_enabled=0x10010001
[17:53:54.700] TK: ipc init ch=16
[17:53:54.703] TK:   peer-genirq=1a111020(152)
[17:53:54.706] TK:   s-ch_enabled=0x10010001
[17:53:54.709] TK: ipc init ch=28
[17:53:54.712] TK:   peer-genirq=1a111020(152)
[17:53:54.716] TK:   s-ch_enabled=0x10010001
[17:53:54.719] ipc modem boot done
[17:53:54.722] GDM M[dem gdm7259x_board
[17:53:54.726] Boot Param] error: token=9, ret=-54
[17:53:54.729] ============================================================================
[17:53:54.735]  [0] ZEPHYR OS v4.3.0 (v4.3.0-3049-g03924c3679: 192MB)
[17:53:54.739] ----------------------------------------------------------------------------
[17:53:54.744]  - gct@CS-buildserver
[17:53:54.748]  - 2026-08-31T22:51:44
[17:53:54.751]  - gdm7259x_nsa_192mb
[17:53:54.754] ============================================================================
[17:53:54.760] [MEM] WT DRAM zero initialized 0(0KB)bytes from 000000008d700000 to 000000008d700000
[17:53:54.765] [MEM] NCH DRAM zero initialized 35348240(34519KB)bytes from 000000008d700000 to 000000008f8b5f10
[17:53:54.773] [CHIP] GDM7259X(Rev.1C)
[17:53:54.776] [CLOCK] arm(1300.000MHz) 1x(100.000MHz)
[17:53:54.780] [MEM]  total : 0x84000000 - 0x90000000 (  192 MB)
[17:53:54.785] [MEM]  .init : 0x84100000 - 0x841068a8 (   27 kB)
[17:53:54.789] [MEM]  .text : 0x84100000 - 0x85587000 (21020 kB)
[17:53:54.792] [MEM]  .data : 0x85586600 - 0x8c4fe438 (114144 kB)
[17:53:54.795] [MEM]   .bss : 0x8b20b000 - 0x8c4c7a08 (19187 kB)
[17:53:54.799] I2C3 initialized
[17:53:54.803] Modem IPC mode:
[17:53:54.806]   master_proc_idle=0
[17:53:54.809]   assert_level=3
[17:53:54.812]   sdu_prio=0
[17:53:54.816] ########################################
[17:53:54.819] ####       Board Configuration      ####
[17:53:54.822] ########################################
[17:53:54.825] Operator: [0x0000]
[17:53:54.829] Product : [0x0000]
[17:53:54.832] LTE>====================================
[17:53:54.835] IPv6 mode:[0]
[17:53:54.838] ## UE CONFIG
[17:53:54.841]  - Combined attach : [0]
[17:53:54.844]  - UE CAPABILITY
[17:53:54.847] 	> UE Category  : [0 (0/0)]
[17:53:54.850] 	> AS Rel Num   : [0]
[17:53:54.853] 	> FGI          : FDD [00000000 00000000 00000000]
[17:53:54.856] 	>              : TDD [00000000 00000000 00000000]
[17:53:54.859] 	> ROHC         : [1]
[17:53:54.862] 	> eMBMS        : [0]
[17:53:54.866] 	> TM           : [00/00/00]
[17:53:54.869] NR>=====================================
[17:53:54.872] [console] gdm_uart0 enabled
[17:53:54.874] [console] crash enabled
[17:53:54.877] [console] gdm_ipc enabled
[17:53:54.881] ----------------------------------------------------------------------------
[17:53:54.886]  NR - FW ver: 0.1.0.0
[17:53:54.889] ----------------------------------------------------------------------------
[17:53:54.896]  Pkg: 1.11.0
[17:53:54.899] ----------------------------------------------------------------------------
[17:53:54.905] ----------------------------------------------------------------------------
[17:53:54.911]  LTE - FW ver: 0.3.5.0
[17:53:54.915] ----------------------------------------------------------------------------
[17:53:54.920] nv_checksum_info: 0
[17:53:54.923] nr driver ver 1.0
[17:53:54.927]   usl
[17:53:54.931] param_mtu=1500
[17:53:54.934] ipc init ch=1
[17:53:54.937] ipc ch[1]:SDU, irb: va=ffffffc082551018-ffffffc082599018 pa=83400018-83448018
[17:53:54.943] ipc ch[1]:SDU, irb_work: va=ffffffc0825d1018-ffffffc082601038 pa=83480018-834b0038
[17:53:54.949]   irb nr: tx=4096(2080bytes) rx=8192(2080bytes)
[17:53:54.952]    irb tx: va=ffffffc082551018-ffffffc082569018 pa=83400018-83418018
[17:53:54.957]    irb rx: va=ffffffc082569020-ffffffc082599020 pa=83418020-83448020
[17:53:55.029] ipc init ch=1
[17:53:55.033]   peer-genirq=1a11102 0 (m1-5c2h)_e
[17:53:55.038] nabled= 0 xs1-0h_e003led=NE1001:
[17:53:55.042] 3 irb->buffer=83ddd0f8
[17:53:55.045]   IPC_BUF_RSVD_SIZE=184(0xb8)
[17:53:55.049]   NET_IP_ALIGN=0
[17:53:55.053] start_net.sh
[17:53:55.057] VLANEN=0
[17:53:55.060] act=1
[17:53:55.063] Run start_br.sh
[17:53:55.066] local null ip=0.0.0.0 mask=0.0.0.0 00:00:00:00:00:00 en=0
[17:53:55.122] GDM_LOCAL_DEVIF=br0
[17:53:55.126] NIF: up(lo)
[17:53:55.129] [0] br0 addr=192.168.0.1 mask=255.255.255.0 local=192.168.0.1 bcast=192.168.0.255
[17:53:55.134] netif set local br0 ip=192.168.0.1 mask=255.255.255.0 00:00:00:00:00:00 en=0
[17:53:55.139] NIF: up(br0)
[17:53:55.141] brctl: iface eth0: No such device
[17:53:55.195] ifconfig: SIOCSIFADDR: No such device
[17:53:55.200] brctl: iface usb0: No such device
[17:53:55.203] ifconfig: SIOCSIFADDR: No such device
[17:53:55.208] Setting dhcp configuration..
[17:53:55.213] Internet Systems Consortium DHCP Server 4.1-ESV-R16-P2
[17:53:55.218] Copyright 2004-2022 Internet Systems Consortium.
[17:53:55.284] All rights reserved.
[17:53:55.288] For info, please visit https://www.isc.org/software/dhcp/
[17:53:55.293] Wrote 0 leases to leases file.
[17:53:55.297] Listening on LPF/br0/4a:9b:10:02:a4:10/192.168.0.0/24
[17:53:55.301] Sending on   LPF/br0/4a:9b:10:02:a4:10/192.168.0.0/24
[17:53:55.304] Sending on   Socket/fallback/fallback-net
[17:53:55.680] DTS_WIFI_STATUS=okay
[17:53:55.686] DTS_WIFI_VENDOR=synaptics
[17:53:55.692] DTS_WIFI_DEVICE=syn4384
[17:53:55.695] Activating Synaptics WIFI
[17:53:55.698] /etc/sysconfig/script/start_synaptics.sh: line 4: wifi: command not found
[17:53:55.704] 0xffffffa016400810: 00000000->0000001f
[17:53:55.710] bcmdhd: unknown parameter 'conf_path' ignored
[17:53:55.714] [dhd] _dhd_module_init: in Dongle Host Driver, version 103.20.62.47(20260702-1)(20260708-1)(6792bdc)
[17:53:55.723] /home/djkim/work/sdk/7275x/wifi/syn4384_lin6_crash/component/standalone/wifi/synaptics_4384/bcmdhd.103.20.x compiled on Sep  2 2026 at 11:21:38
[17:53:55.739] [dhd] KERNEL_VERSION = 6.12.49 (64bits)
[17:53:55.747] [dhd] STATIC-MSG) dhd_init_wlan_mem : prealloc ok for index 0: 2071552(2023K)
[17:53:55.767] [dhd] ======== Get GPIO from DTS(android,bcmdhd_wlan) ========
[17:53:55.777] [dhd] dhd_wlan_init_gpio: gpio_wl_reg_on=153
[17:53:55.781] [dhd] dhd_wifi_platform_load: Enter
[17:53:55.886] [dhd] Power-up adapter 'DHD generic adapter'
[17:53:55.890] [dhd] wifi_platform_set_power = 1, delay: 200 msec
[17:53:55.896] [dhd] ======== PULL WL_REG_ON(153) HIGH! ========
[17:53:55.901] [dhd] wifi_platform_set_power = 1, sleep done: 200 msec
[17:53:55.904] [dhd] wifi_platform_bus_enumerate device present 1
[17:53:55.909] [dhd] ======== Card detection to detect PCIE card! ========
[17:53:55.913] [dhd] Synaptics or Broadcom PCI device enumerated!
[17:53:55.918] [dhd] dhd_wifi_platform_load_pcie: dhd_bus_register failed err=-1
[17:53:55.923] [dhd] unregister wifi platform drivers
[17:53:55.928] [dhd] wifi_platform_set_power = 0, delay: 10 msec
[17:53:55.932] [dhd] ======== PULL WL_REG_ON(153) LOW! ========
[17:53:55.935] [dhd] wifi_platform_set_power = 0, sleep done: 10 msec
[17:53:55.944] [dhd] wifi_platform_bus_enumerate device present 0
[17:53:55.950] [dhd] ======== Card detection to remove PCIE card! ========
[17:53:55.958] [dhd] dhd_wlan_free_gpio: gpio_free(153) for WL_REG_ON
[17:53:55.964] [dhd] _dhd_module_init: Failed to load the driver, try cnt 1
[17:53:55.972] [dhd] ======== Get GPIO from DTS(android,bcmdhd_wlan) ========
[17:53:55.979] [dhd] dhd_wlan_init_gpio: gpio_wl_reg_on=153
[17:53:55.983] [dhd] dhd_wifi_platform_load: Enter
[17:53:56.111] [dhd] Power-up adapter 'DHD generic adapter'
[17:53:56.115] [dhd] wifi_platform_set_power = 1, delay: 200 msec
[17:53:56.119] [dhd] ======== PULL WL_REG_ON(153) HIGH! ========
[17:53:56.122] [dhd] wifi_platform_set_power = 1, sleep done: 200 msec
[17:53:56.128] [dhd] wifi_platform_bus_enumerate device present 1
[17:53:56.133] [dhd] ======== Card detection to detect PCIE card! ========
[17:53:56.137] [dhd] Synaptics or Broadcom PCI device enumerated!
[17:53:56.140] [dhd] dhd_wifi_platform_load_pcie: dhd_bus_register failed err=-1
[17:53:56.149] [dhd] unregister wifi platform drivers
[17:53:56.152] [dhd] wifi_platform_set_power = 0, delay: 10 msec
[17:53:56.159] [dhd] ======== PULL WL_REG_ON(153) LOW! ========
[17:53:56.165] [dhd] wifi_platform_set_power = 0, sleep done: 10 msec
[17:53:56.169] [dhd] wifi_platform_bus_enumerate device present 0
[17:53:56.176] [dhd] ======== Card detection to remove PCIE card! ========
[17:53:56.181] [dhd] dhd_wlan_free_gpio: gpio_free(153) for WL_REG_ON
[17:53:56.186] [dhd] _dhd_module_init: Failed to load the driver, try cnt 0
[17:53:56.195] [dhd] _dhd_module_init: Failed to load driver max retry reached**
[17:53:56.202] [dhd] STATIC-MSG) dhd_static_buf_exit : Enter
[17:53:56.206] [dhd] _dhd_module_init: Exit err=-1
[17:53:56.211] bcmdhd: unknown parameter 'conf_path' ignored
[17:53:56.216] [dhd] _dhd_module_init: in Dongle Host Driver, version 103.20.62.47(20260702-1)(20260708-1)(6792bdc)
[17:53:56.225] /home/djkim/work/sdk/7275x/wifi/syn4384_lin6_crash/component/standalone/wifi/synaptics_4384/bcmdhd.103.20.x compiled on Sep  2 2026 at 11:21:38
[17:53:56.240] [dhd] KERNEL_VERSION = 6.12.49 (64bits)
[17:53:56.247] [dhd] STATIC-MSG) dhd_init_wlan_mem : prealloc ok for index 0: 2071552(2023K)
[17:53:56.255] [dhd] ======== Get GPIO from DTS(android,bcmdhd_wlan) ========
[17:53:56.264] [dhd] dhd_wlan_init_gpio: gpio_wl_reg_on=153
[17:53:56.367] [dhd] dhd_wifi_platform_load: Enter
[17:53:56.371] [dhd] Power-up adapter 'DHD generic adapter'
[17:53:56.375] [dhd] wifi_platform_set_power = 1, delay: 200 msec
[17:53:56.380] [dhd] ======== PULL WL_REG_ON(153) HIGH! ========
[17:53:56.385] [dhd] wifi_platform_set_power = 1, sleep done: 200 msec
[17:53:56.388] [dhd] wifi_platform_bus_enumerate device present 1
[17:53:56.393] [dhd] ======== Card detection to detect PCIE card! ========
[17:53:56.398] [dhd] Synaptics or Broadcom PCI device enumerated!
[17:53:56.443] [dhd] dhd_wifi_platform_load_pcie: dhd_bus_register failed err=-1
[17:53:56.448] [dhd] unregister wifi platform drivers
[17:53:56.452] [dhd] wifi_platform_set_power = 0, delay: 10 msec
[17:53:56.456] [dhd] ======== PULL WL_REG_ON(153) LOW! ========
[17:53:56.460] [dhd] wifi_platform_set_power = 0, sleep done: 10 msec
[17:53:56.467] [dhd] wifi_platform_bus_enumerate device present 0
[17:53:56.471] [dhd] ======== Card detection to remove PCIE card! ========
[17:53:56.474] [dhd] dhd_wlan_free_gpio: gpio_free(153) for WL_REG_ON
[17:53:56.479] [dhd] _dhd_module_init: Failed to load the driver, try cnt 1
[17:53:56.482] [dhd] ======== Get GPIO from DTS(android,bcmdhd_wlan) ========
[17:53:56.487] [dhd] dhd_wlan_init_gpio: gpio_wl_reg_on=153
[17:53:56.591] [dhd] dhd_wifi_platform_load: Enter
[17:53:56.595] [dhd] Power-up adapter 'DHD generic adapter'
[17:53:56.599] [dhd] wifi_platform_set_power = 1, delay: 200 msec
[17:53:56.603] [dhd] ======== PULL WL_REG_ON(153) HIGH! ========
[17:53:56.607] [dhd] wifi_platform_set_power = 1, sleep done: 200 msec
[17:53:56.611] [dhd] wifi_platform_bus_enumerate device present 1
[17:53:56.615] [dhd] ======== Card detection to detect PCIE card! ========
[17:53:56.618] [dhd] Synaptics or Broadcom PCI device enumerated!
[17:53:56.623] [dhd] dhd_wifi_platform_load_pcie: dhd_bus_register failed err=-1
[17:53:56.628] [dhd] unregister wifi platform drivers
[17:53:56.632] [dhd] wifi_platform_set_power = 0, delay: 10 msec
[17:53:56.638] [dhd] ======== PULL WL_REG_ON(153) LOW! ========
[17:53:56.642] [dhd] wifi_platform_set_power = 0, sleep done: 10 msec
[17:53:56.645] [dhd] wifi_platform_bus_enumerate device present 0
[17:53:56.652] [dhd] ======== Card detection to remove PCIE card! ========
[17:53:56.657] [dhd] dhd_wlan_free_gpio: gpio_free(153) for WL_REG_ON
[17:53:56.665] [dhd] _dhd_module_init: Failed to load the driver, try cnt 0
[17:53:56.670] [dhd] _dhd_module_init: Failed to load driver max retry reached**
[17:53:56.679] [dhd] STATIC-MSG) dhd_static_buf_exit : Enter
[17:53:56.836] [dhd] _dhd_module_init: Exit err=-1
[17:53:56.842] insmod: can't insert '/lib/modules/6.12.49/updates/bcmdhd.ko': Operation not permitted
[17:53:56.857] Could not read interface wlan0 flags: No such device
[17:53:56.867] nl80211: Driver does not support authentication/association or connect commands
[17:53:56.877] nl80211: deinit ifname=wlan0 disabled_11b_rates=0
[17:53:56.885] Could not read interface wlan0 flags: No such device
[17:53:56.893] nl80211 driver initialization failed.
[17:53:56.897] wlan0: interface state UNINITIALIZED->DISABLED
[17:53:56.902] wlan0: AP-DISABLED 
[17:53:56.906] wlan0: CTRL-EVENT-TERMINATING 
[17:53:57.197] hostapd_free_hapd_data: Interface wlan0 wasn't started
[17:53:57.203] ifconfig: SIOCSIFADDR: No such device
[17:53:57.207] Loading simple NAT configuration..
[17:53:57.210] INTF=br0, WANINTF=nr0pdu3
[17:53:57.213] register ip_conntrack_cb
[17:53:57.216] <message>[NV] CRIT(cotra:1380): file=nv_7275x.c(304) cmn2_nv_read
[17:53:57.221] [NV] [cotra] invalid CMN2_PORT(id=1) magic
[17:53:57.225] [NV] +nv_write [cotra] CMN2_PORT(36) data=0x416010 part=36 size=0xa09
[17:53:57.230] [NV] cotra CMNNV2 Write Skip (3:CMN2_PORT, 0x0, 2569)
[17:53:57.234] [NV] -nv_write [cotra] CMN2_PORT(36) data=0x416010 part=36 size=0xa09
[17:53:57.269] Fail to Check DMZ Setting. Please, restart Command</message>
[17:53:57.365] 1970-01-01 00:00:08: (../../src/configfile.c.387) Warning: please add "mod_authn_file" to server.modules list in lighttpd.conf.  A future release of lighttpd 1.4.x will not automatically load mod_authn_file and lighttpd will fail to start up since your lighttpd.conf uses auth.backend = "htpasswd".
[17:53:57.387] Run usb_configfs.sh
[17:53:57.391] usbeth ENABLE=1, mode=0, serial cfg: gs0=0 gs1=0 dm0=0 dm1=0
[17:53:57.397] configfs-gadget.g1 gadget.0: HOST MAC 00:0a:3b:ff:ff:02
[17:53:57.444] configfs-gadget.g1 gadget.0: MAC 00:0a:3b:ff:ff:01
[17:53:57.523] set hostif=usb0 cnt=0
[17:53:57.528] net_mode=0
[17:53:57.530] udc: gadget start
[17:53:57.534] c00: gdm_irq_set_type: cpu=0 hwirq=208 type=4
[17:53:57.537] c00: set_affinity: no online irq=50(DWC3) cpu=2
[17:53:57.540] USB gadget configured: ETH=rndis.usb0, ACM count=0, UDC=13500000.dwc3
[17:53:57.549] IPV6Q LOG(00000004):
[17:53:57.629] ipv6q_enabled=0
[17:53:57.633] NET EMUL LOG(00000000):
[17:53:57.637]  NULL
[17:53:57.641] net_emul_mask=00000000
[17:53:57.644] net.core.rmem_max = 16777216
[17:53:57.647] net.core.wmem_max = 16777216
[17:53:57.650] net.ipv4.tcp_rmem = 4096 131072 16777216
[17:53:57.654] net.ipv4.tcp_wmem = 4096 131072 16777216
[17:53:57.658] net.ipv4.tcp_moderate_rcvbuf = 1
[17:53:57.661] mrd: mrd_lplog_start 
[17:53:57.664] [mrd_lplog] listening on 0.0.0.0:1011 (id=0, idx=0)
[17:53:57.668] [mrd_lplog] listening on 0.0.0.0:1012 (id=1, idx=1)
[17:53:57.672] [mrd_lplog] listening on 0.0.0.0:1013 (id=2, idx=2)
[17:53:57.675] [mrd_lplog] listening on 0.0.0.0:1014 (id=3, idx=3)
[17:53:57.679] [mrd_lplog] listening on 0.0.0.0:1015 (id=4, idx=4)
[17:53:57.682] [mrd_lplog] listening on 0.0.0.0:1016 (id=5, idx=5)
[17:53:57.686] [mrd_lplog] listening on 0.0.0.0:1017 (id=6, idx=6)
[17:53:57.689] [mrd_lplog] listening on 0.0.0.0:1018 (id=7, idx=7)
[17:53:57.693] [mrd_lplog] listening on 0.0.0.0:1019 (id=8, idx=8)
[17:53:57.696] [mrd_lplog] LP_LOG_ID_ULP0 telnet port:1011
[17:53:57.700] [mrd_lplog] LP_LOG_ID_ULP1 telnet port:1012
[17:53:57.703] [mrd_lplog] LP_LOG_ID_ULP2 telnet port:1013
[17:53:57.707] [mrd_lplog] LP_LOG_ID_ULP3 telnet port:1014
[17:53:57.711] [mrd_lplog] LP_LOG_ID_DLP0 telnet port:1015
[17:53:57.714] [mrd_lplog] LP_LOG_ID_DLP1 telnet port:1016
[17:53:57.718] [mrd_lplog] LP_LOG_ID_DLP2 telnet port:1017
[17:53:57.722] [mrd_lplog] LP_LOG_ID_DLP3 telnet port:1018
[17:53:57.726] [mrd_lplog] LP_LOG_ID_SLP  telnet port:1019
[17:53:57.732] mrd: nrd started
[17:53:57.736] Open shared map and Init mutex in mrd_main!!
[17:53:57.742] mrd: ***************************************
[17:53:57.853] mrd: *          NR DAEMON START           *
[17:53:57.891] mrd: ***************************************
[17:53:57.918] mrd: operator_id=0
[17:53:57.926] lowd open nr=1
[17:53:57.939] gif_open mrd 1/0
[17:53:57.946] [mrd] bentry delayed copy: b336(4)
[17:53:57.963] udc: connect: conn=1 discon=0 rtc=000621c3
[17:53:57.969] Disable GPS Module ...
[17:53:57.973] RNDIS multi_pkt_tx_size: host=16384 nv=0 actual=16384 nr=10
[17:53:57.983] Not Used
[17:53:57.993] br0: port 1(usb0) entered blocking state
[17:53:58.006] br0: port 1(usb0) entered disabled state
[17:53:58.016] configfs-gadget.g1 gadget.0 usb0: entered allmulticast mode
[17:53:58.034] configfs-gadget.g1 gadget.0 usb0: entered promiscuous mode
[17:53:58.040] eth_open
[17:53:58.045] eth_start
[17:53:58.054] NIF: up(usb0)
[17:53:58.058] gif_mmap va=0x7fb9b0d000 pa=0x962a2000 sz=8192
[17:53:58.065] mrautocm: ucfg_retry : 0
[17:53:58.070] mrautocm: [LTE UCFG] cfun(0), manual(0)
[17:53:58.075] usb0 set host mac: 00:0a:3b:ff:ff:02
[17:53:58.080] mrd: TID list initialized.
[17:53:58.084] mrautocm: NR Search(Core:0, Selection Mode: 0, cellTypeMode: 0, Roam: 0)
[17:53:58.091] mrautocm: RAT (LTE NV: 0, NR NV: 0)
[17:53:58.094] mrautocm: [PLMN LTE] Core(0), Mode(0), CellType(0), Roam(0), List Num(0)
[17:53:58.102] mrautocm: [PLMN LTE] searchMode(0), MCC[0]=0, MCC[1]=0, MCC[2]=0
[17:53:58.109] mrautocm: [PLMN NR] Core(0), Mode(0), CellType(0), Roam(0), List Num(4)
[17:53:58.118] mrautocm: [PLMN NR] searchMode(0), MCC[0]=0, MCC[1]=0, MCC[2]=0
[17:53:58.127] mrautocm: [PLMN NR][MRU] Count(5)
[17:53:58.133] mrautocm: [PLMN NR][ARFCN](1/1), Band(26), ARFCN(172370)
[17:53:58.154] mrautocm: [PLMN NR][Band](1/1), Band(26)
[17:53:58.181] mrautocm: [PLMN NR][ARFCN Range](1/1), Band(26) ARFCN(from: 171800 to: 178800)
[17:53:58.207] mrautocm: CORE NET (LTE NV: 0, NR NV: 0)
[17:53:58.214] mrd: T-ID Feature Activation is Done.
[17:53:58.221] mrautocm: LTE PDN[1] Enable(1), Connect Order(1) Label(ims), Type(2), APN(IMS) PCO()
[17:53:58.242] mrautocm: LTE PDN[2] Enable(1), Connect Order(0) Label(admin), Type(2), APN(VZWADMIN) PCO()
[17:53:58.287] mrautocm: LTE PDN[3] Enable(1), Connect Order(2) Label(internet), Type(2), APN(V5GA01INTERNET) PCO()
[17:53:58.327] mrautocm: LTE PDN[4] Enable(1), Connect Order(0) Label(app), Type(2), APN(VZWAPP) PCO()
[17:53:58.401] mrautocm: LTE PDN[5] Enable(1), Connect Order(0) Label(emergency), Type(2), APN() PCO()
[17:53:58.460] mrautocm: LTE PDN[6] Enable(0), Connect Order(0) Label(enterprise), Type(2), APN(VZWCLASS6) PCO()
[17:53:58.503] mrautocm: LTE PDN[7] Enable(0), Connect Order(0) Label(b2b), Type(0), APN(VZWCLASS7) PCO()
[17:53:58.531] mrautocm: LTE PDN[8] Enable(0), Connect Order(0) Label(reserved3), Type(0), APN() PCO()
[17:53:58.545] mrautocm: NR PDU[1] Enable(0), Connect Order(0) Label(ims), Type(3), DNN(), PCO(), S-NSSAI(len:0 sst:00 sd:000000 mapped_sst:00 mapped_sd:000000)
[17:53:58.596] mrautocm: NR PDU[2] Enable(0), Connect Order(0) Label(admin), Type(3), DNN(), PCO(), S-NSSAI(len:0 sst:00 sd:000000 mapped_sst:00 mapped_sd:000000)
[17:53:58.618] mrautocm: NR PDU[3] Enable(1), Connect Order(1) Label(internet), Type(1), DNN(), PCO(), S-NSSAI(len:0 sst:00 sd:000000 mapped_sst:00 mapped_sd:000000)
[17:53:58.645] mrautocm: NR PDU[4] Enable(0), Connect Order(0) Label(app), Type(3), DNN(), PCO(), S-NSSAI(len:0 sst:00 sd:000000 mapped_sst:00 mapped_sd:000000)
[17:53:58.672] mrautocm: NR PDU[5] Enable(0), Connect Order(0) Label(emergency), Type(3), DNN(), PCO(), S-NSSAI(len:0 sst:00 sd:000000 mapped_sst:00 mapped_sd:000000)
[17:53:58.734] mrautocm: NR PDU[6] Enable(0), Connect Order(0) Label(enterprise), Type(3), DNN(), PCO(), S-NSSAI(len:0 sst:00 sd:000000 mapped_sst:00 mapped_sd:000000)
[17:53:58.901] mrautocm: NR PDU[7] Enable(0), Connect Order(0) Label(b2b), Type(3), DNN(), PCO(), S-NSSAI(len:0 sst:00 sd:000000 mapped_sst:00 mapped_sd:000000)
[17:53:59.028] mrautocm: NR PDU[8] Enable(0), Connect Order(0) Label(reserved), Type(3), DNN(), PCO(), S-NSSAI(len:0 sst:00 sd:000000 mapped_sst:00 mapped_sd:000000)
[17:53:59.147] mrautocm: [mrcm_ucfg_get_overheat] Overheat is disable. 
[17:53:59.175] mrautocm: [mrcm_process_temperature_set] Executing command: kern temp uintv 0
[17:53:59.206] enabled=1
[17:53:59.222] interval_sec=1(sec)
[17:53:59.247] user_interval_ticks=0/0(sec)
[17:53:59.272] log_enabled=0
[17:53:59.288] mrautocm: [IMS] Enable(0)
[17:53:59.299] mrautocm: [EAP] PDU auth bypass pdu1 (0)
[17:53:59.316] mrautocm: [EAP] PDU auth bypass pdu2 (0)
[17:53:59.327] mrautocm: [EAP] PDU auth bypass pdu3 (0)
[17:53:59.340] mrautocm: [EAP] PDU auth bypass pdu4 (0)
[17:53:59.357] mrautocm: [EAP] PDU auth bypass pdu5 (0)
[17:53:59.383] mrautocm: [EAP] PDU auth bypass pdu6 (0)
[17:53:59.410] mrautocm: [EAP] PDU auth bypass pdgif_to_ipc: delayed req 3335(2044)
[17:53:59.447] u7 (0)
[17:53:59.455] mrautocm: [EAP] PDU auth bgif_to_ipc: delayed req 3335(2044)
[17:53:59.478] ypass pdu8 (0)
[17:53:59.490] mrd: get_lted_keep_alive_setting, lted_keep_alive setting (enable=0, expired_time=0, max_retry_val=0)
[17:53:59.512] mrd: [SERVER] new connection request
[17:53:59.517] mrd: lted_srv_alloc_client id=0
[17:53:59.523] gif_to_ipc: delayed req 3335(2044)
[17:53:59.527] mrd: [SERVER] assigns client index 0 proc=mratcm(1455)
[17:53:59.536] mrd: [SERVER] new connection request
[17:53:59.544] mrd: lted_srv_alloc_client id=1
[17:53:59.549] mrbip: lted_client_init_ex success (id: 1, client_identity : 0x00000000, pid (1472-mrbipgif_to_ipc: delayed req 3335(2044)
[17:53:59.565] ) 
[17:53:59.569] mrbip: Wait LTE PS INIT..
[17:53:59.575] mrd: [SERVER] assigns client index 1 proc=mrgif_to_ipc: delayed req 3335(2044)
[17:53:59.585] bip(1472)
[17:53:59.589] gif_to_ipc: delayed req 3335(2044)
[17:53:59.594] gif_to_ipc: delayed req 3335(2044)
[17:53:59.601] mrd: [SERVER] new connection request
[17:53:59.606] mrd: lted_srv_alloc_client id=2
[17:53:59.611] gif_to_ipc: delayed req 3335(2044)
[17:53:59.616] mrd: [SERVER] assigns client index 2 proc=cli(1513)
[17:53:59.629] mrd: [SERVER] new connection request
[17:53:59.633] mrd: lted_srv_alloc_client id=3
[17:53:59.637] mrd: [SERVER] assigns client index 3 proc=mrcm(1512)
[17:53:59.643] mrautocm: lted_client_init_ex success (id: 3, client_identity : 0x00000040, pid (1512-mrcm) 
[17:53:59.653] gif_to_ipc: delayed req 3335(2044)
[17:53:59.657] gif_to_ipc: delayed req 3335(2044)
[17:53:59.672] $ shell
[17:54:00.709] ring start - eps_id = 0xffef
[17:54:00.738] mrd: clearing done
[17:54:00.762] mrd: nr rf scr: access(/etc/sysconfig/script/lte_scr/rf/x_6)=-1
[17:54:00.783] mrd: NR  DEVICE INSERT(DEV_IDX(1))
[17:54:00.795] [NV_HCI] nv checksum is valid(0xc83f56f5/0xc83f56f5)
[17:54:00.815] [NVM] READ Head N_INFO         (7243,10,5a) - Status(0)
[17:54:00.853] [NVM] READ Head N_BCFG         (7243,10,5b) - Status(0)
[17:54:00.869] [NVM] READ Head N_RFCAL        (7243,18,48) - Status(0)
[17:54:00.884] [NVM] READ Head N_TCCAL        (7243,10,2b) - Status(0)
[17:54:00.899] [NVM] READ Head N_NETWORK      (0000,00,00) - Status(0)
[17:54:00.916] [NVM] Default NV Memory Write(4)
[17:54:00.925] [NVM] NV NETWORK DUMP
[17:54:00.933] [NVM] READ Head N_SAFE         (7243,10,31) - Status(0)
[17:54:00.943] [V_SIM]ProcNvBcfgData/gstVsimEnData:0
[17:54:00.950] default tdm log level=2 (NV:2)
[17:54:00.954] [MRM] [CHK]MRM: NVM_INIT_CMPL_IND 
[17:54:00.960] [CHK]UMM: NVM_INIT_CMPL_IND 
[17:54:00.966] [UMM_ERR] [V_SIM]eVSIM_Enabled::5 
[17:54:00.972] [UMM_ERR] (UMM_MODE_EMUL)/Virtual SIM :5 
[17:54:00.985] [UMM_ERR] [V_SIM]UMM_Update_AllCacheItems_forUSIM, eVSIM: :5 
[17:54:01.032] [MRM_UMM][UMM][UMM_UICC_ACT_IND] nMsgSize:24 
[17:54:01.060] [UMM_ERR] [V_SIM]Enter UMM_ACTIVE state  
[17:54:01.088]  LTE L1 initialize...
[17:54:01.111] l1_modem_init(restart=0,init=0)
[17:54:01.148] mrd: NR force_dhcp == 0
[17:54:01.168] mrd: Don't start DHCP procedure for IPv6/NAS mode. pdn_ip_type = 0, ip_alloc = 0
[17:54:01.220] mrd: clearing start - eps_id = 0xfeff
[17:54:01.258] mrd: clearing done
[17:54:01.276] c10: cpu_smc_handler: fid=c1000030 x1=0 x2=0 x3=0 x4=0
[17:54:01.296] c10: OIC_TZPROT: 00000000->ffffffff
[17:54:01.312]  =====   RF NV3  ====== 
[17:54:01.323] [CSI] INIT: STI=10239
[17:54:01.333] [rxm_meas_init] Disable Measuremnt
[17:54:01.348] [RXM_DM_InitDebugOption] INIT (1)
[17:54:01.363] [L1C] INIT2(RFFE=65542)
[17:54:01.379] l1_bb_ctrl(0)
[17:54:01.390] [NAS_CACHE] Access Control Class: 0x0001
[17:54:01.412] [NAS_CACHE] UE Operation Mode: 0x80 Length of MNC: 3
[17:54:01.460] [NAS_CACHE] NOT Available the UAC Access Identities Configuration EF
[17:54:01.483] [NAS_CACHE] Higher Priority PLMN search period (28800 Sec)
[17:54:01.502] Equivalent HPLMN 0: 0x00f110 
[17:54:01.523] Equivalent HPLMN 1: 0x130184 
[17:54:01.533] [NAS_CACHE] SUCI calculation is to be performed by the ME
[17:54:01.552] [NAS_CACHE] NOT Available Subscription identifier privacy support
[17:54:01.583] [NAS_CACHE] NOT Available the 5GS Operator PLMN List EF
[17:54:01.609] [NAS_CACHE] NOT Available the Routing Indicator EF
[17:54:01.636] [NAS_CACHE] [ERR] Read Failed for PNN EF <IN cacheReadEFPNN 5203>
[17:54:01.669] [NAS_CACHE] [ERR] Read Failed for OPL EF <IN cacheReadEFOPL 5227>
[17:54:01.691] [NAS_CACHE] NOT Available the Operator controlled signal threshold per access technology EF
[17:54:01.714] [NAS_CACHE] Requested the File Count: 29
[17:54:01.724] [FSM] [H] Cell DB:halfBank 317, blockFree 634, blockNo 634, blockSz 252
[17:54:01.743] L1_BandInfoNV: B1 B2 B3 B4 B5 B6 B7 B8 B10 B12 B13 B14 B17 B18 B19 B20 B25 B26 B28 B29 B30 B34 B38 B39 B40 B41 B42 B43 B48 B52 B66 B71 B77(x) B78(x)
[17:54:01.778] [L3API][H]  user FreqTable's init'd: 856AD8F8
[17:54:01.790] [IMC] [H]Supported Band: B1 B2 B3 B4 B5 B6 B7 B8 B10 B12 B13 B14 B17 B18 B19 B20 B25 B26 B28 B29 B30 B34 B38 B39 B40 B41 B42 B43 B48 B52 B66 B71
[17:54:01.817] [L3API] 	Max Layer: B71:4/1 B66:4/1
[17:54:01.828] [L3API] 	Max Layer: B52:4/2 B48:4/2 B43:4/2 B42:4/2 B41:4/1 B40:4/1 B39:4/1 B38:4/1 B34:4/1 B30:4/1
[17:54:01.848] [L3API][H] 	B29: not support UL
[17:54:01.857] [L3API] 	Max Layer: B29:4/0 B28:4/1 B26:4/1 B25:4/1 B20:4/1 B19:4/1 B18:4/1 B17:4/1 B14:4/1 B13:4/1
[17:54:01.880] [L3API] 	Max Layer: B12:4/1 B10:4/1 B8:4/1 B7:4/1 B6:4/1 B5:4/1 B4:4/1 B3:4/1 B2:4/1 B1:4/1
[17:54:01.893] [L3API][H] Init BC List - mode:0, count:32
[17:54:01.902] [L3API][H]  BandPair Count: 32 (640)
[17:54:01.908] [L3API][H]  MakeMimoBandComb:(B1:0x14)
[17:54:01.921] [L3API][H]  MakeMimoBandComb:(B2:0x14)(B3:0x14)(B4:0x14)(B5:0x14)(B6:0x14)(B7:0x14)(B8:0x14)(B10:0x14)(B12:0x14)([L3API][H]  MakeMimoBandComb:(B14:0x14)(B17:0x14)(B18:0x14)(B19:0x14)(B20:0x14)(B25:0x14)(B26:0x14)(B28:0x14)(B29[L3API][H]  MakeMimoBandComb:(B34:0x14)(B38:0x14)(B39:0x14)(B40:0x14)(B41:0x14)(B42:0x24)(B43:0x24)(B48:0x24)(B52[L3API][H]  MakeMimoBandComb:(B71:0x14)
[17:54:02.025] [L3API][E]  RRC_UE_EUTRA_Capability_v9a0_IEs is NULL
[17:54:02.033] [L3API][H] Set PHY Capability Parameters
[17:54:02.038] [L3API][H] 	multiClusterPUSCH_WithinCC (1)
[17:54:02.051] [L3API][H]  Support  B1 B2 B3 B4 B5[NV] +nv_write [mrd] SAFE(5) data=0x7fb9a5d010 offs=0x139a8 size=0x1
[17:54:02.074]  B6 B7 B8 B10 B12 B13 B14 B17 B18 B19 B20 B25 B26 B28 B29 B30 B34 B38 B39 B40 [L3API][H] Set modifiedMPR_Behavior_r10 : 60 00 00 00 (32)
[17:54:02.099] [L3API][H] 	freqBandRetrieval (1)
[17:54:02.111] [L3API] 	Set dl_256QAM_r12: 1
[17:54:02.119] [L3API] 	Set ul_64QAM_r12 1
[17:54:02.129] [L3API][H]  set_db_capability_r12_rf : DL256-1, UL64-1 (32)
[17:54:02.143] [L3API][H]  set_db_capability_r13_rf : MaxCCs-1, ReducedINCComb-1, SkipFallbackComb-1
[17:54:02.159] [L3API][H] Default BCL cnt 32
[17:54:02.165] [L3API][H] 	[0] - 1(1) *
[17:54:02.172] [L3API][H] 	[1] - 1(2) *
[17:54:02.178] [L3API][H] 	[2] - 1(3) *
[17:54:02.182] [L3API][H] 	[3] - 1(4) *
[17:54:02.190] [L3API][H] 	[4] - 1(5) *
[17:54:02.202] [L3API][H] 	[5] - 1(6) *
[17:54:02.212] [L3API][H] 	[6] - 1(7) *
[17:54:02.227] [L3API][H] 	[7] - 1(8) *
[17:54:02.240] [L3API][H] 	[8] - 1(10) *
[17:54:02.254] [L3API][H] 	[9] - 1(12) *
[17:54:02.267] [L3API][H] 	[10] - 1(13) *
[17:54:02.273] [L3API][H] 	[11] - 1(14) *
[17:54:02.285] [L3API][H] 	[12] - 1(17) *
[17:54:02.294] [L3API][H] 	[13] - 1(18) *
[17:54:02.302] [L3API][H] 	[14] - 1(19) *
[17:54:02.309] [L3API][H] 	[15] - 1(20) *
[17:54:02.316] [L3API][H] 	[16] - 1(25) *
[17:54:02.324] [L3API][H] 	[17] - 1(26) *
[17:54:02.332] [L3API][H] 	[18] - 1(28) *
[17:54:02.337] [L3API][H] 	[19] - 1(29[NV] [LTE_NV] mrd Write Skip id=5(SAFE)
[17:54:02.351] [NV] -nv_write [mrd] SAFE(5) data=0x7fb9a5d010 offs=0x139a8 size=0x1
[17:54:02.361] ) :DB 64
[17:54:02.364] [L3API][H] 	[20] - 1(30) *
[17:54:02.371] [L3API][H] 	[21] - 1(34) *
[17:54:02.379] [L3API][H] 	[22] - 1(38) *
[17:54:02.386] [L3API][H] 	[23] - 1(39) *
[17:54:02.391] [L3API][H] 	[24] - 1(40) *
[17:54:02.395] [L3API][H] 	[25] - 1(41) *
[17:54:02.444] [L3API][H] 	[26] - 1(42) *
[17:54:02.450] [L3API][H] 	[27] - 1(43) *
[17:54:02.454] [L3API][H] 	[28] - 1(48) *
[17:54:02.460] [L3API][H] 	[29] - 1(52) *
[17:54:02.465] [L3API][H] 	[30] - 1(66) *
[17:54:02.471] [L3API][H] 	[31] - 1(71) *
[17:54:02.479] [L3API][H] Set modifiedMPR_Behavior_r10 : 60 00 00 00 (32)
[17:54:02.487] [L3API][H]  Making band combination list (31)
[17:54:02.496] [L3API][H]  supportedBandCombination_r10 malloc - 0x856AE758 (1984 * 31)
[17:54:02.508] [L3API] Set BC: 1(1), 0(0)
[17:54:02.514] [L3API] Set BC: 1(2), 0(0)
[17:54:02.520] [L3API] Set BC: 1(3), 0(0)
[17:54:02.527] [L3API] Set BC: 1(4), 0(0)
[17:54:02.534] [L3API] Set BC: 1(5), 0(0)
[17:54:02.541] [L3API] Set BC: 1(6), 0(0)
[17:54:02.544] [L3API] Set BC: 1(7), 0(0)
[17:54:02.551] [L3API] Set BC: 1(8), 0(0)
[17:54:02.556] [L3API] Set BC: 1(10), 0(0)
[17:54:02.559] [L3API] Set BC: 1(12), 0(0)
[17:54:02.562] [L3API] Set BC: 1(13), 0(0)
[17:54:02.566] [L3API] Set BC: 1(14), 0(0)
[17:54:02.570] [L3API] Set BC: 1(17), 0(0)
[17:54:02.574] [L3API] Set BC: 1(18), 0(0)
[17:54:02.577] [L3API] Set BC: 1(19), 0(0)
[17:54:02.580] [L3API] Set BC: 1(20), 0(0)
[17:54:02.583] [L3API] Set BC: 1(25), 0(0)
[17:54:02.586] [L3API] Set BC: 1(26), 0(0)
[17:54:02.589] [L3API] Set BC: 1(28), 0(0)
[17:54:02.592] [L3API] Set BC: 1(30), 0(0)
[17:54:02.595] [L3API] Set BC: 1(34), 0(0)
[17:54:02.599] [L3API] Set BC: 1(38), 0(0)
[17:54:02.602] [L3API] Set BC: 1(39), 0(0)
[17:54:02.605] [L3API] Set BC: 1(40), 0(0)
[17:54:02.608] [L3API] Set BC: 1(41), 0(0)
[17:54:02.612] [L3API] Set BC: 1(42), 0(0)
[17:54:02.615] [L3API] Set BC: 1(43), 0(0)
[17:54:02.619] [L3API] Set BC: 1(48), 0(0)
[17:54:02.622] [L3API] Set BC: 1(52), 0(0)
[17:54:02.626] [L3API] Set BC: 1(66), 0(0)
[17:54:02.630] [L3API] Set BC: 1(71), 0(0)
[17:54:02.634] [L3API][H]  Set SupportedBandCombination R10 (31 of 31)
[17:54:02.639] [L3API][H]  Set maxLayersMIMO_Indication_r12
[17:54:02.644] [L3API][H] Enable UL MIMO
[17:54:02.648] [L3API][H] TDD UL MIMO
[17:54:02.652] [L3API][H] Disable CA
[17:54:02.656] [L3API][H] Set modifiedMPR_Behavior_r10 : 60 00 00 00 (32)
[17:54:02.661] [L3API][H] Bit 13 : disabled
[17:54:02.666] [L3API][H] Bit 18 : disabled
[17:54:02.669] [L3API][H] Bit 13 : disabled
[17:54:02.672] [L3API][H] Bit 18 : disabled
[17:54:02.676] [L3API][H]  SetFgi: 1E9805FE 00000000 0000C1FF / 1E9805FE 00000000 0000C1FF
[17:54:02.683] [L3API][H]  SetFgi: FDD/TDD configured
[17:54:02.687] [L3API][H] Bit 13 : disabled
[17:54:02.692] [L3API][H] Bit 18 : disabled
[17:54:02.696] [L3API][H]  Set FGI Common (1E9805FE 00000000 0000C1FF)
[17:54:02.700] [L3API][H]  Set FGI FDD only (00000000 00000000 00000000)
[17:54:02.710] [L3API][H]  Set FGI TDD only (00000000 00000000 00000000)
[17:54:02.714] [L3API][H] Bit 13 : disabled
[17:54:02.718] [L3API][H] Bit 18 : disabled
[17:54:02.722] [L3API][H] Bit 13 : disabled
[17:54:02.726] [L3API][H] Bit 18 : disabled
[17:54:02.729] [L3API][H]  SetFgi: 1E9805FE 00000000 0000C1FF / 1E9805FE 00000000 0000C1FF
[17:54:02.738] [L3API][H]  SetFgi: FDD/TDD configured
[17:54:02.748] [L3API][H] Bit 13 : disabled
[17:54:02.754] [L3API][H] Bit 18 : disabled
[17:54:02.757] [L3API][H]  Set FGI Common (1E9805FE 00000000 0000C1FF)
[17:54:02.763] [L3API][H]  Set FGI FDD only (00000000 00000000 00000000)
[17:54:02.778] [L3API][H]  Set FGI TDD only (00000000 00000000 00000000)
[17:54:02.783] [L3API][H] BandNR: 0 (NR list not ready)
[17:54:02.789] [L3API][H]  set v1540:0  No NR supported band
[17:54:02.797] [L3API][H]  Set ul_RRC_Segmentation_r16
[17:54:02.807] [L3API][H] reset all default bcl
[17:54:02.811] [L3API][H]  default supportedBandCombination_v10i0 - 0x856BD7A8
[17:54:02.818] [L3API][H]  default supportedBandCombination_r10 - 0x856AE758
[17:54:02.825] [L3API][H] eutra seed: RunSrc=CFG
[17:54:02.828] [FSM] [L3>S][FSM_IMC_WaitInitialize__NASRRC_RRC_INITIALIZE_REQ] NASRRC_RRC_INITIALIZE_CNF
[17:54:02.838] [NL3] [H] Cell DB:halfBank 209, blockFree 418, blockNo 418, blockSz 764
[17:54:02.845] [32mNR_DB_SERV_CELL_DDCT(34) : 8780
[17:54:02.852] [0mL1_NrBandInfoNV:34
[17:54:02.861] filtering:
[17:54:02.865] [N3API]  user FreqTable's init'd: 856C8FD8
[17:54:02.872] [N3API] [CAPA-MEM][op-pre] pInfo=00000000 SBL(own=0 alloc=00000000) BCL.trk=0 FS.trk=0
[17:54:02.884] [N3API] [CAPA-MEM][cfg-cache] reset: empty
[17:54:02.891] [OTA RX:10240] 31:NRCAPA [2486]->
[17:54:02.896] E1A23000 47465A03 1F8D8387 20000160 93170001 83F0D802 6EFF8204 41020174
[17:54:02.904] 48005005 810A6260 04800000 86400035 68300018 01E81C79 0E7C0000 82FFE3F8
[17:54:02.911] FE3FF8FE 3F854408 000EDD00 01000100 01D00010 00100000 0140A626 01480000
[17:54:02.925] 08640003 56830001 801E81C7 90E7C000 082FFE3F 8FE3FF8F E3F85440 8000EDD8
[17:54:02.937] 00180018 001D8001 80018000 00140A62 60248000 00864000 35683000 1801E81C
[17:54:02.949] 790E7C00 0082DF03 C0DE0380 54008000 140A6260 34800000 86400035 68300018
[17:54:02.970] 01E81C79 0E7C0000 82FFE3F8 FE3FF8FE 3F854408 000EDC80 00800080 01C80008
[17:54:02.983] 00080000 0140A626 03C80000 08640003 56830001 801E81C7 90E7C000 082DE038
[17:54:02.997] 0DE03805 44080007 9C800080 00800001 40A62609 C8000008 64000356 83000180
[17:54:03.013] 1E81C790 E7C00008 2DE0380D E0380540 08000140 A6260CC8 00000864 00035683
[17:54:03.030] 0001801E 81C790E7 C000082D F83E0DE0 38054008 000140A6 260DC800 00086400
[17:54:03.044] 03568300 01801E81 C790E7C0 00082DF8 3E0DF83E 05400800 0140A636 12C80000
[17:54:03.060] 08640003 56830001 801E81C7 90E7C000 082BFF0F C3F0FFC3 F0FC1500 20000502
[17:54:03.067] 98D84F20 00002190 000D5A0C 0006007A 071E439F 000020AF FE3FEFFB FF8FFBFE
[17:54:03.082] 54408000 ACE40024 000E4002 40000014 0E636140 84800000 86400035 68300018
[17:54:03.095] 01E81C79 0E7C0000 82BFF8FF BFEFFE3F EFF95142 0003B760 00E000E0 0076000E
[17:54:03.113] 000E0000 01000200 00005029 89883200 00021900 00D5A0C0 006007A0 71E439F0
[17:54:03.133] 00020BFF 0FC3F0FF C3F0FC15 1020003B 76000600 06000760 00600060 00000502
[17:54:03.151] 98988D20 00002190 000D5A0C 0006007A 071E439F 000020B7 E0F83780 E0151020
[17:54:03.168] 002B6200 02000620 00200000 05029898 95200000 2190000D 5A0C0006 007A071E
[17:54:03.186] 439F0000 20BFF8FE 3F8FFE3F 8FE15002 00005029 89897200 00021900 00D5A0C0
[17:54:03.203] 006007A0 71E439F0 00020A40 09001500 20000503 98D89901 20000021 90000D5A
[17:54:03.218] 0C000600 7A071E43 9F000020 AEFE3FEF FBBF8FFB FE545080 00ACE000 20000E00
[17:54:03.228] 02000000 40008000 00140A63 626C8000 00864000 35683000 1801E81C 790E7C00
[17:54:03.237] 0082BBF8 FFBFEEFE 3FEFF951 420002B3 80008000 38000800 00010002 00000050
[17:54:03.249] 1E800E00 00000000 38040000 0000E020 00001003 80C00000 000E0380 00020038
[17:54:03.261] 2600000C 00E0C800 00200383 60000100 0E128000 0508384E 00001820 E1400000
[17:54:03.275] 60038820 0001400E 23000004 08389800 001820E2 68000061 07800001 C0200000
[17:54:03.287] E5EC41E0 00007010 00003963 10780000 1C060000 0E5CC41E 00000701 C0000387
[17:54:03.298] 10780000 1C130000 0E58C41E 00000706 C0000387 10780000 18250004 0220E000
[17:54:03.308] 0E128000 090441E0 0000709C 00003973 10780000 1C280000 0E1C41E0 00006118
[17:54:03.322] 00100883 8000388C 00002411 07800001 84A00041 63107800 00184B00 040220F0
[17:54:03.336] 00003898 00001CB1 883C0000 0E268000 072FE20F 00800380 800001C1 10780400
[17:54:03.345] 1C060000 0E5CC41E 01000701 C0000397 31078040 01C13000 00E58C41 E0100070
[17:54:03.352] 6C000039 7F107804 001C2500 000E0883 C02000E1 38000072 F620F008 00385000
[17:54:03.365] 001CBF88 3C02000C 23000201 10700407 11800004 8220F008 00309400 082C620F
[17:54:03.371] 00800389 800001CB 9883C020 00E26800 0072E620 F0100038 0C00001C B1883C04
[17:54:03.377] 000C1280 02011070 08070940 00048220 F0100038 4E00001C 11078080 01C28000
[17:54:03.383] 00E0883C 04000E26 0000072C 620F0100 0389A000 01CB9883 C06000E0 38000070
[17:54:03.389] 441E0300 0704C000 03943107 80C001C1 B00000E0 883C0600 0C128002 0110700C
[17:54:03.395] 07094000 048220F0 1800384E 00001C11 0780C001 82800040 220E0180 E1400000
[17:54:03.446] 90441E03 00061180 01058C41 C0301C46 00001258 C41E0300 06128001 058C41E0
[17:54:03.455] 3000612C 00100883 C06000E2 60000072 C620F018 00389A00 001CB988 3C07000C
[17:54:03.464] 12800201 10700E07 09400004 8220F01C 00384E00 001CB188 3C07000E 14000007
[17:54:03.475] 2E620F01 C0038980 0001C110 780E001C 4D00000E 5CC41E09 80060940 01008838
[17:54:03.491] 130384A0 00024110 78260018 27000402 20E04C0E 13800009 0441E098 0060A000
[17:54:03.505] 10088381 30385000 00241107 82600184 C0004022 0E04C0E2 60000090 441E0980
[17:54:03.519] 07134000 03963107 836001C2 700000E5 CC41E0D8 0070A000 00397310 78360018
[17:54:03.532] 4A00040B 883C1B00 0C258002 01107836 001C4C00 000E5CC4 1E0D8007 13400003
[17:54:03.545] 97310784 A0018270 0040220E 0940E138 00009044 1E128006 11800100 88382503
[17:54:03.554] 88C00002 4110784A 00184A00 040220F0 94003096 00080441 E1280061 30001008
[17:54:03.563] 83825038 98000024 110784A0 01C4D000 00E5CC41 E1380070 A0000039 7310784E
[17:54:03.575] 00184600 040220E0 9C0E2300 00090441 E1380061 28001008 83C27000 C2580020
[17:54:03.588] 110784E0 01C4C000 00E0883C 27000E26 8000072E 620F0A00 0388C000 01CB9883
[17:54:03.604] C28000C2 50002011 07850001 84B00040 220F0A00 03898000 01CB9883 C28000E2
[17:54:03.619] 68000072 E620F118 00389800 001CB188 3C46000E 26800007 2C620E12 80E26800
[17:54:03.635] 0092C620 F1300030 9A00082C 620E1300 E2680000 92C620F0 00003000 00080441
[17:54:03.643] E0100060 0800101C 41E03000 60180010 0883C280 00C14000 207E20F1 1800308C
[17:54:03.648] 00080441 E2600061 3000101C 41E26800 61340010 2E2070A0 208050B8 81C4C082
[17:54:03.655] 0141C40E 2684100A 0E5A4000 0404C4F4 00000000 00000000 00023011 8000008C
[17:54:03.660] 04608020 08020080 20080200 80200802 00802008 02008020 08020080 20080200
[17:54:03.670] 80200802 00802008 02008020 08020080 20080200 80200802 00802008 02008020
[17:54:03.680] 08020080 20080200 80200802 00802008 02008020 08020080 20080200 80200802
[17:54:03.692] 00802008 02008020 08020080 20080200 80200802 00802008 02008020 08020080
[17:54:03.704] 20080200 0000036C 7A000000 00000000 00004000 02040000 00000000 00000000
[17:54:03.713] 00000000 00000000 00000000 00000000 00000000 00000000 00000000 00000000
[17:54:03.719] 00000000 00000000 00000000 00000000 00000000 00000000 00000000 00000000
[17:54:03.724] 00000000 00000000 00000000 00000000 00000000 07EFFFFF C6600007 00050382
[17:54:03.731] 80381804 200C03C0 D0000000 00000000 04000000 04000000 03000000 02000000
[17:54:03.737] 01400000 00C00000 00700000 00400000 00240000 00140000 000B0000 00060000
[17:54:03.742] 000340D6 4ED60ED6 8ED648D6 08D64AD6 0AD646D6 06D64CD6 0CD68CD6 54D694D0
[17:54:03.750] 30100000 6DB6D040 0005B6DB 41000026 DB6D0400 00DB6DB4 1000046D B6D04000
[17:54:03.757] 15B6DB41 000066DB 6D040001 DB6DB410 00086DB6 D0400025 B6DB4100 00A6DB6D
[17:54:03.763] 040002DB 6DB41000 0C6DB6D0 3149EAA8 3D5547AA A475540E AA92D550 5AAA4D55
[17:54:03.769] 41AAAA35 552AAAA9 55548EA0 14005002 00600801 40180300 18040090 0A014006
[17:54:03.775] 01802403 80500180 80090120 14006018 03403807 00280A01 10160260 30050014
[17:54:03.781] 0680B802 00501C03 02020200 68080801 A1010100 34040400 00808080 00020200
[17:54:03.790] 68004040 0D1AA030 401032F6 70000000 014A2000 0420
[17:54:03.794] [N3API] init_BCL param - 122
[17:54:03.797] [N3API] RF bit_mask : a2 00 00 00 00
[17:54:03.800] [N3API] [CAPA-MEM][post-decode] pInfo=00000000 SBL(own=0 alloc=00000000) BCL.trk=0 FS.trk=0
[17:54:03.813] [N3API] nr pdu filter hw=26 sbl 17->15 bcl 122->108
[17:54:03.817] [N3API] [CAPA-MEM][DB-set] pInfo=856c9dd8 SBL(own=0 alloc=00000000) BCL.trk=0 FS.trk=0
[17:54:03.825] [N3API]   SBL.val=85795858 cnt=15 BCL.main=857ab578 cnt=108 ABLF(dec=0/00000000/0 own=0/00000000)
[17:54:03.835] [N3API]   FS outer: decode-graph (B), trk=0
[17:54:03.838] [L3API][H] Set BandNR[15]:  1, 3, 5, 7, 8, 20, 26, 28, 38, 40, 41, 66, 71, 77, 78,
[17:54:03.847] [L3API][H] BandNR: 0 (NR list not ready)
[17:54:03.852] [L3API][H]  set v1540:15  n1 n3 n5 n7 n8 n20 n26 n28 n38 n40 n41 n66 n71 n77 n78
[17:54:03.860] [N3API]  EUTRA band[32]:
[17:54:03.864] [N3API] 	 B1 B2 B3 B4 B5 B6 B7 B8 B10 B12 B13 B14 B17 B18 B19 B20
[17:54:03.869] [N3API] 	 B25 B26 B28 B29 B30 B34 B38 B39 B40 B41 B42 B43 B48 B52 B66 B71
[17:54:03.876] [N3API] 
[17:54:03.880] Set bit-mask: 856CB4E4(000000E0) - 0 00000010
[17:54:03.886] [N3API] [MPR][PC] band:n38 pc:1 v1610:0 isPc1dot5:0 mpr_present:0 mpr_val:0x00
[17:54:03.896] [N3API] [MPR][PC] done band:n38 mpr_present:0 mpr_val:0x00
[17:54:03.906] [N3API] [MPR][PC] band:n40 pc:1 v1610:0 isPc1dot5:0 mpr_present:0 mpr_val:0x00
[17:54:03.918] [N3API] [MPR][PC] done band:n40 mpr_present:0 mpr_val:0x00
[17:54:03.926] [N3API] [MPR][PC] band:n41 pc:1 v1610:1 isPc1dot5:1 mpr_present:1 mpr_val:0x10
[17:54:03.934] [N3API] [MPR][PC] set n41 modifiedMPR_Behaviour=0x10
[17:54:03.938] [N3API] [MPR][PC] done band:n41 mpr_present:1 mpr_val:0x10
[17:54:03.951] [N3API] [MPR][PC] band:n77 pc:1 v1610:1 isPc1dot5:1 mpr_present:1 mpr_val:0x80
[17:54:03.960] [N3API] [MPR][PC] set n77 modifiedMPR_Behaviour=0x80
[17:54:03.968] [N3API] [MPR][PC] done band:n77 mpr_present:1 mpr_val:0x80
[17:54:03.981] [N3API] [MPR][PC] band:n78 pc:1 v1610:1 isPc1dot5:1 mpr_present:0 mpr_val:0x00
[17:54:03.997] [N3API] [MPR][PC] set n78 modifiedMPR_Behaviour=0x80
[17:54:04.005] [N3API] [MPR][PC] done band:n78 mpr_present:1 mpr_val:0x80
[17:54:04.014] [N3API] === reset UE Capa PDU
[17:54:04.020] [N3API] [CAPA-MEM][reset-done] pInfo=856c9dd8 SBL(own=0 alloc=00000000) BCL.trk=0 FS.trk=0
[17:54:04.033] [N3API]   SBL.val=85795858 cnt=15 BCL.main=857ab578 cnt=108 ABLF(dec=0/00000000/0 own=0/00000000)
[17:54:04.044] [N3API]   FS outer: decode-graph (B), trk=0
[17:54:04.052] [N3API] [CAPA-MEM][op-post] pInfo=856c9dd8 SBL(own=0 alloc=00000000) BCL.trk=0 FS.trk=0
[17:54:04.062] [N3API]   SBL.val=85795858 cnt=15 BCL.main=857ab578 cnt=108 ABLF(dec=0/00000000/0 own=0/00000000)
[17:54:04.076] [N3API]   FS outer: decode-graph (B), trk=0
[17:54:04.080] [NL3:   0][>S][nrrc_send_NNASRRC_RRC_INITIALIZE_CNF] NNASRRC_RRC_INITIALIZE_CNF
[17:54:04.086] [NAS_NSM] nsmSetPduAuthControlByUpperEnabled()
[17:54:04.091] [NAS_NSM] 	 flag(1)
[17:54:04.095] [NAS_INSIG] EPLMN|NASRRC_RRC_INITIALIZE_CNF(18)|PLMN_NULL(0)
[17:54:04.107] [NAS_INSIG] NPLMN|NNASRRC_RRC_INITIALIZE_CNF(18)|PLMN_NULL(0)
[17:54:04.113] [NAS_INSIG] CACHE|NASNVM_READ_CNF(8)|CACHE_WAIT_FOR_CACHE_INIT(0)
[17:54:04.119] [NAS_INSIG] CACHE|NASNVM_READ_CNF(8)|CACHE_WAIT_FOR_CACHE_INIT(0)
[17:54:04.128] [NAS_INSIG] CACHE|NASNVM_READ_CNF(8)|CACHE_WAIT_FOR_CACHE_INIT(0)
[17:54:04.133] [NAS_CACHE] [WAR] Invalid 5GSLOCI in the NV (0xffffff)!!!
[17:54:04.137] [NAS_INSIG] CACHE|NASNVM_READ_CNF(8)|CACHE_WAIT_FOR_CACHE_INIT(0)
[17:54:04.144] [NAS_INSIG] CACHE|NASNVM_READ_CNF(8)|CACHE_WAIT_FOR_CACHE_INIT(0)
[17:54:04.150] [NAS_INSIG] CACHE|NASNVM_READ_CNF(8)|CACHE_WAIT_FOR_CACHE_INIT(0)
[17:54:04.155] [NAS_INSIG] CACHE|NASNVM_READ_CNF(8)|CACHE_WAIT_FOR_CACHE_INIT(0)
[17:54:04.161] [NAS_INSIG] CACHE|NASNVM_READ_CNF(8)|CACHE_WAIT_FOR_CACHE_INIT(0)
[17:54:04.166] [NAS_INSIG] CACHE|NASNVM_READ_CNF(8)|CACHE_WAIT_FOR_CACHE_INIT(0)
[17:54:04.172] [NAS_INSIG] CACHE|NASNVM_READ_CNF(8)|CACHE_WAIT_FOR_CACHE_INIT(0)
[17:54:04.178] [NAS_CACHE] Read UTC Time: 0
[17:54:04.181] [NAS_INSIG] CACHE|NASNVM_READ_CNF(8)|CACHE_WAIT_FOR_CACHE_INIT(0)
[17:54:04.187] [NAS_INSIG] CACHE|NASNVM_READ_CNF(8)|CACHE_WAIT_FOR_CACHE_INIT(0)
[17:54:04.193] [NAS_INSIG] CACHE|NASNVM_READ_CNF(8)|CACHE_WAIT_FOR_CACHE_INIT(0)
[17:54:04.199] [NAS_INSIG] CACHE|NASNVM_READ_CNF(8)|CACHE_WAIT_FOR_CACHE_INIT(0)
[17:54:04.204] [NAS_CACHE] [ERR] Invalid IMEI: 0x000000000000000000 <IN cacheReadNVMCnf 528>
[17:54:04.211] [NAS_INSIG] CACHE|NASNVM_READ_CNF(8)|CACHE_WAIT_FOR_CACHE_INIT(0)
[17:54:04.221] [NAS_CACHE] [ERR] Invalid IMEI2: 0x000000000000000000 <IN cacheReadNVMCnf 550>
[17:54:04.228] [NAS_INSIG] CACHE|NASNVM_READ_CNF(8)|CACHE_WAIT_FOR_CACHE_INIT(0)
[17:54:04.233] [NAS_INSIG] CACHE|NASNVM_READ_CNF(8)|CACHE_WAIT_FOR_CACHE_INIT(0)
[17:54:04.238] [NAS_INSIG] CACHE|NASNVM_READ_CNF(8)|CACHE_WAIT_FOR_CACHE_INIT(0)
[17:54:04.244] [NAS_CACHE] Read T3245 lte:0 nr: 0
[17:54:04.250] [NAS_INSIG] CACHE|NASNVM_READ_CNF(8)|CACHE_WAIT_FOR_CACHE_INIT(0)
[17:54:04.255] [NAS_INSIG] CACHE|NASNVM_READ_CNF(8)|CACHE_WAIT_FOR_CACHE_INIT(0)
[17:54:04.261] [NAS_INSIG] CACHE|NASNVM_READ_CNF(8)|CACHE_WAIT_FOR_CACHE_INIT(0)
[17:54:04.267] [NAS_INSIG] CACHE|NASNVM_READ_CNF(8)|CACHE_WAIT_FOR_CACHE_INIT(0)
[17:54:04.272] [NAS_INSIG] CACHE|NASNVM_READ_CNF(8)|CACHE_WAIT_FOR_CACHE_INIT(0)
[17:54:04.279] [NAS_INSIG] CACHE|NASNVM_READ_CNF(8)|CACHE_WAIT_FOR_CACHE_INIT(0)
[17:54:04.284] [NAS_INSIG] CACHE|NASNVM_READ_CNF(8)|CACHE_WAIT_FOR_CACHE_INIT(0)
[17:54:04.292] [NAS_INSIG] CACHE|NASNVM_READ_CNF(8)|CACHE_WAIT_FOR_CACHE_INIT(0)
[17:54:04.298] [NAS_INSIG] CACHE|NASNVM_READ_CNF(8)|CACHE_WAIT_FOR_CACHE_INIT(0)
[17:54:04.304] [NAS_INSIG] CACHE|NASNVM_READ_CNF(8)|CACHE_WAIT_FOR_CACHE_INIT(0)
[17:54:04.311] [NAS_INSIG] CACHE|NASNVM_READ_CNF(8)|CACHE_WAIT_FOR_CACHE_INIT(0)
[17:54:04.316] [NAS_CACHE] ICCID Matched: No USIM change detected
[17:54:04.320] [NAS_CACHE] State Change (CACHE_WAIT_FOR_CACHE_INIT => CACHE_VALID_USIM)
[17:54:04.328] [NAS_INSIG] EMM|EMM_INT_USIM_INSERTED_IND(2)|EMM_NULL(0)
[17:54:04.334] [FSM] [ERR]EHPLMN list cnt:2
[17:54:04.339] [FSM] EHPLMN :[0] F110
[17:54:04.343] [FSM] EHPLMN :[1] 130184
[17:54:04.347] [L3API][H] Init CSG DB: 0
[17:54:04.351] [FSM] [L3>S][RRC_send_NASRRC_USIM_INSERTED_CNF] NASRRC_USIM_INSERTED_CNF
[17:54:04.360] [NAS_INSIG] EPLMN|EPLMN_USIM_INSERTED_IND(5)|PLMN_NULL(0)
[17:54:04.366] [NAS_EPLMN] PLMN_PERIODIC_HPLMN_SEARCH_TIMER Timer value Changed: 28800000 ms
[17:54:04.372] [NAS_EPLMN] State Change (PLMN_NULL => PLMN_IDLE)
[17:54:04.378] [NAS_INSIG] NMM|NMM_INT_USIM_INSERTED_IND(3)|NMM_NULL(0)
[17:54:04.385] [NL3:   0]<- NNASRRC_USIM_INSERTED_REQ
[17:54:04.388] [NL3:   0]EHPLMN :[0] F110
[17:54:04.392] [NL3:   0]EHPLMN :[1] 130184
[17:54:04.443] [NL3:   0][>S][NRRC_Read_NVM_DRX] NVM_READ_REQ
[17:54:04.447] [NL3:   0][>S][NRRC_Read_NVM_User_DRX] NVM_READ_REQ
[17:54:04.451] [NAS_INSIG] NPLMN|NPLMN_USIM_INSERTED_IND(5)|PLMN_NULL(0)
[17:54:04.457] [NAS_NPLMN] PLMN_PERIODIC_HPLMN_SEARCH_TIMER Timer value Changed: 28800000 ms
[17:54:04.463] [NAS_NPLMN] State Change (PLMN_NULL => PLMN_IDLE)
[17:54:04.468] [NAS_INSIG] EMM|NASRRC_USIM_INSERTED_CNF(45)|EMM_NULL(0)
[17:54:04.473] [NAS_EMM] FSM_EMM_NULL__NASRRC_USIM_INSERTED_CNF
[17:54:04.481] [FSM] [L3<-][RMCI][0] NASRRC_COUNT_UPDATE_IND
[17:54:04.487] [RMC] [H] NAS count:0
[17:54:04.492] NAS_MsgHandler, messageType(0x360014)
[17:54:04.497] [NL3:   0][<-][NL3USI][2][3] NVM_READ_CNF
[17:54:04.501] [N3USI] NV name : LDRX_NV
[17:54:04.505] [N3USI] NV DRX not used: 0
[17:54:04.509] [NL3:   0][<-][NL3USI][2][3] NVM_READ_CNF
[17:54:04.517] [N3USI] NV name : NDRX_NV
[17:54:04.522] [N3USI] NV User DRX not used :0
[17:54:04.527] [NL3:   0][>S][FSM_NL3USI_Read__NVM_READ_CNF] NNASRRC_USIM_INSERTED_CNF
[17:54:04.538] [NAS_INSIG] NMM|NASRRC_USIM_INSERTED_CNF(44)|NMM_NULL(0)
[17:54:04.548] [NAS_NMM] FSM_NMM_NULL__NASRRC_USIM_INSERTED_CNF
[17:54:04.557] [NAS_INSIG] NSM_CONNECTION_MANAGEMENT|NMMNSM_UICC_USIM_CACHE_END_IND(22)|NSM_CONNECTION_MANAGEMENT(0)
[17:54:04.574] L1 initialize...
[17:54:04.579] nr_slp_shmem : 28500000
[17:54:04.583] nr_dlp_shmem[0] : 20500000
[17:54:04.590] nr_dlp_shmem[1] : 21500000
[17:54:04.598] nr_dlp_shmem[2] : 22500000
[17:54:04.603] nr_dlp_shmem[3] : 23500000
[17:54:04.609] nr_dlp_shmem[4] : 24500000
[17:54:04.614] nr_dlp_shmem[5] : 25500000
[17:54:04.618] nr_dlp_shmem[6] : 26500000
[17:54:04.623] nr_dlp_shmem[7] : 27500000
[17:54:04.628] nr_ulp_shmem[0] : 20d00000
[17:54:04.634] nr_ulp_shmem[1] : 21d00000
[17:54:04.639] nr_ulp_shmem[2] : 22d00000
[17:54:04.643] nr_ulp_shmem[3] : 23d00000
[17:54:04.648]  =====   RF NV3  ====== 
[17:54:04.652]  RFD_GetAdcMetalfix() nv_bcfg cmn_ext_rfconfig 0x0030 bit#3(0 metal fix, 1 no fix) adc_metal_fix 1
[17:54:04.673] [MRM] Read MRM Mode: 0
[17:54:04.680] [MRM] NOT Enabled MRM FSM: 0
[17:54:04.686] [MRM] 0x6c Connected assigned ConnId: 0x1
[17:54:04.693] [SMS] ENAS SMS INIT REQ rxed
[17:54:04.707] $ ifconfig
[17:54:04.722] 2
[17:54:04.729] [ATM] ATMManager_RegisterUMM(evt:35, nPortId:0)...
[17:54:04.739] SMSMGR : bSmsFormat(3GPP)
[17:54:04.744] [SMS] SMSMGR : UICC FILE INFO rxed(FID = 0x0)
[17:54:04.756] mrd: UICC Activation done : driver open fail(-1)
[17:54:04.768] mrd: 
[17:54:04.772] UICC INDICATION(DEV_IDX(1))
[17:54:04.778] mrd: UICC ACTIVATED INDICATION
[17:54:04.785] mrautocm: [mrcm_ind_uicc_ind]
[17:54:04.793] mrautocm: UICC ACTIVATED INDICATION
[17:54:04.801] mrd: 
[17:54:04.805] INITIALIZATION PROTOCOL STACK RESPONSE(DEV_IDX(1))
[17:54:04.816] mrd: Result : 0
[17:54:04.821] mrd: WTD: LAPI_NotiArm1Reset : Hold[0]
[17:54:04.827] mrd: ucfg Scramble (0)
[17:54:04.832] mrd: NRAPI_DeviceCfgSetReq Scramble (0)
[17:54:04.843] mrd: SET SCRAMBLE LOG : DISABLE
[17:54:04.851] LTE LOG(000001c4): NOTI WARN2 WARN3 ERR
[17:54:04.860] mrd: cm_set_smsCfgWriteReq()
[17:54:04.869] [MRM] Disable Scrumble Log
[17:54:04.883] [NAS_INSIG] CACHE|NAS_PROTOCOL_CONFIG_WRITE_REQ(3)|CACHE_VALID_USIM(1)
[17:54:04.905] [NAS_CACHE] Scrumble Log: 0
[17:54:04.916] mrd: cm_set_RaDeploymentReq()
[17:54:04.927] [MRM] 5G NR SA: 1 NSA: 0 LTE SA: 0
[17:54:04.939] [MRM] Set NR SA Mode for RRC: 1
[17:54:04.948] [L3API][H] Set BandNR[15]:  n1 n3 n5 n7 n8 n20 n26 n28 n38 n40 n41 n66 n71 n77 n78
[17:54:04.966] [MRM] Set Endc Enable for RRC: 0
[17:54:04.980] [L3API][H] 	Set EN-DC Enable:0
[17:54:04.987] [L3API][H]  set v1540:15  n1 n3 n5 n7 n8 n20 n26 n28 n38 n40 n41 n66 n71 n77 n78
[17:54:05.006] [MRM] Set LTE Only Mode for RRC: 1
[17:54:05.013] [L3API][H] Enable UL MIMO
[17:54:05.018] [L3API][H] TDD UL MIMO
[17:54:05.023] [L3API][H] Disable CA
[17:54:05.028] [L3API][H] Bit 13 : disabled
[17:54:05.032] [L3API][H] Bit 18 : disabled
[17:54:05.040] [L3API][H] Bit 13 : disabled
[17:54:05.047] [L3API][H] Bit 18 : disabled
[17:54:05.050] [L3API][H]  SetFgi: 1E9805FE 00000000 0000C1FF / 1E9805FE 00000000 0000C1FF
[17:54:05.061] mrd: get_load_capa_pdu_uper_file(1) - isFirstChunk=1
[17:54:05.069] mrd: read_rrc_capa_pdu_chunk(/var/nr/param/capa/UE_MRDC_Capability.uper) - (0~10224)/fileSize(12134)
[17:54:05.082] 81 01 41 ED 88 2C 08 03 80 40 00 00 01 10 58 20 ....
[17:54:05.088] mrd: cm_set_NRUERadioCapaReq()
[17:54:05.092] mrd: get_load_capa_pdu_uper_file(1) - isFirstChunk=0
[17:54:05.102] mrd: read_rrc_capa_pdu_chunk(/var/nr/param/capa/UE_MRDC_Capability.uper) - (10224~12134)/fileSize(12134)
[17:54:05.118] 03 80 00 01 C0 60 00 01 60 88 6C 08 01 89 80 70 ....
[17:54:05.129] mrd: cm_set_NRUERadioCapaReq()
[17:54:05.137] mrd: get_load_capa_pdu_uper_file(0) - isFirstChunk=1
[17:54:05.151] mrd: read_rrc_capa_pdu_chunk(/var/nr/param/capa/UE_NR_Capability.uper) - (0~1686)/fileSize(1686)
[17:54:05.167] E1 A2 30 00 47 46 5A 03 1F 8D 83 85 20 00 16 09 ....
[17:54:05.175] mrd: cm_set_NRUERadioCapaReq()
[17:54:05.182] mrd: get_load_capa_pdu_uper_file(2) - isFirstChunk=1
[17:54:05.189] mrd: read_rrc_capa_pdu_chunk(/var/nr/param/capa/UE_EUTRA_Capability.uper) - (0~1853)/fileSize(1853)
[17:54:05.211] E0 19 80 57 00 10 30 81 43 07 12 44 91 33 26 CF ....
[17:54:05.219] mrd: cm_set_LTEUERadioCapaReq()
[17:54:05.224] [L3API][H]  SetFgi: FDD/TDD configured
[17:54:05.229] [L3API][H] Bit 13 : disabled
[17:54:05.237] [L3API][H] Bit 18 : disabled
[17:54:05.242] [L3API][H]  Set FGI Common (1E9805FE 00000000 0000C1FF)
[17:54:05.251] [L3API][H]  Set FGI FDD only (00000000 00000000 00000000)
[17:54:05.264] [L3API][H]  Set FGI TDD only (00000000 00000000 00000000)
[17:54:05.275] [L3API][H] 	[Y]Set interRAT_BandList(0) in BCL(31)
[17:54:05.284] [NAS_INSIG] CACHE|NAS_PROTOCOL_CONFIG_WRITE_REQ(3)|CACHE_VALID_USIM(1)
[17:54:05.293] [NAS_CACHE] 5G NR SA: 1 5G NR NSA: 0 LTE SA: 0
[17:54:05.298] [MRM] Set UE MRDC Capability PDU - mode: 1 length: 10224
[17:54:05.303] [N3API]  mrdcCapaPdu mode:1, size:10224
[17:54:05.307] [N3API][E] mrdcCapaPdu: too big PDU size:10224
[17:54:05.314] [N3API]  mrdcCapaPdu mode:3, size:10224
[17:54:05.317] [N3API] MRDC reset: load default into DB (hasPdu:0)
[17:54:05.323] [N3API] del default MRDC Capa DB
[17:54:05.326] [N3API] MRDC update: gen BCL 128 from gMrdcSupportedBcTable[128] (sbl e:32 n:15 nrBcl:108 skipFb:0)
[17:54:05.338] [N3API] MRDC tbl[0] e:1+3 n:1+78
[17:54:05.341] [N3API] [0]tbl0-4,0  MRDC tbl[1] e:1+7 n:1+78
[17:54:05.346] [N3API] [1]tbl1-4,0  MRDC tbl[2] e:1+28 n:1+78
[17:54:05.351] [N3API] [2]tbl2-4,0  MRDC tbl[3] e:1+40 n:1+78
[17:54:05.357] [N3API] [3]tbl3-4,0  MRDC tbl[4] e:3+7 n:1+78
[17:54:05.363] [N3API] MRDC: [4]tbl4-4,0  
[17:54:05.369] [N3API] MRDC tbl[5] e:3+28 n:1+78
[17:54:05.374] [N3API] [5]tbl5-4,0  MRDC tbl[6] e:3+40 n:1+78
[17:54:05.379] [N3API] [6]tbl6-4,0  MRDC tbl[7] e:7+28 n:1+78
[17:54:05.385] [N3API] [7]tbl7-4,0  MRDC tbl[8] e:7+40 n:1+78
[17:54:05.398] [N3API] [8]tbl8-4,0  MRDC tbl[9] e:28+40 n:1+78
[17:54:05.444] [N3API] MRDC: [9]tbl9-4,0  
[17:54:05.449] [N3API] MRDC tbl[10] e:1+3+7 n:1+78
[17:54:05.452] [N3API] [10]tbl10-5,1  MRDC tbl[11] e:1+3+28 n:1+78
[17:54:05.460] [N3API] [11]tbl11-5,1  MRDC tbl[12] e:1+3+40 n:1+78
[17:54:05.469] [N3API] [12]tbl12-5,1  MRDC tbl[13] e:1+7+28 n:1+78
[17:54:05.475] [N3API] [13]tbl13-5,1  MRDC tbl[14] e:1+7+40 n:1+78
[17:54:05.487] [N3API] MRDC: [14]tbl14-5,1  
[17:54:05.495] [N3API] MRDC tbl[15] e:1+28+40 n:1+78
[17:54:05.502] [N3API] [15]tbl15-5,1  MRDC tbl[16] e:3+7+28 n:1+78
[17:54:05.510] [N3API] [16]tbl16-5,1  MRDC tbl[17] e:3+7+40 n:1+78
[17:54:05.516] [N3API] [17]tbl17-5,1  MRDC tbl[18] e:3+28+40 n:1+78
[17:54:05.524] [N3API] [18]tbl18-5,1  MRDC tbl[19] e:7+28+40 n:1+78
[17:54:05.529] [N3API] MRDC: [19]tbl19-5,1  
[17:54:05.536] [N3API] MRDC tbl[20] e:1+3 n:5+78
[17:54:05.541] [N3API] [20]tbl20-4,0  MRDC tbl[21] e:1+7 n:5+78
[17:54:05.550] [N3API] [21]tbl21-4,0  MRDC tbl[22] e:1+28 n:5+78
[17:54:05.559] [N3API] [22]tbl22-4,0  MRDC tbl[23] e:1+40 n:5+78
[17:54:05.565] [N3API] [23]tbl23-4,0  MRDC tbl[24] e:3+7 n:5+78
[17:54:05.569] [N3API] MRDC: [24]tbl24-4,0  
[17:54:05.572] [N3API] MRDC tbl[25] e:3+28 n:5+78
[17:54:05.577] [N3API] [25]tbl25-4,0  MRDC tbl[26] e:3+40 n:5+78
[17:54:05.581] [N3API] [26]tbl26-4,0  MRDC tbl[27] e:7+28 n:5+78
[17:54:05.585] [N3API] [27]tbl27-4,0  MRDC tbl[28] e:7+40 n:5+78
[17:54:05.592] [N3API] [28]tbl28-4,0  MRDC tbl[29] e:28+40 n:5+78
[17:54:05.597] [N3API] MRDC: [29]tbl29-4,0  
[17:54:05.601] [N3API] MRDC tbl[30] e:1+3+7 n:5+78
[17:54:05.604] [N3API] [30]tbl30-5,1  MRDC tbl[31] e:1+3+28 n:5+78
[17:54:05.609] [N3API] [31]tbl31-5,1  MRDC tbl[32] e:1+3+40 n:5+78
[17:54:05.613] [N3API] [32]tbl32-5,1  MRDC tbl[33] e:1+7+28 n:5+78
[17:54:05.617] [N3API] [33]tbl33-5,1  MRDC tbl[34] e:1+7+40 n:5+78
[17:54:05.621] [N3API] MRDC: [34]tbl34-5,1  
[17:54:05.625] [N3API] MRDC tbl[35] e:1+28+40 n:5+78
[17:54:05.631] [N3API] [35]tbl35-5,1  MRDC tbl[36] e:3+7+28 n:5+78
[17:54:05.635] [N3API] [36]tbl36-5,1  MRDC tbl[37] e:3+7+40 n:5+78
[17:54:05.640] [N3API] [37]tbl37-5,1  MRDC tbl[38] e:3+28+40 n:5+78
[17:54:05.645] [N3API] [38]tbl38-5,1  MRDC tbl[39] e:7+28+40 n:5+78
[17:54:05.652] [N3API] MRDC: [39]tbl39-5,1  
[17:54:05.660] [N3API] MRDC tbl[40] e:1+3 n:1+40
[17:54:05.665] [N3API] [40]tbl40-4,0  MRDC tbl[41] e:1+7 n:1+40
[17:54:05.671] [N3API] [41]tbl41-4,0  MRDC tbl[42] e:1+28 n:1+40
[17:54:05.675] [N3API] [42]tbl42-4,0  MRDC tbl[43] e:1+40 n:1+40
[17:54:05.680] [N3API] [43]tbl43-4,0  MRDC tbl[44] e:3+7 n:1+40
[17:54:05.691] [N3API] MRDC: [44]tbl44-4,0  
[17:54:05.696] [N3API] MRDC tbl[45] e:3+28 n:1+40
[17:54:05.706] [N3API] [45]tbl45-4,0  MRDC tbl[46] e:3+40 n:1+40
[17:54:05.714] [N3API] [46]tbl46-4,0  MRDC tbl[47] e:7+28 n:1+40
[17:54:05.724] [N3API] [47]tbl47-4,0  MRDC tbl[48] e:7+40 n:1+40
[17:54:05.735] [N3API] [48]tbl48-4,0  MRDC tbl[49] e:28+40 n:1+40
[17:54:05.742] [N3API] MRDC: [49]tbl49-4,0  
[17:54:05.749] [N3API] MRDC tbl[50] e:1+3+7 n:1+40
[17:54:05.754] [N3API] [50]tbl50-5,1  MRDC tbl[51] e:1+3+28 n:1+40
[17:54:05.766] [N3API] [51]tbl51-5,1  MRDC tbl[52] e:1+3+40 n:1+40
[17:54:05.775] [N3API] [52]tbl52-5,1  MRDC tbl[53] e:1+7+28 n:1+40
[17:54:05.786] [N3API] [53]tbl53-5,1  MRDC tbl[54] e:1+7+40 n:1+40
[17:54:05.796] [N3API] MRDC: [54]tbl54-5,1  
[17:54:05.799] [N3API] MRDC tbl[55] e:1+28+40 n:1+40
[17:54:05.804] [N3API] [55]tbl55-5,1  MRDC tbl[56] e:3+7+28 n:1+40
[17:54:05.808] [N3API] [56]tbl56-5,1  MRDC tbl[57] e:3+7+40 n:1+40
[17:54:05.812] [N3API] [57]tbl57-5,1  MRDC tbl[58] e:3+28+40 n:1+40
[17:54:05.819] [N3API] [58]tbl58-5,1  MRDC tbl[59] e:7+28+40 n:1+40
[17:54:05.824] [N3API] MRDC: [59]tbl59-5,1  
[17:54:05.827] [N3API] MRDC tbl[60] e:1+3 n:5+40
[17:54:05.832] [N3API] [60]tbl60-4,0  MRDC tbl[61] e:1+7 n:5+40
[17:54:05.836] [N3API] [61]tbl61-4,0  MRDC tbl[62] e:1+28 n:5+40
[17:54:05.840] [N3API] [62]tbl62-4,0  MRDC tbl[63] e:1+40 n:5+40
[17:54:05.844] [N3API] [63]tbl63-4,0  MRDC tbl[64] e:3+7 n:5+40
[17:54:05.849] [N3API] MRDC: [64]tbl64-4,0  
[17:54:05.853] [N3API] MRDC tbl[65] e:3+28 n:5+78
[17:54:05.856] [N3API] [65]tbl65-4,0  MRDC tbl[66] e:3+40 n:5+40
[17:54:05.860] [N3API] [66]tbl66-4,0  MRDC tbl[67] e:7+28 n:5+40
[17:54:05.864] [N3API] [67]tbl67-4,0  MRDC tbl[68] e:7+40 n:5+40
[17:54:05.871] [N3API] [68]tbl68-4,0  MRDC tbl[69] e:28+40 n:5+40
[17:54:05.876] [N3API] MRDC: [69]tbl69-4,0  
[17:54:05.880] [N3API] MRDC tbl[70] e:1+3+7 n:5+40
[17:54:05.883] [N3API] [70]tbl70-5,1  MRDC tbl[71] e:1+3+28 n:5+40
[17:54:05.887] [N3API] [71]tbl71-5,1  MRDC tbl[72] e:1+3+40 n:5+40
[17:54:05.890] [N3API] [72]tbl72-5,1  MRDC tbl[73] e:1+7+28 n:5+40
[17:54:05.895] [N3API] [73]tbl73-5,1  MRDC tbl[74] e:1+7+40 n:5+40
[17:54:05.902] [N3API] MRDC: [74]tbl74-5,1  
[17:54:05.905] [N3API] MRDC tbl[75] e:1+28+40 n:5+40
[17:54:05.911] [N3API] [75]tbl75-5,1  MRDC tbl[76] e:3+7+28 n:5+40
[17:54:05.917] [N3API] [76]tbl76-5,1  MRDC tbl[77] e:3+7+40 n:5+40
[17:54:05.924] [N3API] [77]tbl77-5,1  MRDC tbl[78] e:3+28+40 n:5+40
[17:54:05.931] [N3API] [78]tbl78-5,1  MRDC tbl[79] e:7+28+40 n:5+40
[17:54:05.937] [N3API] MRDC: [79]tbl79-5,1  
[17:54:05.940] [N3API] MRDC tbl[80] e:1+3 n:78
[17:54:05.943] [N3API] [80]tbl80-3,2  MRDC tbl[81] e:1+7 n:78
[17:54:05.947] [N3API] [81]tbl81-3,2  MRDC tbl[82] e:1+28 n:78
[17:54:05.952] [N3API] [82]tbl82-3,2  MRDC tbl[83] e:1+40 n:78
[17:54:05.956] [N3API] [83]tbl83-3,2  MRDC tbl[84] e:3+7 n:78
[17:54:05.964] [N3API] MRDC: [84]tbl84-3,2  
[17:54:05.967] [N3API] MRDC tbl[85] e:3+28 n:78
[17:54:05.970] [N3API] [85]tbl85-3,2  MRDC tbl[86] e:3+40 n:78
[17:54:05.974] [N3API] [86]tbl86-3,2  MRDC tbl[87] e:7+28 n:78
[17:54:05.978] [N3API] [87]tbl87-3,2  MRDC tbl[88] e:7+40 n:78
[17:54:05.984] [N3API] [88]tbl88-3,2  MRDC tbl[89] e:28+40 n:78
[17:54:05.988] [N3API] MRDC: [89]tbl89-3,2  
[17:54:05.993] [N3API] MRDC tbl[90] e:1+3+7 n:78
[17:54:05.997] [N3API] [90]tbl90-4,3  MRDC tbl[91] e:1+3+28 n:78
[17:54:06.003] [N3API] [91]tbl91-4,3VLAN: all hmac cleared
[17:54:06.007] br0: port 1(usb0) entered blocking state
[17:54:06.011] br0: port 1(usb0) entered forwarding state
[17:54:06.014]   MRDC tbl[92] e:1+3+40 n:78
[17:54:06.017] [N3API] [92]tbl92-4,3  MRDC tbl[93] e:1+7+28 n:78
[17:54:06.022] [N3API] [93]tbl93-4,3  MRDC tbl[94] e:1+7+40 n:78
[17:54:06.028] [N3API] MRDC: [94]tbl94-4,3  
[17:54:06.031] [N3API] MRDC tbl[95] e:1+28+40 n:78
[17:54:06.035] [N3API] [95]tbl95-4,3  MRDC tbl[96] e:3+7+28 n:78
[17:54:06.040] [N3API] [96]tbl96-4,3  MRDC tbl[97] e:3+7+40 n:78
[17:54:06.044] [N3API] [97]tbl97-4,3  MRDC tbl[98] e:3+28+40 n:78
[17:54:06.050] [N3API] [98]tbl98-4,3  MRDC tbl[99] e:7+28+40 n:78
[17:54:06.054] [N3API] MRDC: [99]tbl99-4,3  
[17:54:06.057] [N3API] MRDC tbl[100] e:1+3+7+28 n:78
[17:54:06.061] [N3API] [100]tbl100-5,4  MRDC tbl[101] e:1+3+7+40 n:78
[17:54:06.069] [N3API] [101]tbl101-5,4  MRDC tbl[102] e:1+7+28+40 n:78
[17:54:06.075] [N3API] [102]tbl102-5,4  MRDC tbl[103] e:3+7+28+40 n:78
[17:54:06.080] [N3API] [103]tbl103-5,4  MRDC tbl[104] e:1+3 n:40
[17:54:06.085] [N3API] MRDC: [104]tbl104-3,2  
[17:54:06.096] [N3API] MRDC tbl[105] e:1+7 n:40
[17:54:06.100] [N3API] [105]tbl105-3,2  MRDC tbl[106] e:1+28 n:40
[17:54:06.104] [N3API] [106]tbl106-3,2  MRDC tbl[107] e:1+40 n:40
[17:54:06.110] [N3API] [107]tbl107-3,2  MRDC tbl[108] e:3+7 n:40
[17:54:06.115] [N3API] [108]tbl108-3,2  MRDC tbl[109] e:3+28 n:40
[17:54:06.121] [N3API] MRDC: [109]tbl109-3,2  
[17:54:06.126] [N3API] MRDC tbl[110] e:3+40 n:40
[17:54:06.129] [N3API] [110]tbl110-3,2  MRDC tbl[111] e:7+28 n:40
[17:54:06.135] [N3API] [111]tbl111-3,2  MRDC tbl[112] e:7+40 n:40
[17:54:06.141] [N3API] [112]tbl112-3,2  MRDC tbl[113] e:28+40 n:40
[17:54:06.148] [N3API] [113]tbl113-3,2  MRDC tbl[114] e:1+3+7 n:40
[17:54:06.156] [N3API] MRDC: [114]tbl114-4,3  
[17:54:06.162] [N3API] MRDC tbl[115] e:1+3+28 n:40
[17:54:06.168] [N3API] [115]tbl115-4,3  MRDC tbl[116] e:1+3+40 n:40
[17:54:06.175] [N3API] [116]tbl116-4,3  MRDC tbl[117] e:1+7+28 n:40
[17:54:06.182] [N3API] [117]tbl117-4,3  MRDC tbl[118] e:1+7+40 n:40
[17:54:06.192] [N3API] [118]tbl118-4,3  MRDC tbl[119] e:1+28+40 n:40
[17:54:06.198] [N3API] MRDC: [119]tbl119-4,3  
[17:54:06.202] [N3API] MRDC tbl[120] e:3+7+28 n:40
[17:54:06.208] [N3API] [120]tbl120-4,3  MRDC tbl[121] e:3+7+40 n:40
[17:54:06.215] [N3API] [121]tbl121-4,3  MRDC tbl[122] e:3+28+40 n:40
[17:54:06.226] [N3API] [122]tbl122-4,3  MRDC tbl[123] e:7+28+40 n:40
[17:54:06.237] [N3API] [123]tbl123-4,3  MRDC tbl[124] e:1+3+7+28 n:40
[17:54:06.246] [N3API] MRDC: [124]tbl124-5,4  
[17:54:06.254] [N3API] MRDC tbl[125] e:1+3+7+40 n:40
[17:54:06.261] [N3API] [125]tbl125-5,4  MRDC tbl[126] e:1+7+28+40 n:40
[17:54:06.267] [N3API] [126]tbl126-5,4  MRDC tbl[127] e:3+7+28+40 n:40
[17:54:06.278] [N3API] MRDC: [127]tbl127-5,4  
[17:54:06.284] [N3API] MRDC BCL:128, FSCL:5
[17:54:06.291] [ASN]  [OSS DB] enc PDU sz: 1873
[17:54:06.297] [OTA DB] 29:MRDC [1873]
[17:54:06.302] [N3API] MRDC update: reset UE capability DB
[17:54:06.308] [MRM] Set UE MRDC Capability PDU - mode: 2 length: 1910
[17:54:06.313] [N3API]  mrdcCapaPdu mode:2, size:1910
[17:54:06.317] [MRM] Set UE NR Capability PDU - mode: 1 length: 1686
[17:54:06.320] [N3API]  ueCapaPdu mode:1, size:1686
[17:54:06.324] [N3API]  ueCapaPdu mode:3, size:1686
[17:54:06.327] [N3API] [CAPA-MEM][op-pre] pInfo=856c9dd8 SBL(own=0 alloc=00000000) BCL.trk=0 FS.trk=0
[17:54:06.334] [N3API]   SBL.val=85795858 cnt=15 BCL.main=857ab578 cnt=108 ABLF(dec=0/00000000/0 own=0/00000000)
[17:54:06.341] [N3API]   FS outer: decode-graph (B), trk=0
[17:54:06.345] [N3API] [CAPA-MEM][pre-ASNFreePdu] pInfo=856c9dd8 SBL(own=0 alloc=00000000) BCL.trk=0 FS.trk=0
[17:54:06.352] [N3API]   SBL.val=85795858 cnt=15 BCL.main=857ab578 cnt=108 ABLF(dec=0/00000000/0 own=0/00000000)
[17:54:06.360] [N3API]   FS outer: decode-graph (B), trk=0
[17:54:06.364] [N3API] L3_NR_FREE_BCL: supportedBandCombinationList, num: 108
[17:54:06.371] [N3API] BCL: free dec 857ab578 (detach untrk)
[17:54:06.375] [N3API] L3_NR_FREE_BCL: supportedBandCombinationList_v1540, num: 108
[17:54:06.380] [N3API] BCL: free dec 857b3358 (detach untrk)
[17:54:06.384] [N3API] L3_NR_FREE_BCL: supportedBandCombinationList_v1610, num: 108
[17:54:06.389] [N3API] BCL: free dec 85815258 (detach untrk)
[17:54:06.394] [N3API] [CAPA-MEM][post-ASNFreePdu] pInfo=856c9dd8 SBL(own=0 alloc=00000000) BCL.trk=0 FS.trk=0
[17:54:06.444] [N3API]   SBL.val=85795858 cnt=15 BCL.main=00000000 cnt=0 ABLF(dec=0/00000000/0 own=0/00000000)
[17:54:06.452] [N3API]   FS outer: decode-graph (B), trk=0
[17:54:06.455] [N3API] [CAPA-MEM][cfg-cache] reset: empty
[17:54:06.460] [OTA RX:10240] 31:NRCAPA [1686]->
[17:54:06.463] E1A23000 47465A03 1F8D8385 20001609 31700018 3F0B804D DFF04088 20402E89
[17:54:06.469] 000A00B0 1F4C4C00 90000010 88006AD0 60003003 D038F21C F8000105 FFC7F1FC
[17:54:06.474] 7FF1FC7F 0708100E DD000100 010001D0 00100010 00000140 A6260148 00000844
[17:54:06.479] 00356830 001801E8 1C790E7C 000082FF E3F8FE3F F8FE3F83 8408076E C000C000
[17:54:06.486] C000EC00 0C000C00 0000A053 13012400 00042200 1AB41800 0C00F40E 3C873E00
[17:54:06.493] 00416F81 E06F01C0 1C004005 0298980D 20000021 1000D5A0 C0006007 A071E439
[17:54:06.498] F000020B FF8FE3F8 FFE3F8FE 0E10201D B9000100 01000390 00100010 00000281
[17:54:06.503] 4C4C0790 00001088 006AD060 003003D0 38F21CF8 000105BC 0701BC07 00708100
[17:54:06.513] 79C80008 00080000 140A6260 6C800000 84400356 83000180 1E81C790 E7C00008
[17:54:06.518] 2D80200D 80200380 0800A053 1304E400 00042200 1AB41800 0C00F40E 3C873E00
[17:54:06.524] 00416F01 C06F01C0 1C004005 02989833 20000021 1000D5A0 C0006007 A071E439
[17:54:06.529] F000020B 7E0F8378 0E00E002 002814C4 C1B90000 01088006 AD060003 003D038F
[17:54:06.534] 21CF8000 105BF07C 1BF07C07 00100140 A63612C8 00000844 00356830 001801E8
[17:54:06.539] 1C790E7C 000082BF F0FC3F0F FC3F0FC0 E0020028 14C6C279 00000108 8006AD06
[17:54:06.546] 0003003D 038F21CF 80001057 FF1FF7FD FFC7FDFF 1C20402B 39000900 03900090
[17:54:06.551] 00000503 98D85021 20000021 1000D5A0 C0006007 A071E439 F000020A FFE3FEFF
[17:54:06.556] BFF8FFBF E3850807 6EC001C0 01C000EC 001C001C 00000200 04000000 A0130212
[17:54:06.561] A0000000 88006AD0 60003003 D038F21C F8000105 FFC7F1FC E6362640 48000008
[17:54:06.566] 44003568 30001801 E81C790E 7C000082 BBF8FFBF EEFE3FEF F8E14201 59C00040
[17:54:06.571] 001C0004 00000080 01000000 2814C6C4 D9000001 088006AD 06000300 3D038F21
[17:54:06.577] CF800010 577F1FF7 FDDFC7FD FF1C2840 2B380008 00038000 80000010 00200000
[17:54:06.584] 05029888 A7200000 211000D5 A0C00060 07A071E4 39F00002 0BFF8FE3 F8380080
[17:54:06.590] 0A010801 C0000000 00070080 0000001C 04000002 00701800 000001C0 70000040
[17:54:06.595] 07034000 01801C13 00000800 70640000 1001C1B0 0000A107 09400003 001C2700
[17:54:06.601] 000E1070 9C000040 41C28000 01010713 00000404 1C4D0000 1000F134 0028A600
[17:54:06.606] 09007800 001C0400 001400F0 0000384E 00002C01 E0000071 34000058 03C04000
[17:54:06.612] E1380000 C0078080 01C4D000 01801700 00038080 01827000 6805C000 00C0201C
[17:54:06.618] 2700001C 0160000E 02000709 C0000780 5C00000E 02000613 4001A017 00000300
[17:54:06.623] 80713400 00700580 00380800 1C4D0000 1E017000 00384E00 184D0008 005C0000
[17:54:06.629] 0C1381C4 D0000220 160000E1 38007134 00009005 C04000E1 38006134 00260170
[17:54:06.634] 1000304E 07134000 0A005804 0384E001 C4D00002 A3A40017 44200000 00000000
[17:54:06.640] 00000023 011808C0 46023011 82008020 08020080 40040040 04004004 00400400
[17:54:06.645] 40040040 04000FC2 10000000 00000000 00000010 20400000 00000000 00000000
[17:54:06.652] 00000000 00007EFF FFFC4600 07000503 82803818 04200C03 C0F00000 00000000
[17:54:06.657] 00040000 00040000 00030000 00020000 00014000 0000C000 00007000 00004000
[17:54:06.664] 00002400 00001400 00000B00 00000600 00000340 000001C0 000000F0 3D93B583
[17:54:06.669] B5A3B592 35823592 B582B590 B580B591 B581B593 358335A3 359535A5 34100000
[17:54:06.675] 00000000 10000008 00000300 00010000 00500000 18000007 00000200 00009000
[17:54:06.680] 00280000 0B000003 000000D0 00003800 000F0000 04010127 820F051E 091C1038
[17:54:06.685] 24304060 9341068A 4D5141AA 2A35412A 829514AA A283D454 AA80A801 40080180
[17:54:06.693] 20050060 0C006010 02402805 00180600 900E0140 06020034 04807001 80A00901
[17:54:06.703] 60140060 30044068 0900280C 01501A02 E0380600 140780D8 02005020 03800A03
[17:54:06.708] C07C0101 08100221 0501E03E 00808408 01105000 00600001 40000308 28010030
[17:54:06.717] 0400A00C 01818040 0900A014 20A00400 C0100280 30060A03 C06C0100 281001C1
[17:54:06.725] 03008012 01402828 0F01B004 00A04007 08140080 18020050 0600C0C0 20048050
[17:54:06.731] 0A0A03C0 04010008 10000205 00200600 80140180 30300800 20140002 80F01B00
[17:54:06.738] 400A0400 70814008 00802001 0060000C 02004805 00A0A03C 06C01002 81001C20
[17:54:06.750] 50020060 08014018 03050020 06008014 01803050 1E002008 00408000 10280100
[17:54:06.762] 300400A0 0C018280 F0010040 02040000 28010030 0400A00C 01881400 80080200
[17:54:06.775] 10060001 40780D80 20050200 38140080 18020050 0600C406 01002402 80505002
[17:54:06.787] 00600801 40180305 01E00200 80040800 01018040 0900A014 14078008 02001020
[17:54:06.799] 00014008 01802005 00600C40 60100040 28000501 E0360080 140800E0 50020060
[17:54:06.804] 08014018 031AA030 401032F6 70000000 014A2000 0420
[17:54:06.808] [N3API] init_BCL param - 33
[17:54:06.812] [N3API] RF bit_mask : a2 00 00 00 00
[17:54:06.817] [N3API] [CAPA-MEM][post-decode] pInfo=00000000 SBL(own=0 alloc=00000000) BCL.trk=0 FS.trk=0
[17:54:06.824] [N3API] nr pdu filter hw=26 sbl 16->14 bcl 33->32
[17:54:06.831] [N3API] [CAPA-MEM][DB-set] pInfo=856c9dd8 SBL(own=0 alloc=00000000) BCL.trk=0 FS.trk=0
[17:54:06.838] [N3API]   SBL.val=85599458 cnt=14 BCL.main=85594428 cnt=32 ABLF(dec=0/00000000/0 own=0/00000000)
[17:54:06.846] [N3API]   FS outer: decode-graph (B), trk=0
[17:54:06.850] [L3API][H] Enable UL MIMO
[17:54:06.853] [L3API][H] TDD UL MIMO
[17:54:06.856] [L3API][H] Disable CA
[17:54:06.860] [L3API][H] Bit 13 : disabled
[17:54:06.863] [L3API][H] Bit 18 : disabled
[17:54:06.866] [L3API][H] Bit 13 : disabled
[17:54:06.869] [L3API][H] Bit 18 : disabled
[17:54:06.872] [L3API][H]  SetFgi: 1E9805FE 00000000 0000C1FF / 1E9805FE 00000000 0000C1FF
[17:54:06.878] [L3API][H]  SetFgi: FDD/TDD configured
[17:54:06.885] [L3API][H] Bit 13 : disabled
[17:54:06.888] [L3API][H] Bit 18 : disabled
[17:54:06.892] [L3API][H]  Set FGI Common (1E9805FE 00000000 0000C1FF)
[17:54:06.901] [L3API][H]  Set FGI FDD only (00000000 00000000 00000000)
[17:54:06.910] [L3API][H]  Set FGI TDD only (00000000 00000000 00000000)
[17:54:06.915] [L3API][H] 	[Y]Set interRAT_BandList(0) in BCL(31)
[17:54:06.923] [N3API]  EUTRA band[32]:
[17:54:06.927] [N3API] 	 B1 B2 B3 B4 B5 B6 B7 B8 B10 B12 B13 B14 B17 B18 B19 B20
[17:54:06.937] [N3API] 	 B25 B26 B28 B29 B30 B34 B38 B39 B40 B41 B42 B43 B48 B52 B66 B71
[17:54:06.946] [N3API] 
[17:54:06.950] Set bit-mask: 856CB4E4(000000E0) - 0 00000010
[17:54:06.954] [N3API] [MPR][PC] band:n38 pc:1 v1610:0 isPc1dot5:0 mpr_present:0 mpr_val:0x00
[17:54:06.964] [N3API] [MPR][PC] done band:n38 mpr_present:0 mpr_val:0x00
[17:54:06.973] [N3API] [MPR][PC] band:n40 pc:1 v1610:0 isPc1dot5:0 mpr_present:0 mpr_val:0x00
[17:54:06.978] [N3API] [MPR][PC] done band:n40 mpr_present:0 mpr_val:0x00
[17:54:06.983] [N3API] [MPR][PC] band:n41 pc:1 v1610:1 isPc1dot5:1 mpr_present:1 mpr_val:0x10
[17:54:06.989] [N3API] [MPR][PC] set n41 modifiedMPR_Behaviour=0x10
[17:54:06.994] [N3API] [MPR][PC] done band:n41 mpr_present:1 mpr_val:0x10
[17:54:06.999] [N3API] [MPR][PC] band:n77 pc:1 v1610:1 isPc1dot5:1 mpr_present:1 mpr_val:0x80
[17:54:07.005] [N3API] [MPR][PC] set n77 modifiedMPR_Behaviour=0x80
[17:54:07.009] [N3API] [MPR][PC] done band:n77 mpr_present:1 mpr_val:0x80
[17:54:07.014] [N3API] [MPR][PC] band:n78 pc:1 v1610:1 isPc1dot5:1 mpr_present:0 mpr_val:0x00
[17:54:07.023] [N3API] [MPR][PC] set n78 modifiedMPR_Behaviour=0x80
[17:54:07.027] [N3API] [MPR][PC] done band:n78 mpr_present:1 mpr_val:0x80
[17:54:07.034] [N3API] === reset UE Capa PDU
[17:54:07.037] [N3API] [CAPA-MEM][reset-done] pInfo=856c9dd8 SBL(own=0 alloc=00000000) BCL.trk=0 FS.trk=0
[17:54:07.046] [N3API]   SBL.val=85599458 cnt=14 BCL.main=85594428 cnt=32 ABLF(dec=0/00000000/0 own=0/00000000)
[17:54:07.054] [N3API]   FS outer: decode-graph (B), trk=0
[17:54:07.062] [N3API] [CAPA-MEM][op-post] pInfo=856c9dd8 SBL(own=0 alloc=00000000) BCL.trk=0 FS.trk=0
[17:54:07.078] [N3API]   SBL.val=85599458 cnt=14 BCL.main=85594428 cnt=32 ABLF(dec=0/00000000/0 own=0/00000000)
[17:54:07.088] [N3API]   FS outer: decode-graph (B), trk=0
[17:54:07.096] [MRM] Set UE EUTRA Capability PDU - mode: 1 length: 1853
[17:54:07.105] [L3API][H]  eutraCapaPdu mode:1, size:1853
[17:54:07.111] [L3API][H]  eutraCapaPdu mode:3, size:1853
[17:54:07.117] [L3API][H] eutra reset: hasPdu:1 RunSrc=CFG
[17:54:07.121] [OTA RX][0] 30:UECAPA [1853]->
[17:54:07.124] E0198057 00103081 43071244 913326CF A54EA14A A5EFDFBF 7E5EBFFF FFF83D7F
[17:54:07.130] FFFFF07A FFFFFFE0 F5FFFFFF C1EBFFFF FF83D7FF FFFF07AF FFFFFE0F 5FFFFFFC
[17:54:07.135] 1EBFFFFF F83D7FFF FFF07AFF FFFFE0F5 FFFFFFC1 EBFFFFFF 83D7FFFF FF07AFFF
[17:54:07.140] FFFE0F5F FFFFFC1E BFFFFFF8 3D7FFFFF F07AFFFF FFE0F5FF FFFFC1EB FFFFFF83
[17:54:07.145] D7FFFFFF 07AFFFFF FE0F5FFF FFFC1FF8 3FE26800 E6DE039E 40000000 1FEB8000
[17:54:07.151] 04060D0A 8597F000 00005F78 01801801 80180180 18018018 01801801 80180180
[17:54:07.156] 18018018 01801801 80180180 18018018 018210C0 0C108600 60843003 04218018
[17:54:07.163] 210C00C1 08600608 43003042 18018210 C00C1086 00608430 03042180 18210C00
[17:54:07.169] C1086006 08430030 42180182 10C00C10 86006084 30030421 8018210C 00C10860
[17:54:07.174] 06084300 30421801 8210C00C 10860060 84300304 21801821 0C00C108 60060843
[17:54:07.180] 00304218 018210C0 0C108600 60843003 04218018 210C00C1 08600608 43003042
[17:54:07.191] 18018210 C00C1086 00608430 03042180 18210C00 C1086006 08430030 4212D3E2
[17:54:07.196] 82EE0600 00208184 00082061 80020818 80008206 28002081 8C000820 63800208
[17:54:07.201] 19200082 06880020 81A40008 20698002 081B2000 8206D800 2081BE00 08207280
[17:54:07.209] 02081CE0 00820740 002081D2 00082075 0002081D E0008207 F8002081 FE000820
[17:54:07.214] 7F800208 1FE00082 06000024 83800008 2801040C 20004907 08001050 82081860
[17:54:07.219] 00920E18 0020A184 10310001 141C4000 41440820 62800248 38A00082 8A1040C6
[17:54:07.225] 00049071 80010518 20818E00 08A0E380 020A3841 03240012 41C90004 14908206
[17:54:07.232] 88002483 A200082A 21040D20 00490748 00105482 081A6000 920E9800 20A98410
[17:54:07.237] 36400124 1D900041 5908206D 8002483B 600082B6 1040DF00 049077C0 01057C20
[17:54:07.242] 81CA0009 20F28002 0B284103 9C001241 E7000416 70820740 002483D0 00082D01
[17:54:07.250] 040E9000 4907A400 105A4208 1D400092 0F500020 B504103B C001241E F000416F
[17:54:07.255] 08207F80 02483FE0 0082FE10 40FF0004 907FC001 05FC2081 FE000920 FF80020B
[17:54:07.261] F84103FC 001241FF 000417F0 82060008 24838000 08380000 82061008 24838400
[17:54:07.270] 08384000 82061808 24838600 08386000 82062004 22838800 08388000 82062808
[17:54:07.282] 24838A00 0838A000 82063008 24838C00 0838C000 82063804 22838E00 0838E000
[17:54:07.289] 82064808 24839200 08392000 82068808 2483A200 083A2000 82069008 2483A400
[17:54:07.298] 083A4000 82069808 2483A600 083A6000 8206C808 2483B200 083B2000 8206D808
[17:54:07.304] 2483B600 083B6000 8206F808 2483BE00 083BE000 82072808 2483CA00 083CA000
[17:54:07.331] 82073808 2483CE00 083CE000 82074008 2483D000 083D0000 82074808 2483D200
[17:54:07.357] 083D2000 82075008 2483D400 083D4000 82077808 2483DE00 083DE000 8207F808
[17:54:07.388] 2483FE00 083FE000 8207F808 2483FE00 083FE000 8207F808 2483FE00 083FE000
[17:54:07.413] 8207F808 2483FE00 083FE000 83DEBFFF FFF8397F FFFFF2FF FFFFE5FF FFFFCBFF
[17:54:07.444] FFFF97FF FFFF2FFF FFFE5FFF FFFCBFFF FFF97FFF FFF2FFFF FFE5FFFF FFCBFFFF
[17:54:07.454] FF97FFFF FF2FFFFF FE5FFFFF FCBFFFFF F97FFFFF F2FFFFFF E5FFFFFF CBFFFFFF
[17:54:07.467] 97FFFFFF 2FFFFFFE 5FFFFFFC BFFFFFF9 7FFFFFF2 FFFFFFE5 FFFFFFCB FFFFFF97
[17:54:07.479] FFFFFF2F FFFFFE5F FFFFFCBF FFFFF97F FFFFF2FF FFFFE5FF FFFFCBFF FFFF97FF
[17:54:07.491] FFFF2FFF FFFE5FFF FFFCBFFF FFF97FFF FFF2FFFF FFE5FFFF FFCBFFFF FF97FFFF
[17:54:07.510] FF2FFFFF FE5FFFFF FCBFFFFF F97FFFFF F2FFFFFF E5FFFFFF CBFFFFFF 97FFFFFF
[17:54:07.522] 2FFFFFFE 5FFFFFFC BFFFFFF9 7FFFFFF2 FFFFFFE5 FFFFFFCB FFFFFF97 FFFFFF2F
[17:54:07.529] FFFFFE5F FFFFFCBF FFFFF97F FFFFF2FF FFFFE5FF FFFFCBFF FFFF97FF FFFF2FFF
[17:54:07.537] FFFE5FFF FFFCBFFF FFF97FFF FFF2FFFF FFE5FFFF FFCBFFFF FF97FFFF FF2FFFFF
[17:54:07.544] FE5FFFFF FCBFFFFF F97FFFFF F2FFFFFF E5FFFFFF CBFFFFFF 97FFFFFF 2FFFFFFE
[17:54:07.552] 5FFFFFFC BFFFFFF9 7FFFFFF2 FFFFFFE5 FFFFFFCB FFFFFF97 FFFFFF2F FFFFFE5F
[17:54:07.559] FFFFFCBF FFFFF97F FFFFF2FF FFFFE5FF FFFFCBFF FFFF97FF FFFF2FFF FFFE5FFF
[17:54:07.566] FFFCBFFF FFF97FFF FFF2FFFF FFE5FFFF FFCBFFFF FF97FFFF FF2FFFFF FE5FFFFF
[17:54:07.572] FCBFFFFF F97FFFFF F2FFFFFF E5FFFFFF CBFFFFFF 97FFFFFF 2FFFFFFE 5FFFFFFD
[17:54:07.579] FFC80002 D083B800 0000FF80 000001FE 00000007 F8000000 03FE0000 000FFC00
[17:54:07.586] 00000000 0FF00000 003FC000 0000FFC0 000003FC 0000000F F0000000 00003FE0
[17:54:07.592] 0000007F 80000001 FE000000 00FF8000 0003FF00 00000000 03FC0000 000FF000
[17:54:07.598] 00003FF0 000000FF 00000003 FC000000 00007EE0 00000000 00000000 00000000
[17:54:07.604] 00000000 00000000 202020C0 21402160 00800020 00080002 00008000 20000800
[17:54:07.611] 02000080 00200008 00020000 80002000 08000200 00800020 00080002 002020A0
[17:54:07.617] 28080830 28320C02 140A1485 00858285 A1600080 00200008 00020000 80002000
[17:54:07.624] 08000200 00800020 00080002 00008000 20000800 02000080 00200008 00020020
[17:54:07.631] 20A02808 08302832 0C02140A 14850085 8285A172 8401E32D 300C2FFF FFFFDFFF
[17:54:07.637] F59B9420 08E00452 40000800 00412E68 022605EF 05001040 00100008 00000C10
[17:54:07.643] 41040043 94008000 82087220 01000021 830C0113 02F41022 00004080 64
[17:54:07.650] [L3API][H] pdu filter hw sbl 24->21 bcl10 120->105 add 0->0 red 0->0
[17:54:07.656] [L3API][H]  supportedBandCombination_v10i0 free - 0x856BD7A8
[17:54:07.663] [L3API][H]  supportedBandCombination_r10 free - 0x856AE758
[17:54:07.669] [L3API][H] eutra RunSrc:CFG->PDU
[17:54:07.672] [L3API][H] eutra reset: skip cfg overlay (OSS_DECODE)
[17:54:07.679] [L3API][H] eutra reset: cfg ca_mode=0 (NON_CA=0)
[17:54:07.685] [L3API][H] eutra reset: NON_CA - strip CA from run DB
[17:54:07.690] [L3API][H] eutra keep Non-CA BCL (ca_mode=0) r10 105->21 add 0->0 red 0->0
[17:54:07.698] [L3API][H] eutra reset: DB from PDU (sz=1853) RunSrc=PDU (no overlay)
[17:54:07.704] mrd: ca_band_combination_list()
[17:54:07.708] mrd: CA user_version : 0
[17:54:07.711] mrd: CA Band combination List file_ver:0, ucfg_user_ver:0
[17:54:07.717] mrd: /var/nr/param/capa/rrc_ca_combination_list_mode_none.bin : version match
[17:54:08.029] $ ping 192.168.0.1
[17:54:08.034] 0
[17:54:08.037] mrd: Create New CA Band Combination List File(/var/nr/param/capa/rrc_ca_combination_list_working.bin)
[17:54:08.045] mrd: ca disable index : 0
[17:54:08.050] mrd: Enable/Disable Enable_field among CA Band Combination List
[17:54:08.055] mrd: The Supported CA Band combination list not set.(user_ver(0)
[17:54:08.060] Modem IPC mode:
[17:54:08.064]   master_proc_idle=1
[17:54:08.067]   assert_level=3
[17:54:08.071]   sdu_prio=1
[17:54:08.075] Linux IPC mode:
[17:54:08.078]   proc_idle enabled=1(cpu=0)
[17:54:08.081]   assert_level=3(3)
[17:54:08.083]   sdu_prio=1(1)
[17:54:08.086] mrd: [mrd_db_device_info] MCC[001] MNC[012], MNC len(3), SVN(0)
[17:54:08.090] mrd: NR UICC INFORMATION INDICATION(DEV_IDX(1)
[17:54:08.095] mrd: USIM Status 1
[17:54:08.098] mrd: USIM Slot	0
[17:54:08.101] mrd: IMSI : 001012345678901
[17:54:08.105] mrd: IMEI : 123456798213141
[17:54:08.108] mrd: SV : 0
[17:54:08.112] mrd: ICCID : 89014103255041700619
[17:54:08.115] mrd: EID : 00000000000000000000000000000000
[17:54:08.119] mrautocm: [mrcm_uicc_info_ind] status from (0) to (1)
[17:54:08.123] mrd: [mrd_db_device_info] MCC[001] MNC[012], MNC len(3), SVN(0)
[17:54:08.129] mrd: NR UICC INFORMATION INDICATION(DEV_IDX(1)
[17:54:08.133] mrd: USIM Status 1
[17:54:08.137] mrd: USIM Slot	0
[17:54:08.140] mrd: IMSI : 001012345678901
[17:54:08.143] mrd: IMEI : 123456798213141
[17:54:08.147] mrd: SV : 0
[17:54:08.150] mrd: ICCID : 8901410[NV] +nv_write [mrd] NET(4) data=0x7fb9a5d010 offs=0xc7 size=0x1
[17:54:08.156] 3255041700619
[17:54:08.160] mrd: EID : 00000000000000000000000000000000
[17:54:08.165] mrautocm: [mrcm_uicc_info_ind] status from (0) to (1)
[17:54:08.169] mrd: DEVICE CONFIG SET RESPONSE(DEV_IDX(1) Result(0)
[17:54:08.174] mrd: [mrd_db_device_info] MCC[001] MNC[012], MNC len(3), SVN(0)
[17:54:08.181] mrd: NR UICC INFORMATION INDICATION(DEV_IDX(1)
[17:54:08.185] mrd: USIM Status 1
[17:54:08.188] mrd: USIM Slot	0
[17:54:08.192] mrd: IMSI : 001012345678901
[17:54:08.195] mrd: IMEI : 123456798213141
[17:54:08.199] mrd: SV : 0
[17:54:08.202] mrd: ICCID : 89014103255041700619
[17:54:08.205] mrd: EID : 00000000000000000000000000000000
[17:54:08.209] mrautocm: [mrcm_uicc_info_ind] status from (0) to (1)
[17:54:08.214] [NV] [LTE_NV] mrd Write Skip id=4(NET)
[17:54:08.218] [NV] -nv_write [mrd] NET(4) data=0x7fb9a5d010 offs=0xc7 size=0x1
[17:54:08.225] mrd: DEVICE CONFIG SET RESPONSE(DEV_IDX(1) Result(0)
[17:54:08.230] mrd: NR RRC CAPA SET RESPONSE(DEV_IDX(1))
[17:54:08.234] mrd: Result : 0
[17:54:08.237] mrd: NR RRC CAPA SET RESPONSE(DEV_IDX(1))
[17:54:08.241] mrd: Result : 0
[17:54:08.245] mrd: NR RRC CAPA SET RESPONSE(DEV_IDX(1))
[17:54:08.249] mrd: Result : 0
[17:54:08.252] mrd: LTE RRC CAPA SET RESPONSE(DEV_IDX(1))
[17:54:08.256] mrd: Result : [NV] +nv_write [mrd] NET(4) data=0x7fb9a5d010 offs=0xc9 size=0x1
[17:54:08.263] 0
[17:54:08.267] [NV] [LTE_NV] mrd Write Skip id=4(NET)
[17:54:08.270] [NV] -nv_write [mrd] NET(4) data=0x7fb9a5d010 offs=0xc9 size=0x1
[17:54:08.278] mrd: SMS STORAGE CONFIG WRITE RESPONSE
[17:54:08.284] DM> shell
[17:54:08.287] # mrd: ONLINE REQUEST ret=110
[17:54:08.290] mrd: run_lte_scr nr=0
[17:54:08.294] mrd: run_cm_online_request_thread() - init_complete
[17:54:08.299] mrd: [online_request]Watchdog First start
[17:54:08.303] mrbip: LTE PS INIT Completed
[17:54:08.307] mrbip: Start
[17:54:08.309] mrautocm: MRAPI_UiccIdReadReq midType (0)
[17:54:08.314] mrautocm: [MRAPI_UiccIdReadReq]
[17:54:08.317] mrd: [SERVER] new connection request
[17:54:08.322] mrd: lted_srv_alloc_client id=4
[17:54:08.326] mrd: [SERVER] assigns client index 4 proc=mratcm(1455)
[17:54:08.331] c00: gdm_irq_set_type: cpu=0 hwirq=99 type=4
[17:54:08.336] c00: set_affinity: irq=46(UART RX) cpu=0
[17:54:08.340] c00: gdm_irq_set_type: cpu=0 hwirq=98 type=4
[17:54:08.345] c00: set_affinity: irq=47(UART TX) cpu=0
[17:54:08.350] uart port[1] fc=0 cr=0000002b
[17:54:08.354] highd open nr=1
[17:54:08.358] gif_open mratcm 1/0
[17:54:08.361] mrd: [mrd_db_device_info] MCC[001] MNC[012], MNC len(3), SVN(0)
[17:54:08.367] mrd: NR UICC INFORMATION INDICATION(DEV_IDX(1)
[17:54:08.372] mrd: USIM Status 1
[17:54:08.375] mrd: USIM Slot	0
[17:54:08.378] mrd: IMSI : 001012345678901
[17:54:08.382] mrd: IMEI : 123456798213141
[17:54:08.385] mrd: SV : 0
[17:54:08.388] mrd: ICCID : 89014103255041700619
[17:54:08.392] mrd: EID : 00000000000000000000000000000000
[17:54:08.397] mrautocm: [mrcm_uicc_info_ind] status from (0) to (1)
[17:54:08.444] mrautocm: [MRAPI_S_GET_UsimOperator]
[17:54:08.449] mrautocm: [mrcm_uicc_info_ind] USIM Operator From (E_USIM_OPER_UNKNOWN) To(E_USIM_OPER_UNKNOWN)
[17:54:08.457] ifconfig
[17:54:08.460] br0       Link encap:Ethernet  HWaddr 00:0A:3B:FF:FF:01  
[17:54:08.464]           inet addr:192.168.0.1  Bcast:192.168.0.255  Mask:255.255.255.0
[17:54:08.469]           inet6 addr: fe80::489b:10ff:fe02:a410/64 Scope:Link
[17:54:08.474]           UP BROADCAST RUNNING MULTICAST  MTU:1500  Metric:1
[17:54:08.478]           RX packets:101 errors:0 dropped:0 overruns:0 frame:0
[17:54:08.482]           TX packets:46 errors:0 dropped:0 overruns:0 carrier:0
[17:54:08.487]           collisions:0 txqueuelen:1000 
[17:54:08.490]           RX bytes:17247 (16.8 KiB)  TX bytes:4044 (3.9 KiB)
[17:54:08.494] lo        Link encap:Local Loopback  
[17:54:08.497]           inet addr:127.0.0.1  Mask:255.0.0.0
[17:54:08.500]           inet6 addr: ::1/128 Scope:Host
[17:54:08.503]           UP LOOPBACK RUNNING  MTU:65536  Metric:1
[17:54:08.507]           RX packets:0 errors:0 dropped:0 overruns:0 frame:0
[17:54:08.511]           TX packets:0 errors:0 dropped:0 overruns:0 carrier:0
[17:54:08.515]           collisions:0 txqueuelen:1000 
[17:54:08.518]           RX bytes:0 (0.0 B)  TX bytes:0 (0.0 B)
[17:54:08.521] usb0      Link encap:Ethernet  HWaddr 00:0A:3B:FF:FF:01  
[17:54:08.527]           inet6 addr: fe80::20a:3bff:feff:ff01/64 Scope:Link
[17:54:08.531]           UP BROADCAST RUNNING MULTICAST  MTU:1500  Metric:1
[17:54:08.535]           RX packets:110 errors:0 dropped:0 overruns:0 frame:0
[17:54:08.539]           TX packets:42 errors:0 dropped:0 overruns:0 carrier:0
[17:54:08.544]           collisions:0 txqueuelen:1000 
[17:54:08.547]           RX bytes:21416 (20.9 KiB)  TX bytes:5960 (5.8 KiB)
[17:54:08.550] # i2c 2-0047: deferred probe pending: (reason unknown)
[17:54:08.554] ping 192.168.0.1
[17:54:08.558] PING 192.168.0.1 (192.168.0.1): 56 data bytes
[17:54:09.560] 64 bytes from 192.168.0.1: seq=0 ttl=64 time=0.173 ms
[17:54:09.567] 64 bytes from 192.168.0.1: seq=1 ttl=64 time=0.085 ms
[17:54:10.581] 64 bytes from 192.168.0.1: seq=2 ttl=64 time=0.048 ms
[17:54:11.588] 64 bytes from 192.168.0.1: seq=3 ttl=64 time=0.072 ms
[17:54:11.899] $ (ctrl) Ctrl+C
[17:54:12.913] ^C
[17:54:12.917] --- 192.168.0.1 ping statistics ---
[17:54:12.919] 4 packets transmitted, 4 packets received, 0% packet loss
[17:54:12.923] round-trip min/avg/max = 0.048/0.094/0.173 ms
[17:54:14.231] $ ifconfig
[17:54:14.243] ifconfig
[17:54:14.247] br0       Link encap:Ethernet  HWaddr 00:0A:3B:FF:FF:01  
[17:54:14.250]           inet addr:192.168.0.1  Bcast:192.168.0.255  Mask:255.255.255.0
[17:54:14.255]           inet6 addr: fe80::489b:10ff:fe02:a410/64 Scope:Link
[17:54:14.259]           UP BROADCAST RUNNING MULTICAST  MTU:1500  Metric:1
[17:54:14.262]           RX packets:158 errors:0 dropped:0 overruns:0 frame:0
[17:54:14.266]           TX packets:73 errors:0 dropped:0 overruns:0 carrier:0
[17:54:14.269]           collisions:0 txqueuelen:1000 
[17:54:14.272]           RX bytes:21556 (21.0 KiB)  TX bytes:6051 (5.9 KiB)
[17:54:14.276] lo        Link encap:Local Loopback  
[17:54:14.279]           inet addr:127.0.0.1  Mask:255.0.0.0
[17:54:14.283]           inet6 addr: ::1/128 Scope:Host
[17:54:14.285]           UP LOOPBACK RUNNING  MTU:65536  Metric:1
[17:54:14.289]           RX packets:8 errors:0 dropped:0 overruns:0 frame:0
[17:54:14.293]           TX packets:8 errors:0 dropped:0 overruns:0 carrier:0
[17:54:14.297]           collisions:0 txqueuelen:1000 
[17:54:14.300]           RX bytes:672 (672.0 B)  TX bytes:672 (672.0 B)
[17:54:14.303] usb0      Link encap:Ethernet  HWaddr 00:0A:3B:FF:FF:01  
[17:54:14.307]           inet6 addr: fe80::20a:3bff:feff:ff01/64 Scope:Link
[17:54:14.311]           UP BROADCAST RUNNING MULTICAST  MTU:1500  Metric:1
[17:54:14.314]           RX packets:171 errors:0 dropped:4 overruns:0 frame:0
[17:54:14.318]           TX packets:70 errors:0 dropped:0 overruns:0 carrier:0
[17:54:14.322]           collisions:0 txqueuelen:1000 
[17:54:15.326]           RX bytes:25901 (25.2 KiB)  TX bytes:9284 (9.0 KiB)
[17:54:16.628] $ lspci
[17:54:17.642] lspci
[17:54:18.976] $ cat /proc/interrupt
[17:54:20.528] cat /proc/interrupt
[17:54:20.532] cat: can't open '/proc/interrupt': No such file or directory
