[18:08:30.137] === TEST START === profile: 처음
[18:08:39.829] $ (knock every 2s) 
[18:08:40.918] modem map info:
[18:08:40.922]   [0] pa(0000000084100000)
[18:08:40.927] ->va(ffffffc090000000)
[18:08:40.931] c00: decompress gzip(1f 8b) at ffffffc090000000... (9159880bytes)
[18:08:42.224] c00: decompress done 138404920bytes 1602ms ret=0
[18:08:42.230] modem start
[18:08:42.235] cpu_smc_powerdomain_up(pt=1, pd=0)
[18:08:42.239] c00: cpu_smc_handler: fid=c1000001 x1=1 x2=0 x3=0 x4=0
[18:08:42.243] enable cluster1-pll
[18:08:42.246] start_modem_cpu: done start=1
[18:08:42.250] -modprobe modem
[18:08:42.286] Thu Jan  1 00:00:05 UTC 1970
[18:08:42.291] cp: can't stat '/etc/sysconfig/lte/param/*': No such file or directory
[18:08:42.295] BL33 pc=0x84dae704 spsr=0x600002c5
[18:08:42.300] c10: psci_smc_handler: fid=84000000 x1=0 x2=0 x3=0 x4=0
[18:08:42.304] TK: gipc-protocol: cpu1:0 addr(v1)=0000000081c00018 magic=4054 ver(master=1.10 slave=1.11) proci=0 assertl=3
[18:08:42.311] TK: hw lock_reg:
[18:08:42.315] TK:   active=110004c0
[18:08:42.319] TK:   free  =110004c4
[18:08:42.323] TK: ipc config=00000004
[18:08:42.326] TK:   router-device
[18:08:42.329] TK: ipc init ch=0
[18:08:42.333] TK:   peer-genirq=1a111020(152)
[18:08:42.337] TK:   s-ch_enabled=0x10010001
[18:08:42.340] TK: ipc init ch=16
[18:08:42.345] TK:   peer-genirq=1a111020(152)
[18:08:42.350] TK:   s-ch_enabled=0x10010001
[18:08:42.354] TK: ipc init ch=28
[18:08:42.357] TK:   peer-genirq=1a111020(152)
[18:08:42.360] TK:   s-ch_enabled=0x10010001
[18:08:42.363] ipc modem boot done
[18:08:42.367] GDM Modem gdm7259x_board
[18:08:42.369] oot Param] error: token=9, ret=-54
[18:08:42.372] ============================================================================
[18:08:42.378]  [0] ZEPHYR OS v4.3.0 (v4.3.0-3049-g03924c3679: 192MB)
[18:08:42.382] ----------------------------------------------------------------------------
[18:08:42.387]  - gct@CS-buildserver
[18:08:42.391]  - 2026-08-31T22:51:44
[18:08:42.394]  - gdm7259x_nsa_192mb
[18:08:42.397] ============================================================================
[18:08:42.403] [MEM] WT DRAM zero initialized 0(0KB)bytes from 000000008d700000 to 000000008d700000
[18:08:42.408] [MEM] NCH DRAM zero initialized 35348240(34519KB)bytes from 000000008d700000 to 000000008f8b5f10
[18:08:42.455] [CHIP] GDM7259X(Rev.1C)
[18:08:42.459] [CLOCK] arm(1300.000MHz) 1x(100.000MHz)
[18:08:42.462] [MEM]  total : 0x84000000 - 0x90000000 (  192 MB)
[18:08:42.464] [MEM]  .init : 0x84100000 - 0x841068a8 (   27 kB)
[18:08:42.467] [MEM]  .text : 0x84100000 - 0x85587000 (21020 kB)
[18:08:42.471] [MEM]  .data : 0x85586600 - 0x8c4fe438 (114144 kB)
[18:08:42.474] [MEM]   .bss : 0x8b20b000 - 0x8c4c7a08 (19187 kB)
[18:08:42.477] I2C3 initialized
[18:08:42.480] Modem IPC mode:
[18:08:42.483]   master_proc_idle=0
[18:08:42.486]   assert_level=3
[18:08:42.489]   sdu_prio=0
[18:08:42.492] ########################################
[18:08:42.495] ####       Board Configuration      ####
[18:08:42.498] ########################################
[18:08:42.502] Operator: [0x0000]
[18:08:42.505] Product : [0x0000]
[18:08:42.507] LTE>====================================
[18:08:42.510] IPv6 mode:[0]
[18:08:42.514] ## UE CONFIG
[18:08:42.518]  - Combined attach : [0]
[18:08:42.521]  - UE CAPABILITY
[18:08:42.524] 	> UE Category  : [0 (0/0)]
[18:08:42.527] 	> AS Rel Num   : [0]
[18:08:42.531] 	> FGI          : FDD [00000000 00000000 00000000]
[18:08:42.535] 	>              : TDD [00000000 00000000 00000000]
[18:08:42.538] 	> ROHC         : [1]
[18:08:42.541] 	> eMBMS        : [0]
[18:08:42.545] 	> TM           : [00/00/00]
[18:08:42.548] NR>=====================================
[18:08:42.552] [console] gdm_uart0 enabled
[18:08:42.555] [console] crash enabled
[18:08:42.558] [console] gdm_ipc enabled
[18:08:42.561] ----------------------------------------------------------------------------
[18:08:42.566]  NR - FW ver: 0.1.0.0
[18:08:42.569] ----------------------------------------------------------------------------
[18:08:42.574]  Pkg: 1.11.0
[18:08:42.577] ----------------------------------------------------------------------------
[18:08:42.582] ----------------------------------------------------------------------------
[18:08:42.588]  LTE - FW ver: 0.3.5.0
[18:08:42.591] ----------------------------------------------------------------------------
[18:08:42.596] nv_checksum_info: 0
[18:08:42.599] nr driver ver 1.0
[18:08:42.603]   usl
[18:08:42.606] param_mtu=1500
[18:08:42.609] ipc init ch=1
[18:08:42.613] ipc ch[1]:SDU, irb: va=ffffffc082541018-ffffffc082589018 pa=83400018-83448018
[18:08:42.618] ipc ch[1]:SDU, irb_work: va=ffffffc0825c1018-ffffffc0825f1038 pa=83480018-834b0038
[18:08:42.623]   irb nr: tx=4096(2080bytes) rx=8192(2080bytes)
[18:08:42.627]    irb tx: va=ffffffc082541018-ffffffc082559018 pa=83400018-83418018
[18:08:42.631]    irb rx: va=ffffffc082559020-ffffffc082589020 pa=83418020-83448020
[18:08:42.637] ipc init ch=1
[18:08:42.642]   peer-genirq=1a111020( 1 5m2-)ch
[18:08:42.645] _enable d =s0-xc100nab03=0NE001L:3  irb->buffer=83dd50f8
[18:08:42.748]   IPC_BUF_RSVD_SIZE=184(0xb8)
[18:08:42.753]   NET_IP_ALIGN=0
[18:08:42.758] start_net.sh
[18:08:42.762] VLANEN=0
[18:08:42.766] act=1
[18:08:42.769] Run start_br.sh
[18:08:42.772] local null ip=0.0.0.0 mask=0.0.0.0 00:00:00:00:00:00 en=0
[18:08:42.776] GDM_LOCAL_DEVIF=br0
[18:08:42.779] NIF: up(lo)
[18:08:42.791] [0] br0 addr=192.168.0.1 mask=255.255.255.0 local=192.168.0.1 bcast=192.168.0.255
[18:08:42.796] netif set local br0 ip=192.168.0.1 mask=255.255.255.0 00:00:00:00:00:00 en=0
[18:08:42.800] NIF: up(br0)
[18:08:42.804] brctl: iface eth0: No such device
[18:08:42.807] ifconfig: SIOCSIFADDR: No such device
[18:08:42.810] brctl: iface usb0: No such device
[18:08:42.814] ifconfig: SIOCSIFADDR: No such device
[18:08:42.897] Setting dhcp configuration..
[18:08:42.901] Internet Systems Consortium DHCP Server 4.1-ESV-R16-P2
[18:08:42.905] Copyright 2004-2022 Internet Systems Consortium.
[18:08:42.910] All rights reserved.
[18:08:42.913] For info, please visit https://www.isc.org/software/dhcp/
[18:08:42.917] Wrote 0 leases to leases file.
[18:08:42.940] Listening on LPF/br0/da:fe:cf:dd:41:6d/192.168.0.0/24
[18:08:42.944] Sending on   LPF/br0/da:fe:cf:dd:41:6d/192.168.0.0/24
[18:08:42.947] Sending on   Socket/fallback/fallback-net
[18:08:42.950] DTS_WIFI_STATUS=okay
[18:08:42.953] DTS_WIFI_VENDOR=synaptics
[18:08:42.956] DTS_WIFI_DEVICE=syn4384
[18:08:42.959] Activating Synaptics WIFI
[18:08:43.322] /etc/sysconfig/script/start_synaptics.sh: line 4: wifi: command not found
[18:08:43.326] 0xffffffa016400810: 00000000->0000001f
[18:08:43.330] bcmdhd: unknown parameter 'conf_path' ignored
[18:08:43.334] [dhd] _dhd_module_init: in Dongle Host Driver, version 103.20.62.47(20260702-1)(20260708-1)(6792bdc)
[18:08:43.341] /home/djkim/work/sdk/7275x/wifi/syn4384_lin6_crash/component/standalone/wifi/synaptics_4384/bcmdhd.103.20.x compiled on Sep  2 2026 at 11:21:38
[18:08:43.349] [dhd] KERNEL_VERSION = 6.12.49 (64bits)
[18:08:43.354] [dhd] STATIC-MSG) dhd_init_wlan_mem : prealloc ok for index 0: 2071552(2023K)
[18:08:43.359] [dhd] ======== Get GPIO from DTS(android,bcmdhd_wlan) ========
[18:08:43.362] [dhd] dhd_wlan_init_gpio: gpio_wl_reg_on=153
[18:08:43.366] [dhd] dhd_wifi_platform_load: Enter
[18:08:43.370] [dhd] Power-up adapter 'DHD generic adapter'
[18:08:43.373] [dhd] wifi_platform_set_power = 1, delay: 200 msec
[18:08:43.529] [dhd] ======== PULL WL_REG_ON(153) HIGH! ========
[18:08:43.539] [dhd] wifi_platform_set_power = 1, sleep done: 200 msec
[18:08:43.543] [dhd] wifi_platform_bus_enumerate device present 1
[18:08:43.546] [dhd] ======== Card detection to detect PCIE card! ========
[18:08:43.550] [dhd] Synaptics or Broadcom PCI device enumerated!
[18:08:43.553] [dhd] dhd_wifi_platform_load_pcie: dhd_bus_register failed err=-1
[18:08:43.557] [dhd] unregister wifi platform drivers
[18:08:43.561] [dhd] wifi_platform_set_power = 0, delay: 10 msec
[18:08:43.564] [dhd] ======== PULL WL_REG_ON(153) LOW! ========
[18:08:43.567] [dhd] wifi_platform_set_power = 0, sleep done: 10 msec
[18:08:43.571] [dhd] wifi_platform_bus_enumerate device present 0
[18:08:43.574] [dhd] ======== Card detection to remove PCIE card! ========
[18:08:43.577] [dhd] dhd_wlan_free_gpio: gpio_free(153) for WL_REG_ON
[18:08:43.581] [dhd] _dhd_module_init: Failed to load the driver, try cnt 1
[18:08:43.585] [dhd] ======== Get GPIO from DTS(android,bcmdhd_wlan) ========
[18:08:43.589] [dhd] dhd_wlan_init_gpio: gpio_wl_reg_on=153
[18:08:43.593] [dhd] dhd_wifi_platform_load: Enter
[18:08:43.596] [dhd] Power-up adapter 'DHD generic adapter'
[18:08:43.599] [dhd] wifi_platform_set_power = 1, delay: 200 msec
[18:08:43.753] [dhd] ======== PULL WL_REG_ON(153) HIGH! ========
[18:08:43.759] [dhd] wifi_platform_set_power = 1, sleep done: 200 msec
[18:08:43.762] [dhd] wifi_platform_bus_enumerate device present 1
[18:08:43.766] [dhd] ======== Card detection to detect PCIE card! ========
[18:08:43.769] [dhd] Synaptics or Broadcom PCI device enumerated!
[18:08:43.772] [dhd] dhd_wifi_platform_load_pcie: dhd_bus_register failed err=-1
[18:08:43.777] [dhd] unregister wifi platform drivers
[18:08:43.781] [dhd] wifi_platform_set_power = 0, delay: 10 msec
[18:08:43.784] [dhd] ======== PULL WL_REG_ON(153) LOW! ========
[18:08:43.787] [dhd] wifi_platform_set_power = 0, sleep done: 10 msec
[18:08:43.791] [dhd] wifi_platform_bus_enumerate device present 0
[18:08:43.794] [dhd] ======== Card detection to remove PCIE card! ========
[18:08:43.798] [dhd] dhd_wlan_free_gpio: gpio_free(153) for WL_REG_ON
[18:08:43.801] [dhd] _dhd_module_init: Failed to load the driver, try cnt 0
[18:08:43.805] [dhd] _dhd_module_init: Failed to load driver max retry reached**
[18:08:43.809] [dhd] STATIC-MSG) dhd_static_buf_exit : Enter
[18:08:43.812] [dhd] _dhd_module_init: Exit err=-1
[18:08:43.816] bcmdhd: unknown parameter 'conf_path' ignored
[18:08:43.819] [dhd] _dhd_module_init: in Dongle Host Driver, version 103.20.62.47(20260702-1)(20260708-1)(6792bdc)
[18:08:43.826] /home/djkim/work/sdk/7275x/wifi/syn4384_lin6_crash/component/standalone/wifi/synaptics_4384/bcmdhd.103.20.x compiled on Sep  2 2026 at 11:21:38
[18:08:43.834] [dhd] KERNEL_VERSION = 6.12.49 (64bits)
[18:08:43.838] [dhd] STATIC-MSG) dhd_init_wlan_mem : prealloc ok for index 0: 2071552(2023K)
[18:08:43.843] [dhd] ======== Get GPIO from DTS(android,bcmdhd_wlan) ========
[18:08:43.846] [dhd] dhd_wlan_init_gpio: gpio_wl_reg_on=153
[18:08:43.850] [dhd] dhd_wifi_platform_load: Enter
[18:08:43.854] [dhd] Power-up adapter 'DHD generic adapter'
[18:08:44.009] [dhd] wifi_platform_set_power = 1, delay: 200 msec
[18:08:44.015] [dhd] ======== PULL WL_REG_ON(153) HIGH! ========
[18:08:44.019] [dhd] wifi_platform_set_power = 1, sleep done: 200 msec
[18:08:44.023] [dhd] wifi_platform_bus_enumerate device present 1
[18:08:44.026] [dhd] ======== Card detection to detect PCIE card! ========
[18:08:44.030] [dhd] Synaptics or Broadcom PCI device enumerated!
[18:08:44.034] [dhd] dhd_wifi_platform_load_pcie: dhd_bus_register failed err=-1
[18:08:44.038] [dhd] unregister wifi platform drivers
[18:08:44.041] [dhd] wifi_platform_set_power = 0, delay: 10 msec
[18:08:44.044] [dhd] ======== PULL WL_REG_ON(153) LOW! ========
[18:08:44.048] [dhd] wifi_platform_set_power = 0, sleep done: 10 msec
[18:08:44.051] [dhd] wifi_platform_bus_enumerate device present 0
[18:08:44.056] [dhd] ======== Card detection to remove PCIE card! ========
[18:08:44.060] [dhd] dhd_wlan_free_gpio: gpio_free(153) for WL_REG_ON
[18:08:44.064] [dhd] _dhd_module_init: Failed to load the driver, try cnt 1
[18:08:44.067] [dhd] ======== Get GPIO from DTS(android,bcmdhd_wlan) ========
[18:08:44.071] [dhd] dhd_wlan_init_gpio: gpio_wl_reg_on=153
[18:08:44.074] [dhd] dhd_wifi_platform_load: Enter
[18:08:44.077] [dhd] Power-up adapter 'DHD generic adapter'
[18:08:44.233] [dhd] wifi_platform_set_power = 1, delay: 200 msec
[18:08:44.241] [dhd] ======== PULL WL_REG_ON(153) HIGH! ========
[18:08:44.245] [dhd] wifi_platform_set_power = 1, sleep done: 200 msec
[18:08:44.249] [dhd] wifi_platform_bus_enumerate device present 1
[18:08:44.253] [dhd] ======== Card detection to detect PCIE card! ========
[18:08:44.257] [dhd] Synaptics or Broadcom PCI device enumerated!
[18:08:44.260] [dhd] dhd_wifi_platform_load_pcie: dhd_bus_register failed err=-1
[18:08:44.264] [dhd] unregister wifi platform drivers
[18:08:44.268] [dhd] wifi_platform_set_power = 0, delay: 10 msec
[18:08:44.272] [dhd] ======== PULL WL_REG_ON(153) LOW! ========
[18:08:44.275] [dhd] wifi_platform_set_power = 0, sleep done: 10 msec
[18:08:44.278] [dhd] wifi_platform_bus_enumerate device present 0
[18:08:44.282] [dhd] ======== Card detection to remove PCIE card! ========
[18:08:44.285] [dhd] dhd_wlan_free_gpio: gpio_free(153) for WL_REG_ON
[18:08:44.473] [dhd] _dhd_module_init: Failed to load the driver, try cnt 0
[18:08:44.478] [dhd] _dhd_module_init: Failed to load driver max retry reached**
[18:08:44.483] [dhd] STATIC-MSG) dhd_static_buf_exit : Enter
[18:08:44.486] [dhd] _dhd_module_init: Exit err=-1
[18:08:44.490] insmod: can't insert '/lib/modules/6.12.49/updates/bcmdhd.ko': Operation not permitted
[18:08:44.495] Could not read interface wlan0 flags: No such device
[18:08:44.499] nl80211: Driver does not support authentication/association or connect commands
[18:08:44.504] nl80211: deinit ifname=wlan0 disabled_11b_rates=0
[18:08:44.507] Could not read interface wlan0 flags: No such device
[18:08:44.580] nl80211 driver initialization failed.
[18:08:44.585] wlan0: interface state UNINITIALIZED->DISABLED
[18:08:44.590] wlan0: AP-DISABLED 
[18:08:44.595] wlan0: CTRL-EVENT-TERMINATING 
[18:08:44.599] hostapd_free_hapd_data: Interface wlan0 wasn't started
[18:08:44.603] ifconfig: SIOCSIFADDR: No such device
[18:08:44.608] Loading simple NAT configuration..
[18:08:44.840] INTF=br0, WANINTF=nr0pdu3
[18:08:44.846] register ip_conntrack_cb
[18:08:44.850] <message>[NV] CRIT(cotra:1380): file=nv_7275x.c(304) cmn2_nv_read
[18:08:44.858] [NV] [cotra] invalid CMN2_PORT(id=1) magic
[18:08:44.861] [NV] +nv_write [cotra] CMN2_PORT(36) data=0x416010 part=36 size=0xa09
[18:08:44.910] [NV] cotra CMNNV2 Write Skip (3:CMN2_PORT, 0x0, 2569)
[18:08:44.914] [NV] -nv_write [cotra] CMN2_PORT(36) data=0x416010 part=36 size=0xa09
[18:08:44.919] Fail to Check DMZ Setting. Please, restart Command</message>
[18:08:44.983] 1970-01-01 00:00:08: (../../src/configfile.c.387) Warning: please add "mod_authn_file" to server.modules list in lighttpd.conf.  A future release of lighttpd 1.4.x will not automatically load mod_authn_file and lighttpd will fail to start up since your lighttpd.conf uses auth.backend = "htpasswd".
[18:08:45.003] Run usb_configfs.sh
[18:08:45.013] usbeth ENABLE=1, mode=0, serial cfg: gs0=0 gs1=0 dm0=0 dm1=0
[18:08:45.017] configfs-gadget.g1 gadget.0: HOST MAC 00:0a:3b:ff:ff:02
[18:08:45.021] configfs-gadget.g1 gadget.0: MAC 00:0a:3b:ff:ff:01
[18:08:45.026] set hostif=usb0 cnt=0
[18:08:45.029] net_mode=0
[18:08:45.033] udc: gadget start
[18:08:45.036] c00: gdm_irq_set_type: cpu=0 hwirq=208 type=4
[18:08:45.175] c00: set_affinity: no online irq=50(DWC3) cpu=2
[18:08:45.179] USB gadget configured: ETH=rndis.usb0, ACM count=0, UDC=13500000.dwc3
[18:08:45.183] IPV6Q LOG(00000004):
[18:08:45.186] ipv6q_enabled=0
[18:08:45.190] NET EMUL LOG(00000000):
[18:08:45.193]  NULL
[18:08:45.197] net_emul_mask=00000000
[18:08:45.200] net.core.rmem_max = 16777216
[18:08:45.281] net.core.wmem_max = 16777216
[18:08:45.287] net.ipv4.tcp_rmem = 4096 131072 16777216
[18:08:45.290] net.ipv4.tcp_wmem = 4096 131072 16777216
[18:08:45.293] net.ipv4.tcp_moderate_rcvbuf = 1
[18:08:45.296] mrd: mrd_lplog_start 
[18:08:45.298] [mrd_lplog] listening on 0.0.0.0:1011 (id=0, idx=0)
[18:08:45.302] [mrd_lplog] listening on 0.0.0.0:1012 (id=1, idx=1)
[18:08:45.306] [mrd_lplog] listening on 0.0.0.0:1013 (id=2, idx=2)
[18:08:45.309] [mrd_lplog] listening on 0.0.0.0:1014 (id=3, idx=3)
[18:08:45.313] [mrd_lplog] listening on 0.0.0.0:1015 (id=4, idx=4)
[18:08:45.316] [mrd_lplog] listening on 0.0.0.0:1016 (id=5, idx=5)
[18:08:45.320] [mrd_lplog] listening on 0.0.0.0:1017 (id=6, idx=6)
[18:08:45.324] [mrd_lplog] listening on 0.0.0.0:1018 (id=7, idx=7)
[18:08:45.327] [mrd_lplog] listening on 0.0.0.0:1019 (id=8, idx=8)
[18:08:45.330] [mrd_lplog] LP_LOG_ID_ULP0 telnet port:1011
[18:08:45.334] [mrd_lplog] LP_LOG_ID_ULP1 telnet port:1012
[18:08:45.337] [mrd_lplog] LP_LOG_ID_ULP2 telnet port:1013
[18:08:45.341] [mrd_lplog] LP_LOG_ID_ULP3 telnet port:1014
[18:08:45.346] [mrd_lplog] LP_LOG_ID_DLP0 telnet port:1015
[18:08:45.349] [mrd_lplog] LP_LOG_ID_DLP1 telnet port:1016
[18:08:45.353] [mrd_lplog] LP_LOG_ID_DLP2 telnet port:1017
[18:08:45.356] [mrd_lplog] LP_LOG_ID_DLP3 telnet port:1018
[18:08:45.360] [mrd_lplog] LP_LOG_ID_SLP  telnet port:1019
[18:08:45.363] mrd: nrd started
[18:08:45.366] Open shared map and Init mutex in mrd_main!!
[18:08:45.370] mrd: ***************************************
[18:08:45.374] mrd: *          NR DAEMON START           *
[18:08:45.378] mrd: ***************************************
[18:08:45.381] mrd: operator_id=0
[18:08:45.384] lowd open nr=1
[18:08:45.511] gif_open mrd 1/0
[18:08:45.524] [mrd] bentry delayed copy: b336(4)
[18:08:45.536] udc: connect: conn=1 discon=0 rtc=000622b4
[18:08:45.543] Disable GPS Module ...
[18:08:45.572] Not Used
[18:08:45.575] RNDIS multi_pkt_tx_size: host=16384 nv=0 actual=16384 nr=10
[18:08:45.583] br0: port 1(usb0) entered blocking state
[18:08:45.593] br0: port 1(usb0) entered disabled state
[18:08:45.599] configfs-gadget.g1 gadget.0 usb0: entered allmulticast mode
[18:08:45.607] configfs-gadget.g1 gadget.0 usb0: entered promiscuous mode
[18:08:45.615] eth_open
[18:08:45.625] eth_start
[18:08:45.629] NIF: up(usb0)
[18:08:45.637] gif_mmap va=0x7f92173000 pa=0x9638a000 sz=8192
[18:08:45.644] mrd: TID list initialized.
[18:08:45.653] mrd: T-ID Feature Activation is Done.
[18:08:45.658] mrautocm: ucfg_retry : 0
[18:08:45.661] mrautocm: [LTE UCFG] cfun(0), manual(0)
[18:08:45.667] mrautocm: NR Search(Core:0, Selection Mode: 0, cellTypeMode: 0, Roam: 0)
[18:08:45.679] usb0 set host mac: 00:0a:3b:ff:ff:02
[18:08:45.687] mrautocm: RAT (LTE NV: 0, NR NV: 0)
[18:08:45.697] mrautocm: [PLMN LTE] Core(0), Mode(0), CellType(0), Roam(0), List Num(0)
[18:08:45.710] mrautocm: [PLMN LTE] searchMode(0), MCC[0]=0, MCC[1]=0, MCC[2]=0
[18:08:45.722] mrautocm: [PLMN NR] Core(0), Mode(0), CellType(0), Roam(0), List Num(4)
[18:08:45.730] mrautocm: [PLMN NR] searchMode(0), MCC[0]=0, MCC[1]=0, MCC[2]=0
[18:08:45.738] mrautocm: [PLMN NR][MRU] Count(5)
[18:08:45.746] mrautocm: [PLMN NR][ARFCN](1/1), Band(26), ARFCN(172370)
[18:08:45.754] mrautocm: [PLMN NR][Band](1/1), Band(26)
[18:08:45.759] mrautocm: [PLMN NR][ARFCN Range](1/1), Band(26) ARFCN(from: 171800 to: 178800)
[18:08:45.768] mrautocm: CORE NET (LTE NV: 0, NR NV: 0)
[18:08:45.774] mrautocm: LTE PDN[1] Enable(1), Connect Order(1) Label(ims), Type(2), APN(IMS) PCO()
[18:08:45.783] mrautocm: LTE PDN[2] Enable(1), Connect Order(0) Label(admin), Type(2), APN(VZWADMIN) PCO()
[18:08:45.814] mrautocm: LTE PDN[3] Enable(1), Connect Order(2) Label(internet), Type(2), APN(V5GA01INTERNET) PCO()
[18:08:45.828] mrautocm: LTE PDN[4] Enable(1), Connect Order(0) Label(app), Type(2), APN(VZWAPP) PCO()
[18:08:45.839] mrautocm: LTE PDN[5] Enable(1), Connect Order(0) Label(emergency), Type(2), APN() PCO()
[18:08:45.853] mrautocm: LTE PDN[6] Enable(0), Connect Order(0) Label(enterprise), Type(2), APN(VZWCLASS6) PCO()
[18:08:45.867] mrautocm: LTE PDN[7] Enable(0), Connect Order(0) Label(b2b), Type(0), APN(VZWCLASS7) PCO()
[18:08:45.881] mrautocm: LTE PDN[8] Enable(0), Connect Order(0) Label(reserved3), Type(0), APN() PCO()
[18:08:45.892] mrautocm: NR PDU[1] Enable(0), Connect Order(0) Label(ims), Type(3), DNN(), PCO(), S-NSSAI(len:0 sst:00 sd:000000 mapped_sst:00 mapped_sd:000000)
[18:08:45.909] mrautocm: NR PDU[2] Enable(0), Connect Order(0) Label(admin), Type(3), DNN(), PCO(), S-NSSAI(len:0 sst:00 sd:000000 mapped_sst:00 mapped_sd:000000)
[18:08:45.930] mrautocm: NR PDU[3] Enable(1), Connect Order(1) Label(internet), Type(1), DNN(), PCO(), S-NSSAI(len:0 sst:00 sd:000000 mapped_sst:00 mapped_sd:000000)
[18:08:45.950] mrautocm: NR PDU[4] Enable(0), Connect Order(0) Label(app), Type(3), DNN(), PCO(), S-NSSAI(len:0 sst:00 sd:000000 mapped_sst:00 mapped_sd:000000)
[18:08:45.997] mrautocm: NR PDU[5] Enable(0), Connect Order(0) Label(emergency), Type(3), DNN(), PCO(), S-NSSAI(len:0 sst:00 sd:000000 mapped_sst:00 mapped_sd:000000)
[18:08:46.036] mrautocm: NR PDU[6] Enable(0), Connect Order(0) Label(enterprise), Type(3), DNN(), PCO(), S-NSSAI(len:0 sst:00gif_to_ipc: delayed req 3335(2044)
[18:08:46.066]  sd:000000 mapped_sst:00 mapped_sd:000000)
[18:08:46.083] mrautocm: NR PDU[7] Enable(0), Connect Order(0) Label(b2b), Type(3), DNN(), PCO(), S-NSSAI(lgif_to_ipc: delayed req 3335(2044)
[18:08:46.132] en:0 sst:00 sd:000000 mapped_sst:00 mapped_sd:000000)
[18:08:46.148] mrautocm: NR PDU[8] Enable(0), Connect Order(0) Label(reserved), Type(3), DNN(), gif_to_ipc: delayed req 3335(2044)
[18:08:46.168] PCO(), S-NSSAI(len:0 sst:00 sd:000000 mapped_sst:00 mapped_sd:000000)
[18:08:46.191] mrautocm: [mrcm_ucfg_get_overheat] Overheat is disable. 
[18:08:46.219] mrautocgif_to_ipc: delayed req 3335(2044)
[18:08:46.231] m: [mrcm_process_temperature_set] Executing command: kern temp uintv 0
[18:08:46.255] gif_to_ipc: delayed req 3335(2044)
[18:08:46.268] mrd: get_lted_keep_alive_setting, lted_keep_alive setting (enable=0, gif_to_ipc: delayed req 3335(2044)
[18:08:46.309] expired_time=0, max_retry_val=0)
[18:08:46.318] mrd: [SERVER] new connection requestgif_to_ipc: delayed req 3335(2044)
[18:08:46.331] mrd: lted_srv_alloc_client id=0
[18:08:46.336] mrd: [SERVER] assigns client index 0 enabled=1
[18:08:46.343] interval_sec=1(sec)
[18:08:46.349] user_interval_ticks=0/0(sec)
[18:08:46.355] log_enabled=0
[18:08:46.360] proc=mratcm(1455)
[18:08:46.366] mrd: [SERVER] new connection request
[18:08:46.373] mrd: lted_srv_alloc_client id=1
[18:08:46.379] mrd: [SERVER] assigns client index 1 proc=mrbip(1472)
[18:08:46.388] mrd: [SERVER] new connection reqgif_to_ipc: delayed req 3335(2044)
[18:08:46.401] uest
[18:08:46.406] mrd: lted_srv_alloc_client id=2
[18:08:46.456] mrd: [SERVER] assigns client index 2 proc=cli(1512)
[18:08:46.473] mrbip: lted_client_init_ex success (id: 1, client_identity : 0x00000000, pid (1472-mrbip) 
[18:08:46.501] mrbip: Wait LTE PS INIT..
[18:08:46.509] gif_to_ipc: delayed req 3335(2044)
[18:08:46.524] mrautocm: [IMS] Enable(0)
[18:08:46.537] mrautocm: [EAP] PDU auth bypass pdu1 (0)
[18:08:46.551] mrautocm: [EAP] PDU auth bypass pdu2 (0)
[18:08:46.566] mrautocm: [EAP] PDU auth bypass pdu3 (0)
[18:08:46.594] mrautocm: [EAP] PDU auth bypass pdu4 (0)
[18:08:46.605] mrautocm: [EAP] PDU auth bypass pdu5 (0)
[18:08:46.613] mrautocm: [EAP] PDU auth bypass pdu6 (0)
[18:08:46.621] mrautocm: [EAP] PDU auth bypass pdu7 (0)
[18:08:46.630] mrgif_to_ipc: delayed req 3335(2044)
[18:08:46.642] autocm: [EAP] PDU auth bypass pdu8 (0)
[18:08:46.667] gif_to_ipc: delayed req 3335(2044)
[18:08:46.681] mrd: [SERVER] new connection request
[18:08:46.693] mrd: lted_srv_alloc_client id=3
[18:08:46.706] mrd: [SERVER] assigns client index 3 proc=mrcm(1513)
[18:08:46.722] mrautocm: lted_client_init_ex success (id: 3, client_identity : 0x00000040, pid (1513-mrcm) 
[18:08:46.740] gif_to_ipc: delayed req 3335(2044)
[18:08:46.748] gif_to_ipc: delayed req 3335(2044)
[18:08:46.760] mrd: clearing start - eps_id = 0xffef
[18:08:46.767] mrd: clearing done
[18:08:46.772] mrd: nr rf scr: access(/etc/sysconfig/script/lte_scr/rf/x_6)=-1
[18:08:46.783] mrd: NR  DEVICE INSERT(DEV_IDX(1))
[18:08:46.791] [NV_HCI] nv checksum is valid(0xc83f56f5/0xc83f56f5)
[18:08:46.796] [NVM] READ Head N_INFO         (7243,10,5a) - Status(0)
[18:08:46.805] [NVM] READ Head N_BCFG         (7243,10,5b) - Status(0)
[18:08:46.812] [NVM] READ Head N_RFCAL        (7243,18,48) - Status(0)
[18:08:46.820] [NVM] READ Head N_TCCAL        (7243,10,2b) - Status(0)
[18:08:46.828] [NVM] READ Head N_NETWORK      (0000,00,00) - Status(0)
[18:08:46.836] [NVM] Default NV Memory Write(4)
[18:08:46.842] [NVM] NV NETWORK DUMP
[18:08:46.847] [NVM] READ Head N_SAFE         (7243,10,31) - Status(0)
[18:08:46.853] [V_SIM]ProcNvBcfgData/gstVsimEnData:0
[18:08:46.858] default tdm log level=2 (NV:2)
[18:08:46.865] [MRM] [CHK]MRM: NVM_INIT_CMPL_IND 
[18:08:46.870] [CHK]UMM: NVM_INIT_CMPL_IND 
[18:08:46.879] [UMM_ERR] [V_SIM]eVSIM_Enabled::5 
[18:08:46.885] [UMM_ERR] (UMM_MODE_EMUL)/Virtual SIM :5 
[18:08:46.897] [UMM_ERR] [V_SIM]UMM_Update_AllCacheItems_forUSIM, eVSIM: :5 
[18:08:46.928] [MRM_UMM][UMM][UMM_UICC_ACT_IND] nMsgSize:24 
[18:08:46.942] [UMM_ERR] [V_SIM]Enter UMM_ACTIVE state  
[18:08:46.951]  LTE L1 initialize...
[18:08:46.956] l1_modem_init(restart=0,init=0)
[18:08:46.963] mrd: NR force_dhcp == 0
[18:08:46.967] mrd: Don't start DHCP procedure for IPv6/NAS mode. pdn_ip_type = 0, ip_alloc = 0
[18:08:46.978] mrd: clearing start - eps_id = 0xfeff
[18:08:46.984] mrd: clearing done
[18:08:46.988] c10: cpu_smc_handler: fid=c1000030 x1=0 x2=0 x3=0 x4=0
[18:08:46.996] c10: OIC_TZPROT: 00000000->ffffffff
[18:08:47.004]  =====   RF NV3  ====== 
[18:08:47.009] [CSI] INIT: STI=10239
[18:08:47.013] [rxm_meas_init] Disable Measuremnt
[18:08:47.017] [RXM_DM_InitDebugOption] INIT (1)
[18:08:47.025] [L1C] INIT2(RFFE=65542)
[18:08:47.039] l1_bb_ctrl(0)
[18:08:47.045] [NAS_CACHE] Access Control Class: 0x0001
[18:08:47.051] [NAS_CACHE] UE Operation Mode: 0x80 Length of MNC: 3
[18:08:47.058] [NAS_CACHE] NOT Available the UAC Access Identities Configuration EF
[18:08:47.063] [NAS_CACHE] Higher Priority PLMN search period (28800 Sec)
[18:08:47.069] Equivalent HPLMN 0: 0x00f110 
[18:08:47.075] Equivalent HPLMN 1: 0x130184 
[18:08:47.078] [NAS_CACHE] SUCI calculation is to be performed by the ME
[18:08:47.082] [NAS_CACHE] NOT Available Subscription identifier privacy support
[18:08:47.088] [NAS_CACHE] NOT Available the 5GS Operator PLMN List EF
[18:08:47.094] [NAS_CACHE] NOT Available the Routing Indicator EF
[18:08:47.099] [NAS_CACHE] [ERR] Read Failed for PNN EF <IN cacheReadEFPNN 5203>
[18:08:47.108] [NAS_CACHE] [ERR] Read Failed for OPL EF <IN cacheReadEFOPL 5227>
[18:08:47.113] [NAS_CACHE] NOT Available the Operator controlled signal threshold per access technology EF
[18:08:47.119] [NAS_CACHE] Requested the File Count: 29
[18:08:47.122] [FSM] [H] Cell DB:halfBank 317, blockFree 634, blockNo 634, blockSz 252
[18:08:47.128] L1_BandInfoNV: B1 B2 B3 B4 B5 B6 B7 B8 B10 B12 B13 B14 B17 B18 B19 B20 B25 B26 B28 B29 B30 B34 B38 B39 B40 B41 B42 B43 B48 B52 B66 B71 B77(x) B78(x)
[18:08:47.140] [L3API][H]  user FreqTable's init'd: 856AD8F8
[18:08:47.144] [IMC] [H]Supported Band: B1 B2 B3 B4 B5 B6 B7 B8 B10 B12 B13 B14 B17 B18 B19 B20 B25 B26 B28 B29 B30 B34 B38 B39 B40 B41 B42 B43 B48 B52 B66 B71
[18:08:47.157] [L3API] 	Max Layer: B71:4/1 B66:4/1
[18:08:47.165] [L3API] 	Max Layer: B52:4/2 B48:4/2 B43:4/2 B42:4/2 B41:4/1 B40:4/1 B39:4/1 B38:4/1 B34:4/1 B30:4/1
[18:08:47.179] [L3API][H] 	B29: not support UL
[18:08:47.184] [L3API] 	Max Layer: B29:4/0 B28:4/1 B26:4/1 B25:4/1 B20:4/1 B19:4/1 B18:4/1 B17:4/1 B14:4/1 B13:4/1
[18:08:47.194] [L3API] 	Max Layer: B12:4/1 B10:4/1 B8:4/1 B7:4/1 B6:4/1 B5:4/1 B4:4/1 B3:4/1 B2:4/1 B1:4/1
[18:08:47.202] [L3API][H] Init BC List - mode:0, count:32
[18:08:47.213] [L3API][H]  BandPair Count: 32 (640)
[18:08:47.218] [L3API][H]  MakeMimoBandComb:(B1:0x14)
[18:08:47.221] [L3API][H]  MakeMimoBandComb:(B2:0x14)(B3:0x14)(B4:0x14)(B5:0x14)(B6:0x14)(B7:0x14)(B8:0x14)(B10:0x14)(B12:0x14)([L3API][H]  MakeMimoBandComb:(B14:0x14)(B17:0x14)(B18:0x14)(B19:0x14)(B20:0x14)(B25:0x14)(B26:0x14)(B28:0x14)(B29[L3API][H]  MakeMimoBandComb:(B34:0x14)(B38:0x14)(B39:0x14)(B40:0x14)(B41:0x14)(B42:0x24)(B43:0x24)(B48:0x24)(B52[L3API][H]  MakeMimoBandComb:(B71:0x14)
[18:08:47.272] [L3API][E]  RRC_UE_EUTRA_Capability_v9a0_IEs is NULL
[18:08:47.277] [L3API][H] Set PHY Capability Parameters
[18:08:47.281] [L3API][H] 	multiClusterPUSCH_WithinCC (1)
[18:08:47.285] [L3API][H]  Support  B1 B2 B3 B4 B5 B6 B7 B8 B10 B12 B1[NV] +nv_write [mrd] SAFE(5) data=0x7f920c3010 offs=0x139a8 size=0x1
[18:08:47.295] 3 B14 B17 B18 B19 B20 B25 B26 B28 B29 B30 B34 B38 B39 B40 [L3API][H] Set modifiedMPR_Behavior_r10 : 60 00 00 00 (32)
[18:08:47.302] [L3API][H] 	freqBandRetrieval (1)
[18:08:47.306] [L3API] 	Set dl_256QAM_r12: 1
[18:08:47.310] [L3API] 	Set ul_64QAM_r12 1
[18:08:47.314] [L3API][H]  set_db_capability_r12_rf : DL256-1, UL64-1 (32)
[18:08:47.320] [L3API][H]  set_db_capability_r13_rf : MaxCCs-1, ReducedINCComb-1, SkipFallbackComb-1
[18:08:47.327] [L3API][H] Default BCL cnt 32
[18:08:47.331] [L3API][H] 	[0] - 1(1) *
[18:08:47.335] [L3API][H] 	[1] - 1(2) *
[18:08:47.338] [L3API][H] 	[2] - 1(3) *
[18:08:47.341] [L3API][H] 	[3] - 1(4) *
[18:08:47.345] [L3API][H] 	[4] - 1(5) *
[18:08:47.347] [L3API][H] 	[5] - 1(6) *
[18:08:47.350] [L3API][H] 	[6] - 1(7) *
[18:08:47.354] [L3API][H] 	[7] - 1(8) *
[18:08:47.357] [L3API][H] 	[8] - 1(10) *
[18:08:47.361] [L3API][H] 	[9] - 1(12) *
[18:08:47.364] [L3API][H] 	[10] - 1(13) *
[18:08:47.367] [L3API][H] 	[11] - 1(14) *
[18:08:47.370] [L3API][H] 	[12] - 1(17) *
[18:08:47.373] [L3API][H] 	[13] - 1(18) *
[18:08:47.376] [L3API][H] 	[14] - 1(19) *
[18:08:47.380] [L3API][H] 	[15] - 1(20) *
[18:08:47.384] [L3API][H] 	[16] - 1(25) *
[18:08:47.387] [L3API][H] 	[17] - 1(26) *
[18:08:47.390] [L3API][H] 	[18] - 1(28) *
[18:08:47.393] [L3API][H] 	[19] - 1(29) :DB 64
[18:08:47.396] [L3API][H] 	[20] - 1(30) *
[18:08:47.399] [L3API][H] 	[21] - 1(34) *
[18:08:47.402] [L3API][H] 	[22] - 1(38) *
[18:08:47.405] [L3API][H] 	[23] - 1(39) *
[18:08:47.453] [L3API][H] 	[24] - 1(40) *
[18:08:47.457] [L3API][H] 	[25] - 1(41) *
[18:08:47.461] [L3API][H] 	[26] - 1(42) *
[18:08:47.464] [L3API][H] 	[27] - 1(43) *
[18:08:47.467] [L3API][H] 	[28] - 1(48) *
[18:08:47.470] [L3API][H] 	[29] - 1(52) *
[18:08:47.474] [L3API][H] 	[30] - 1(66) *
[18:08:47.476] [L3API][H] 	[31] - 1(71) *
[18:08:47.480] [L3API][H] Set modifiedMPR_Behavior_r10 : 60 00 00 00 (32)
[18:08:47.484] [L3API][H]  Making band combination list (31)
[18:08:47.488] [L3API][H]  supportedBandCombination_r10 malloc - 0x856AE758 (1984 * 31)
[18:08:47.493] [L3API] Set BC: 1(1), 0(0)
[18:08:47.496] [L3API] Set BC: 1(2), 0(0)
[18:08:47.499] [L3API] Set BC: 1(3), 0(0)
[18:08:47.502] [L3API] Set BC: 1(4), 0(0)
[18:08:47.506] [L3API] Set BC: 1(5), 0(0)
[18:08:47.510] [L3API] Set BC: 1(6), 0(0)
[18:08:47.513] [L3API] Set BC: 1(7), 0(0)
[18:08:47.516] [L3API] Set BC: 1(8), 0(0)
[18:08:47.519] [L3API] Set BC: 1(10), 0(0)
[18:08:47.522] [L3API] Set BC: 1(12), 0(0)
[18:08:47.526] [L3API] Set BC: 1(13), 0(0)
[18:08:47.529] [L3API] Set BC: 1(14), 0(0)
[18:08:47.531] [L3API] Set BC: 1(17), 0(0)
[18:08:47.534] [L3API] Set BC: 1(18), 0(0)
[18:08:47.537] [L3API] Set BC: 1(19), 0(0)
[18:08:47.540] [L3API] Set BC: 1(20), 0(0)
[18:08:47.557] [L3API] Set BC: 1(25), 0(0)
[18:08:47.561] [L3API] Set BC: 1(26), 0(0)
[18:08:47.564] [L3API] Set BC: 1(28), 0(0)
[18:08:47.567] [L3API] Set BC: 1(30), 0(0)
[18:08:47.569] [L3API] Set BC: 1(34), 0(0)
[18:08:47.573] [L3API] Set BC: 1(38), 0(0)
[18:08:47.576] [L3API] Set BC: 1(39), 0(0)
[18:08:47.579] [L3API] Set BC: 1(40), 0(0)
[18:08:47.583] [L3API] Set BC: 1(41), 0(0)
[18:08:47.586] [L3API] Set BC: 1(42), 0(0)
[18:08:47.589] [L3API] Set BC: 1(43), 0(0)
[18:08:47.591] [L3API] Set BC: 1(48), 0(0)
[18:08:47.595] [L3API] Set BC: 1(52), 0(0)
[18:08:47.598] [L3API] Set BC: 1(66), 0(0)
[18:08:47.601] [L3API] Set BC: 1(71), 0(0)
[18:08:47.603] [L3API][H]  Set SupportedBandCombination R10 (31 of 31)
[18:08:47.607] [L3API][H]  Set maxLayersMIMO_Indication_r12
[18:08:47.611] [L3API][H] Enable UL MIMO
[18:08:47.614] [L3API][H] TDD UL MIMO
[18:08:47.617] [L3API][H] Disable CA
[18:08:47.621] [L3API][H] Set modifiedMPR_Behavior_r10 : 60 00 00 00 (32)
[18:08:47.626] [L3API][H] Bit 13 : disabled
[18:08:47.629] [L3API][H] Bit 18 : disabled
[18:08:47.633] [L3API][H] Bit 13 : disabled
[18:08:47.636] [L3API][H] Bit 18 : disabled
[18:08:47.639] [L3API][H]  SetFgi: 1E9805FE 00000000 0000C1FF / 1E9805FE 00000000 0000C1FF
[18:08:47.645] [L3API][H]  SetFgi: FDD/TDD configured
[18:08:47.648] [L3API][H] Bit 13 : disabled
[18:08:47.652] [L3API][H] Bit 18 : disabled
[18:08:47.660] [L3API][H]  Set FGI Common (1E9805FE 00000000 0000C1FF)
[18:08:47.681] [L3API][H]  Set FG[NV] [LTE_NV] mrd Write Skip id=5(SAFE)
[18:08:47.690] [NV] -nv_write [mrd] SAFE(5) data=0x7f920c3010 offs=0x139a8 size=0x1
[18:08:47.701] I FDD only (00000000 00000000 00000000)
[18:08:47.709] [L3API][H]  Set FGI TDD only (00000000 00000000 00000000)
[18:08:47.713] [L3API][H] Bit 13 : disabled
[18:08:47.716] [L3API][H] Bit 18 : disabled
[18:08:47.720] [L3API][H] Bit 13 : disabled
[18:08:47.724] [L3API][H] Bit 18 : disabled
[18:08:47.727] [L3API][H]  SetFgi: 1E9805FE 00000000 0000C1FF / 1E9805FE 00000000 0000C1FF
[18:08:47.732] [L3API][H]  SetFgi: FDD/TDD configured
[18:08:47.735] [L3API][H] Bit 13 : disabled
[18:08:47.738] [L3API][H] Bit 18 : disabled
[18:08:47.743] [L3API][H]  Set FGI Common (1E9805FE 00000000 0000C1FF)
[18:08:47.746] [L3API][H]  Set FGI FDD only (00000000 00000000 00000000)
[18:08:47.751] [L3API][H]  Set FGI TDD only (00000000 00000000 00000000)
[18:08:47.759] [L3API][H] BandNR: 0 (NR list not ready)
[18:08:47.763] [L3API][H]  set v1540:0  No NR supported band
[18:08:47.766] [L3API][H]  Set ul_RRC_Segmentation_r16
[18:08:47.774] [L3API][H] reset all default bcl
[18:08:47.777] [L3API][H]  default supportedBandCombination_v10i0 - 0x856BD7A8
[18:08:47.786] [L3API][H]  default supportedBandCombination_r10 - 0x856AE758
[18:08:47.793] [L3API][H] eutra seed: RunSrc=CFG
[18:08:47.798] [FSM] [L3>S][FSM_IMC_WaitInitialize__NASRRC_RRC_INITIALIZE_REQ] NASRRC_RRC_INITIALIZE_CNF
[18:08:47.810] [NL3] [H] Cell DB:halfBank 209, blockFree 418, blockNo 418, blockSz 764
[18:08:47.819] [32mNR_DB_SERV_CELL_DDCT(34) : 8780
[18:08:47.835] [0mL1_NrBandInfoNV:34
[18:08:47.842] filtering:
[18:08:47.845] [N3API]  user FreqTable's init'd: 856C8FD8
[18:08:47.851] [N3API] [CAPA-MEM][op-pre] pInfo=00000000 SBL(own=0 alloc=00000000) BCL.trk=0 FS.trk=0
[18:08:47.862] [N3API] [CAPA-MEM][cfg-cache] reset: empty
[18:08:47.867] [OTA RX:10240] 31:NRCAPA [2486]->
[18:08:47.873] E1A23000 47465A03 1F8D8387 20000160 93170001 83F0D802 6EFF8204 41020174
[18:08:47.879] 48005005 810A6260 04800000 86400035 68300018 01E81C79 0E7C0000 82FFE3F8
[18:08:47.889] FE3FF8FE 3F854408 000EDD00 01000100 01D00010 00100000 0140A626 01480000
[18:08:47.898] 08640003 56830001 801E81C7 90E7C000 082FFE3F 8FE3FF8F E3F85440 8000EDD8
[18:08:47.904] 00180018 001D8001 80018000 00140A62 60248000 00864000 35683000 1801E81C
[18:08:47.909] 790E7C00 0082DF03 C0DE0380 54008000 140A6260 34800000 86400035 68300018
[18:08:47.915] 01E81C79 0E7C0000 82FFE3F8 FE3FF8FE 3F854408 000EDC80 00800080 01C80008
[18:08:47.925] 00080000 0140A626 03C80000 08640003 56830001 801E81C7 90E7C000 082DE038
[18:08:47.934] 0DE03805 44080007 9C800080 00800001 40A62609 C8000008 64000356 83000180
[18:08:47.938] 1E81C790 E7C00008 2DE0380D E0380540 08000140 A6260CC8 00000864 00035683
[18:08:47.944] 0001801E 81C790E7 C000082D F83E0DE0 38054008 000140A6 260DC800 00086400mrd: UICC Activation done : driver open fail(-1)
[18:08:47.952] mrd: 
[18:08:47.956] UICC INDICATION(DEV_IDX(1))
[18:08:47.959] mrd: UICC ACTIVATED INDICATION
[18:08:47.962] mrautocm: [mrcm_ind_uicc_ind]
[18:08:47.965] mrautocm: UICC ACTIVATED INDICATION
[18:08:47.968] mrd: 
[18:08:47.971] INITIALIZATION PROTOCOL STACK RESPONSE(DEV_IDX(1))
[18:08:47.977] mrd: Result : 0
[18:08:47.981] mrd: WTD: LAPI_NotiArm1Reset : Hold[0]
[18:08:47.984] 03568300 01801E81 C790E7C0 00082DF8 3E0DF83E 05400800 0140A636 12C80000
[18:08:47.991] 08640003 56830001 801E81C7 90E7C000 082BFF0F C3F0FFC3 F0FC1500 20000502
[18:08:47.995] 98D84F20 00002190 000D5A0C 0006007A 071E439F 000020AF FE3FEFFB FF8FFBFE
[18:08:47.999] 54408000 ACE40024 000E4002 40000014 0E636140 84800000 86400035 68300018
[18:08:48.006] 01E81C79 0E7C0000 82BFF8FF BFEFFE3F EFF95142 0003B760 00E000E0 0076000E
[18:08:48.011] 000E0000 01000200 00005029 89883200 00021900 00D5A0C0 006007A0 71E439F0
[18:08:48.015] 00020BFF 0FC3F0FF C3F0FC15 1020003B 76000600 06000760 00600060 00000502
[18:08:48.021] 98988D20 00002190 000D5A0C 0006007A 071E439F 000020B7 E0F83780 E0151020
[18:08:48.026] 002B6200 02000620 00200000 05029898 95200000 2190000D 5A0C0006 007A071E
[18:08:48.032] 439F0000 20BFF8FE 3F8FFE3F 8FE15002 00005029 89897200 00021900 00D5A0C0
[18:08:48.037] 006007A0 71E439F0 00020A40 09001500 20000503 98D89901 20000021 90000D5A
[18:08:48.041] 0C000600 7A071E43 9F000020 AEFE3FEF FBBF8FFB FE545080 00ACE000 20000E00
[18:08:48.045] 02000000 40008000 00140A63 626C8000 00864000 35683000 1801E81C 790E7C00
[18:08:48.050] 0082BBF8 FFBFEEFE 3FEFF951 420002B3 80008000 38000800 00010002 00000050
[18:08:48.055] 1E800E00 00000000 38040000 0000E020 00001003 80C00000 000E0380 00020038
[18:08:48.061] 2600000C 00E0C800 00200383 60000100 0E128000 0508384E 00001820 E1400000
[18:08:48.066] 60038820 0001400E 23000004 08389800 001820E2 68000061 07800001 C0200000
[18:08:48.070] E5EC41E0 00007010 00003963 10780000 1C060000 0E5CC41E 00000701 C0000387
[18:08:48.075] 10780000 1C130000 0E58C41E 00000706 C0000387 10780000 18250004 0220E000
[18:08:48.079] 0E128000 090441E0 0000709C 00003973 10780000 1C280000 0E1C41E0 00006118
[18:08:48.086] 00100883 8000388C 00002411 07800001 84A00041 63107800 00184B00 040220F0
[18:08:48.090] 00003898 00001CB1 883C0000 0E268000 072FE20F 00800380 800001C1 10780400
[18:08:48.095] 1C060000 0E5CC41E 01000701 C0000397 31078040 01C13000 00E58C41 E0100070
[18:08:48.100] 6C000039 7F107804 001C2500 000E0883 C0mrd: ucfg Scramble (0)
[18:08:48.105] mrd: NRAPI_DeviceCfgSetReq Scramble (0)
[18:08:48.108] mrd: SET SCRAMBLE LOG : DISABLE
[18:08:48.112] 2000E1 38000072 F620F008 00385000
[18:08:48.115] 001CBF88 3C02000C 23000201 10700407 11800004 8220F008 00309400 082C620F
[18:08:48.119] 00800389 800001CB 9883C020 00E26800 0072E620 F0100038 0C00001C B1883C04
[18:08:48.123] 000C1280 02011070 08070940 00048220 F0100038 4E00001C 11078080 01C28000
[18:08:48.128] 00E0883C 04000E26 0000072C 620F0100 0389A000 01CB9883 C06000E0 38000070
[18:08:48.132] 441E0300 0704C000 03943107 80C001C1 B00000E0 883C0600 0C128002 0110700C
[18:08:48.138] 07094000 048220F0 1800384E 00001C11 0780C001 82800040 220E0180 E1400000
[18:08:48.143] 90441E03 00061180 01058C41 C0301C46 00001258 C41E0300 06128001 058C41E0
[18:08:48.147] 3000612C 00100883 C06000E2 60000072 C620F018 00389A00 001CB988 3C07000C
[18:08:48.153] 12800201 10700E07 09400004 8220F01C 00384E00 001CB188 3C07000E 14000007
[18:08:48.158] 2E620F01 C0038980 0001C110 780E001C 4D00000E 5CC41E09 80060940 01008838
[18:08:48.164] 130384A0 00024110 78260018 27000402 20E04C0E 13800009 0441E098 0060A000
[18:08:48.169] 10088381 30385000 00241107 82600184 C0004022 0E04C0E2 60000090 441E0980
[18:08:48.173] 07134000 03963107 836001CLTE LOG(000001c4): NOTI WARN2 WARN3 ERR
[18:08:48.177] 2 700000E5 CC41E0D8 0070A000 00397310 78360018
[18:08:48.181] 4A00040B 883C1B00 0C258002 01107836 001C4C00 000E5CC4 1E0D8007 13400003
[18:08:48.191] 97310784 A0018270 0040220E 0940E138 00009044 1E128006 11800100 88382503
[18:08:48.197] 88C00002 4110784A 00184A00 040220F0 94003096 00080441 E1280061 30001008
[18:08:48.202] 83825038 98000024 110784A0 01C4D000 00E5CC41 E1380070 A0000039 7310784E
[18:08:48.207] 00184600 040220E0 9C0E2300 00090441 E1380061 28001008 83C27000 C2580020
[18:08:48.213] 110784E0 01C4C000 00E0883C 27000E26 8000072E 620F0A00 0388C000 01CB9883
[18:08:48.218] C28000C2 50002011 07850001 84B00040 220F0A00 03898000 01CB9883 C28000E2
[18:08:48.225] 68000072 E620F118 00389800 001CB188 3C46000E 26800007 2C620E12 80E26800
[18:08:48.232] 0092C620 F1300030 9A00082C 620E1300 E2680000 92C620F0 00003000 00080441
[18:08:48.238] E0100060 0800101C 41E03000 60180010 0883C280 00C14000 207E20F1 1800308C
[18:08:48.242] 00080441 E2600061 3000101C 41E26800 61340010 2E2070A0 208050B8 81C4C082
[18:08:48.250] 0141C40E 2684100A 0E5A4000 0404C4F4 00000000 00000000 00023011 8000008C
[18:08:48.260] 04608020 08020080 20080200 80200802 00802008 02008020 08020080 20080200
[18:08:48.290] 80200802 00802008 02008020 08020080 20080200 80200802 00802008 02008020
[18:08:48.306] 0802mrd: cm_set_smsCfgWriteReq()
[18:08:48.321] mrd: cm_set_RaDeploymentReq()
[18:08:48.332] mrd: get_load_capa_pdu_uper_file(1) - isFirstChunk=1
[18:08:48.344] mrd: read_rrc_capa_pdu_chunk(/var/nr/param/capa/UE_MRDC_Capability.uper) - (0~10224)/fileSize(12134)
[18:08:48.358] 81 01 41 ED 88 2C 08 03 80 40 00 00 01 10 58 20 ....
[18:08:48.366] mrd: cm_set_NRUERadioCapaReq()
[18:08:48.381] mrd: get_load_capa_pdu_uper_file(1) - isFirstChunk=0
[18:08:48.405] mrd: read_rrc_capa_pdu_chunk(/var/nr/param/capa/UE_MRDC_Capability.uper) - (10224~12134)/fileSize(12134)
[18:08:48.456] 03 80 00 01 C0 60 00 01 60 88 6C 08 01 0080 20080200 80200802 00802008 02008020 08020080 20080200 80200802
[18:08:48.467] 00802008 02008020 08020080 20080200 80200802 00802008 02008020 08020080
[18:08:48.476] 20080200 0000036C 7A000000 00000000 00004000 02040000 00000000 00000000
[18:08:48.484] 00000000 00000000 00000000 00000000 00000000 00000000 00000000 00000000
[18:08:48.491] 00000000 00000000 00000000 00000000 00000000 00000000 00000000 00000000
[18:08:48.497] 00000000 00000000 00000000 00000000 00000000 07EFFFFF C6600007 00050382
[18:08:48.505] 80381804 200C03C0 D0000000 00000000 04000000 04000000 03000000 02000000
[18:08:48.512] 01400000 00C00000 00700000 00400000 00240000 00140000 000B0000 00060000
[18:08:48.519] 000340D6 4ED60ED6 8ED648D6 08D64AD6 0AD646D6 06D64CD6 0CD68CD6 54D694D0
[18:08:48.524] 30100000 6DB6D040 0005B6DB 41000026 DB6D0400 00DB6DB4 1000046D B6D04000
[18:08:48.535] 15B6DB41 000066DB 6D040001 DB6DB410 00086DB6 D0400025 B6DB4100 00A6DB6D
[18:08:48.541] 040002DB 6DB41000 0C6DB6D0 3149EAA8 3D5547AA A475540E AA92D550 5AAA4D55
[18:08:48.547] 41AAAA35 552AAAA9 55548EA0 14005002 00600801 40180300 18040090 0A014006
[18:08:48.559] 01802403 80500180 80090120 14006018 03403807 00280A01 10160260 30050014
[18:08:48.571] 0680B802 00501C03 02020200 68080801 A1010100 34040400 00808080 00020200
[18:08:48.588] 68004040 0D1AA030 401032F6 70000000 014A2000 0420
[18:08:48.611] [N3API] init_BCL param - 122
[18:08:48.622] [N3API] RF bit_mask : a2 00 00 00 00
[18:08:48.630] [N3API] [CAPA-MEM][post-decode] pInfo=00000000 SBL(own=0 alloc=00000000) BCL.trk=0 FS.trk=0
[18:08:48.644] [N3API] nr pdu filter hw=26 sbl 17->15 bcl 122->108
[18:08:48.657] [N3API] [CAPA-MEM][DB-set] pInfo=856c9dd8 SBL(own=0 alloc=00000000) BCL.trk=0 FS.trk=0
[18:08:48.670] [N3API]   SBL.val=85795858 cnt=15 BCL.main=857ab578 cnt=108 ABLF(dec=0/00000000/0 own=0/00000000)
[18:08:48.683] [N3API]   FS outer: decode-graph (B), trk=0
[18:08:48.689] [L3API][H] Set BandNR[15]:  1, 3, 5, 7, 8, 20, 26, 28, 38, 40, 41, 66, 71, 77, 78,
[18:08:48.700] [L3API][H] BandNR: 0 (NR list not ready)
[18:08:48.706] [L3API][H]  set v1540:15  n1 n3 n5 n7 n8 n20 n26 n28 n38 n40 n41 n66 n71 n77 n78
[18:08:48.715] [N3API]  EUTRA band[32]:
[18:08:48.721] [N3API] 	 B1 B2 B3 B4 B5 B6 B7 B8 B10 B12 B13 B14 B17 B18 B19 B20
[18:08:48.732] [N3API] 	 B25 B26 B28 B29 B30 B34 B38 B39 B40 B41 B42 B43 B48 B52 B66 B71
[18:08:48.742] [N3API] 
[18:08:48.745] Set bit-mask: 856CB4E4(000000E0) - 0 00000010
[18:08:48.750] [N3API] [MPR][PC] band:n38 pc:1 v1610:0 isPc1dot5:0 mpr_present:0 mpr_val:0x00
[18:08:48.764] [N3API] [MPR][PC] done band:n38 mpr_present:0 mpr_val:0x00
[18:08:48.772] [N3API] [MPR][PC] band:n40 pc:1 v1610:0 isPc1dot5:0 mpr_present:0 mpr_val:0x00
[18:08:48.784] [N3API] [MPR][PC] done band:n40 mpr_present:0 mpr_val:0x00
[18:08:48.795] [N3API] [MPR][PC] band:n41 pc:1 v1610:1 isPc1dot5:1 mpr_present:1 mpr_val:0x10
[18:08:48.811] [N3API] [MPR][PC] set n41 modifiedMPR_Behaviour=0x10
[18:08:48.822] [N3API] [MPR][PC] done band:n41 mpr_present:1 mpr_val:0x10
[18:08:48.830] [N3API] [MPR][PC] band:n77 pc:1 v1610:1 isPc1dot5:1 mpr_present:1 mpr_val:0x80
[18:08:48.843] [N3API] [MPR][PC] set n77 modifiedMPR_Behaviour=0x80
[18:08:48.854] [N3API] [MPR][PC] done band:n77 mpr_present:1 mpr_val:0x80
[18:08:48.864] [N3API] [MPR][PC] band:n78 pc:1 v1610:1 isPc1dot5:1 mpr_present:0 mpr_val:0x00
[18:08:48.877] [N3API] [MPR][PC] set n78 modifiedMPR_Behaviour=0x80
[18:08:48.887] [N3API] [MPR][PC] done band:n78 mpr_present:1 mpr_val:0x80
[18:08:48.915] [N3API] === reset UE Capa PDU
[18:08:48.929] [N3API] [CAPA-MEM][reset-done] pInfo=856c9dd8 SBL(own=0 alloc=00000000) BCL.trk=0 FS.trk=0
[18:08:48.964] [N3API]   SBL.val=85795858 cnt=15 BCL.main=857ab578 cnt=108 ABLF(dec=0/00000000/0 own=0/00000000)
[18:08:48.986] [N3API]   FS outer: decode-graph (B), trk=0
[18:08:48.993] [N3API] [CAPA-MEM][op-post] pInfo=856c9dd8 SBL(own=0 alloc=00000000) BCL.trk=0 FS.trk=0
[18:08:49.005] [N3API]   SBL.val=85795858 cnt=15 BCL.main=857ab578 cnt=108 ABLF(dec=0/00000000/0 own=0/00000000)
[18:08:49.023] [N3API]   FS outer: decode-graph (B), trk=0
[18:08:49.030] [NL3:   0][>S][nrrc_send_NNASRRC_RRC_INITIALIZE_CNF] NNASRRC_RRC_INITIALIZE_CNF
[18:08:49.040] [NAS_NSM] nsmSetPduAuthControlByUpperEnabled()
[18:08:49.046] [NAS_NSM] 	 flag(1)
[18:08:49.049] [NAS_INSIG] EPLMN|NASRRC_RRC_INITIALIZE_CNF(18)|PLMN_NULL(0)
[18:08:49.058] [NAS_INSIG] NPLMN|NNASRRC_RRC_INITIALIZE_CNF(18)|PLMN_NULL(0)
[18:08:49.069] [NAS_INSIG] CACHE|NASNVM_READ_CNF(8)|CACHE_WAIT_FOR_CACHE_INIT(0)
[18:08:49.089] [NAS_INSIG] CACHE|NASNVM_READ_CNF(8)|CACHE_WAIT_FOR_CACHE_INIT(0)
[18:08:49.107] [NAS_INSIG] CACHE|NASNVM_READ_CNF(8)|CACHE_WAIT_FOR_CACHE_INIT(0)
[18:08:49.133] [NAS_CACHE] [WAR] Invalid 5GSLOCI in the NV (0xffffff)!!!
[18:08:49.154] [NAS_INSIG] CACHE|NASNVM_READ_CNF(8)|CACHE_WAIT_FOR_CACHE_INIT(0)
[18:08:49.170] [NAS_INSIG] CACHE|NASNVM_READ_CNF(8)|CACHE_WAIT_FOR_CACHE_INIT(0)
[18:08:49.195] [NAS_INSIG] CACHE|NASNVM_READ_CNF(8)|CACHE_WAIT_FOR_CACHE_INIT(0)
[18:08:49.203] [NAS_INSIG] CACHE|NASNVM_READ_CNF(8)|CACHE_WAIT_FOR_CACHE_INIT(0)
[18:08:49.214] [NAS_INSIG] CACHE|NASNVM_READ_CNF(8)|CACHE_WAIT_FOR_CACHE_INIT(0)
[18:08:49.229] [NAS_INSIG] CACHE|NASNVM_READ_CNF(8)|CACHE_WAIT_FOR_CACHE_INIT(0)
[18:08:49.240] [NAS_INSIG] CACHE|NASNVM_READ_CNF(8)|CACHE_WAIT_FOR_CACHE_INIT(0)
[18:08:49.247] [NAS_CACHE] Read UTC Time: 0
[18:08:49.254] [NAS_INSIG] CACHE|NASNVM_READ_CNF(8)|CACHE_WAIT_FOR_CACHE_INIT(0)
[18:08:49.267] [NAS_INSIG] CACHE|NASNVM_READ_CNF(8)|CACHE_WAIT_FOR_CACHE_INIT(0)
[18:08:49.287] [NAS_INSIG] CACHE|NASNVM_READ_CNF(8)|CACHE_WAIT_FOR_CACHE_INIT(0)
[18:08:49.301] [NAS_INSIG] CACHE|NASNVM_READ_CNF(8)|CACHE_WAIT_FOR_CACHE_INIT(0)
[18:08:49.315] [NAS_CACHE] [ERR] Invalid IMEI: 0x000000000000000000 <IN cacheReadNVMCnf 528>
[18:08:49.328] [NAS_INSIG] CACHE|NASNVM_READ_CNF(8)|CACHE_WAIT_FOR_CACHE_INIT(0)
[18:08:49.342] [NAS_CACHE] [ERR] Invalid IMEI2: 0x000000000000000000 <IN cacheReadNVMCnf 550>
[18:08:49.354] [NAS_INSIG] CACHE|NASNVM_READ_CNF(8)|CACHE_WAIT_FOR_CACHE_INIT(0)
[18:08:49.376] [NAS_INSIG] CACHE|NASNVM_READ_CNF(8)|CACHE_WAIT_FOR_CACHE_INIT(0)
[18:08:49.389] [NAS_INSIG] CACHE|NASNVM_READ_CNF(8)|CACHE_WAIT_FOR_CACHE_INIT(0)
[18:08:49.405] [NAS_CACHE] Read T3245 lte:0 nr: 0
[18:08:49.454] [NAS_INSIG] CACHE|NASNVM_READ_CNF(8)|CACHE_WAIT_FOR_CACHE_INIT(0)
[18:08:49.465] [NAS_INSIG] CACHE|NASNVM_READ_CNF(8)|CACHE_WAIT_FOR_CACHE_INIT(0)
[18:08:49.478] [NAS_INSIG] CACHE|NASNVM_READ_CNF(8)|CACHE_WAIT_FOR_CACHE_INIT(0)
[18:08:49.487] [NAS_INSIG] CACHE|NASNVM_READ_CNF(8)|CACHE_WAIT_FOR_CACHE_INIT(0)
[18:08:49.497] [NAS_INSIG] CACHE|NASNVM_READ_CNF(8)|CACHE_WAIT_FOR_CACHE_INIT(0)
[18:08:49.505] [NAS_INSIG] CACHE|NASNVM_READ_CNF(8)|CACHE_WAIT_FOR_CACHE_INIT(0)
[18:08:49.512] [NAS_INSIG] CACHE|NASNVM_READ_CNF(8)|CACHE_WAIT_FOR_CACHE_INIT(0)
[18:08:49.522] [NAS_INSIG] CACHE|NASNVM_READ_CNF(8)|CACHE_WAIT_FOR_CACHE_INIT(0)
[18:08:49.533] [NAS_INSIG] CACHE|NASNVM_READ_CNF(8)|CACHE_WAIT_FOR_CACHE_INIT(0)
[18:08:49.545] [NAS_INSIG] CACHE|NASNVM_READ_CNF(8)|CACHE_WAIT_FOR_CACHE_INIT(0)
[18:08:49.559] [NAS_INSIG] CACHE|NASNVM_READ_CNF(8)|CACHE_WAIT_FOR_CACHE_INIT(0)
[18:08:49.570] [NAS_CACHE] ICCID Matched: No USIM change detected
[18:08:49.578] [NAS_CACHE] State Change (CACHE_WAIT_FOR_CACHE_INIT => CACHE_VALID_USIM)
[18:08:49.590] [NAS_INSIG] EMM|EMM_INT_USIM_INSERTED_IND(2)|EMM_NULL(0)
[18:08:49.600] [FSM] [ERR]EHPLMN list cnt:2
[18:08:49.606] [FSM] EHPLMN :[0] F110
[18:08:49.610] [FSM] EHPLMN :[1] 130184
[18:08:49.614] [L3API][H] Init CSG DB: 0
[18:08:49.621] [FSM] [L3>S][RRC_send_NASRRC_USIM_INSERTED_CNF] NASRRC_USIM_INSERTED_CNF
[18:08:49.636] [NAS_INSIG] EPLMN|EPLMN_USIM_INSERTED_IND(5)|PLMN_NULL(0)
[18:08:49.646] [NAS_EPLMN] PLMN_PERIODIC_HPLMN_SEARCH_TIMER Timer value Changed: 28800000 ms
[18:08:49.661] [NAS_EPLMN] State Change (PLMN_NULL => PLMN_IDLE)
[18:08:49.670] [NAS_INSIG] NMM|NMM_INT_USIM_INSERTED_IND(3)|NMM_NULL(0)
[18:08:49.680] [NL3:   0]<- NNASRRC_USIM_INSERTED_REQ
[18:08:49.688] [NL3:   0]EHPLMN :[0] F110
[18:08:49.691] [NL3:   0]EHPLMN :[1] 130184
[18:08:49.697] [NL3:   0][>S][NRRC_Read_NVM_DRX] NVM_READ_REQ
[18:08:49.705] [NL3:   0][>S][NRRC_Read_NVM_User_DRX] NVM_READ_REQ
[18:08:49.712] [NAS_INSIG] NPLMN|NPLMN_USIM_INSERTED_IND(5)|PLMN_NULL(0)
[18:08:49.722] [NAS_NPLMN] PLMN_PERIODIC_HPLMN_SEARCH_TIMER Timer value Changed: 28800000 ms
[18:08:49.731] [NAS_NPLMN] State Change (PLMN_NULL => PLMN_IDLE)
[18:08:49.737] [NAS_INSIG] EMM|NASRRC_USIM_INSERTED_CNF(45)|EMM_NULL(0)
[18:08:49.744] [NAS_EMM] FSM_EMM_NULL__NASRRC_USIM_INSERTED_CNF
[18:08:49.748] [FSM] [L3<-][RMCI][0] NASRRC_COUNT_UPDATE_IND
[18:08:49.752] [RMC] [H] NAS count:0
[18:08:49.755] NAS_MsgHandler, messageType(0x360014)
[18:08:49.758] [NL3:   0][<-][NL3USI][2][3] NVM_READ_CNF
[18:08:49.761] [N3USI] NV name : LDRX_NV
[18:08:49.764] [N3USI] NV DRX not used: 0
[18:08:49.767] [NL3:   0][<-][NL3USI][2][3] NVM_READ_CNF
[18:08:49.771] [N3USI] NV name : NDRX_NV
[18:08:49.774] [N3USI] NV User DRX not used :0
[18:08:49.777] [NL3:   0][>S][FSM_NL3USI_Read__NVM_READ_CNF] NNASRRC_USIM_INSERTED_CNF
[18:08:49.782] [NAS_INSIG] NMM|NASRRC_USIM_INSERTED_CNF(44)|NMM_NULL(0)
[18:08:49.788] [NAS_NMM] FSM_NMM_NULL__NASRRC_USIM_INSERTED_CNF
[18:08:49.791] [NAS_INSIG] NSM_CONNECTION_MANAGEMENT|NMMNSM_UICC_USIM_CACHE_END_IND(22)|NSM_CONNECTION_MANAGEMENT(0)
[18:08:49.799] L1 initialize...
[18:08:49.802] nr_slp_shmem : 28500000
[18:08:49.805] nr_dlp_shmem[0] : 20500000
[18:08:49.808] nr_dlp_shmem[1] : 21500000
[18:08:49.811] nr_dlp_shmem[2] : 22500000
[18:08:49.814] nr_dlp_shmem[3] : 23500000
[18:08:49.817] nr_dlp_shmem[4] : 24500000
[18:08:49.823] nr_dlp_shmem[5] : 25500000
[18:08:49.827] nr_dlp_shmem[6] : 26500000
[18:08:49.831] nr_dlp_shmem[7] : 27500000
[18:08:49.834] nr_ulp_shmem[0] : 20d00000
[18:08:49.838] nr_ulp_shmem[1] : 21d00000
[18:08:49.841] nr_ulp_shmem[2] : 22d00000
[18:08:49.846] nr_ulp_shmem[3] : 23d00000
[18:08:49.850]  =====   RF NV3  ====== 
[18:08:49.854]  RFD_GetAdcMetalfix() nv_bcfg cmn_ext_rfconfig 0x0030 bit#3(0 metal fix, 1 no fix) adc_metal_fix 1
[18:08:49.862] [MRM] Read MRM Mode: 0
[18:08:49.865] [MRM] NOT Enabled MRM FSM: 0
[18:08:49.869] [MRM] 0x6c Connected assigned ConnId: 0x1
[18:08:49.873] [SMS] ENAS SMS INIT REQ rxed
[18:08:49.876] [MRM] 0x55 Connected assigned ConnId: 0x2
[18:08:49.882] [ATM] ATMManager_RegisterUMM(evt:35, nPortId:0)...
[18:08:49.887] DM> DM> DM> SMSMGR : bSmsFormat(3GPP)
[18:08:49.898] $ shell
[18:08:49.902] SMS] SMSMGR : UICC FILE INFO rxed(FID = 0x0)
[18:08:49.908] [MRM] Disable Scrumble Log
[18:08:49.912] [NAS_INSIG] CACHE|NAS_PROTOCOL_CONFIG_WRITE_REQ(3)|CACHE_VALID_USIM(1)
[18:08:49.917] [NAS_CACHE] Scrumble Log: 0
[18:08:49.921] [MRM] 5G NR SA: 1 NSA: 0 LTE SA: 0
[18:08:49.924] [MRM] Set NR SA Mode for RRC: 1
[18:08:49.929] [L3API][H] Set BandNR[15]:  n1 n3 n5 n7 n8 n20 n26 n28 n38 n40 n41 n66 n71 n77 n78
[18:08:49.934] [MRM] Set Endc Enable for RRC: 0
[18:08:49.939] [L3API][H] 	Set EN-DC Enable:0
[18:08:49.943] [L3API][H]  set v1540:15  n1 n3 n5 n7 n8 n20 n26 n28 n38 n40 n41 n66 n71 n77 n78
[18:08:49.947] [MRM] Set LTE Only Mode for RRC: 1
[18:08:49.958] [L3API][H] Enable UL MIMO
[18:08:49.962] [L3API][H] TDD UL MIMO
[18:08:49.974] [L3API][H] Disable CA
[18:08:49.980] [L3API][H] Bit 13 : disabled
[18:08:49.990] [L3API][H] Bit 18 : disabled
[18:08:49.996] [L3API][H] Bit 13 : disabled
[18:08:50.000] [L3API][H] Bit 18 : disabled
[18:08:50.004] [L3API][H]  SetFgi: 1E9805FE 00000000 0000C1FF / 1E9805FE 00000000 0000C1FF
[18:08:50.012] [L3API][H]  SetFgi: FDD/TDD configured
[18:08:50.017] [L3API][H] Bit 13 : disabled
[18:08:50.021] [L3API][H] Bit 18 : disabled
[18:08:50.025] [L3API][H]  Set FGI Common (1E9805FE 00000000 0000C1FF)
[18:08:50.033] [L3API][H]  Set FGI FDD only (00000000 00000000 00000000)
[18:08:50.041] [L3API][H]  Set FGI TDD only (00000000 00000000 00000000)
[18:08:50.049] [L3API][H] 	[Y]Set interRAT_BandList(0) in BCL(31)
[18:08:50.056] [NAS_INSIG] CACHE|NAS_PROTOCOL_CONFIG_WRITE_REQ(3)|CACHE_VALID_USIM(1)
[18:08:50.068] [NAS_CACHE] 5G NR SA: 1 5G NR NSA: 0 LTE SA: 0
[18:08:50.072] [MRM] Set UE MRDC Capability PDU - mode: 1 length: 10224
[18:08:50.077] [N3API]  mrdcCapaPdu mode:1, size:10224
[18:08:50.080] [N3API][E] mrdcCapaPdu: too big PDU size:10224
[18:08:50.086] [N3API]  mrdcCapaPdu mode:3, size:10224
[18:08:50.090] [N3API] MRDC reset: load default into DB (hasPdu:0)
[18:08:50.093] [N3API] del default MRDC Capa DB
[18:08:50.098] [N3API] MRDC update: gen BCL 128 from gMrdcSupportedBcTable[128] (sbl e:32 n:15 nrBcl:108 skipFb:0)
[18:08:50.110] [N3API] MRDC tbl[0] e:1+3 n:1+78
[18:08:50.117] [N3API] [0]tbl0-4,0  MRDC tbl[1] e:1+7 n:1+78
[18:08:50.128] [N3API] [1]tbl1-4,0  MRDC tbl[2] e:1+28 n:1+78
[18:08:50.133] [N3API] [2]tbl2-4,0  MRDC tbl[3] e:1+40 n:1+78
[18:08:50.138] [N3API] [3]tbl3-4,0  MRDC tbl[4] e:3+7 n:1+78
[18:08:50.142] [N3API] MRDC: [4]tbl4-4,0  
[18:08:50.145] [N3API] MRDC tbl[5] e:3+28 n:1+78
[18:08:50.149] [N3API] [5]tbl5-4,0  MRDC tbl[6] e:3+40 n:1+78
[18:08:50.157] [N3API] [6]tbl6-4,0  MRDC tbl[7] e:7+28 n:1+78
[18:08:50.165] [N3API] [7]tbl7-4,0  MRDC tbl[8] e:7+40 n:1+78
[18:08:50.174] [N3API] [8]tbl8-4,0  MRDC tbl[9] e:28+40 n:1+78
[18:08:50.181] [N3API] MRDC: [9]tbl9-4,0  
[18:08:50.186] [N3API] MRDC tbl[10] e:1+3+7 n:1+78
[18:08:50.191] [N3API] [10]tbl10-5,1  MRDC tbl[11] e:1+3+28 n:1+78
[18:08:50.199] [N3API] [11]tbl11-5,1  MRDC tbl[12] e:1+3+40 n:1+78
[18:08:50.211] [N3API] [12]tbl12-5,1  MRDC tbl[13] e:1+7+28 n:1+78
[18:08:50.225] [N3API] [13]tbl13-5,1  MRDC tbl[14] e:1+7+40 n:1+78
[18:08:50.235] [N3API] MRDC: [14]tbl14-5,1  
[18:08:50.241] [N3API] MRDC tbl[15] e:1+28+40 n:1+78
[18:08:50.247] [N3API] [15]tbl15-5,1  MRDC tbl[16] e:3+7+28 n:1+78
[18:08:50.253] [N3API] [16]tbl16-5,1  MRDC tbl[17] e:3+7+40 n:1+78
[18:08:50.258] [N3API] [17]tbl17-5,1  MRDC tbl[18] e:3+28+40 n:1+78
[18:08:50.264] [N3API] [18]tbl18-5,1  MRDC tbl[19] e:7+28+40 n:1+78
[18:08:50.267] [N3API] MRDC: [19]tbl19-5,1  
[18:08:50.271] [N3API] MRDC tbl[20] e:1+3 n:5+78
[18:08:50.275] [N3API] [20]tbl20-4,0  MRDC tbl[21] e:1+7 n:5+78
[18:08:50.279] [N3API] [21]tbl21-4,0  MRDC tbl[22] e:1+28 n:5+78
[18:08:50.286] [N3API] [22]tbl22-4,0  MRDC tbl[23] e:1+40 n:5+78
[18:08:50.291] [N3API] [23]tbl23-4,0  MRDC tbl[24] e:3+7 n:5+78
[18:08:50.294] [N3API] MRDC: [24]tbl24-4,0  
[18:08:50.300] [N3API] MRDC tbl[25] e:3+28 n:5+78
[18:08:50.305] [N3API] [25]tbl25-4,0  MRDC tbl[26] e:3+40 n:5+78
[18:08:50.310] [N3API] [26]tbl26-4,0  MRDC tbl[27] e:7+28 n:5+78
[18:08:50.314] [N3API] [27]tbl27-4,0  MRDC tbl[28] e:7+40 n:5+78
[18:08:50.318] [N3API] [28]tbl28-4,0  MRDC tbl[29] e:28+40 n:5+78
[18:08:50.325] [N3API] MRDC: [29]tbl29-4,0  
[18:08:50.329] [N3API] MRDC tbl[30] e:1+3+7 n:5+78
[18:08:50.332] [N3API] [30]tbl30-5,1  MRDC tbl[31] e:1+3+28 n:5+78
[18:08:50.338] [N3API] [31]tbl31-5,1  MRDC tbl[32] e:1+3+40 n:5+78
[18:08:50.342] [N3API] [32]tbl32-5,1  MRDC tbl[33] e:1+7+28 n:5+78
[18:08:50.348] [N3API] [33]tbl33-5,1  MRDC tbl[34] e:1+7+40 n:5+78
[18:08:50.357] [N3API] MRDC: [34]tbl34-5,1  
[18:08:50.361] [N3API] MRDC tbl[35] e:1+28+40 n:5+78
[18:08:50.365] [N3API] [35]tbl35-5,1  MRDC tbl[36] e:3+7+28 n:5+78
[18:08:50.371] [N3API] [36]tbl36-5,1  MRDC tbl[37] e:3+7+40 n:5+78
[18:08:50.375] [N3API] [37]tbl37-5,1  MRDC tbl[38] e:3+28+40 n:5+78
[18:08:50.383] [N3API] [38]tbl38-5,1  MRDC tbl[39] e:7+28+40 n:5+78
[18:08:50.391] [N3API] MRDC: [39]tbl39-5,1  
[18:08:50.397] [N3API] MRDC tbl[40] e:1+3 n:1+40
[18:08:50.401] [N3API] [40]tbl40-4,0  MRDC tbl[41] e:1+7 n:1+40
[18:08:50.406] [N3API] [41]tbl41-4,0  MRDC tbl[42] e:1+28 n:1+40
[18:08:50.462] [N3API] [42]tbl42-4,0  MRDC tbl[43] e:1+40 n:1+40
[18:08:50.468] [N3API] [43]tbl43-4,0  MRDC tbl[44] e:3+7 n:1+40
[18:08:50.474] [N3API] MRDC: [44]tbl44-4,0  
[18:08:50.478] [N3API] MRDC tbl[45] e:3+28 n:1+40
[18:08:50.484] [N3API] [45]tbl45-4,0  MRDC tbl[46] e:3+40 n:1+40
[18:08:50.491] [N3API] [46]tbl46-4,0  MRDC tbl[47] e:7+28 n:1+40
[18:08:50.497] [N3API] [47]tbl47-4,0  MRDC tbl[48] e:7+40 n:1+40
[18:08:50.501] [N3API] [48]tbl48-4,0  MRDC tbl[49] e:28+40 n:1+40
[18:08:50.507] [N3API] MRDC: [49]tbl49-4,0  
[18:08:50.512] [N3API] MRDC tbl[50] e:1+3+7 n:1+40
[18:08:50.516] [N3API] [50]tbl50-5,1  MRDC tbl[51] e:1+3+28 n:1+40
[18:08:50.523] [N3API] [51]tbl51-5,1  MRDC tbl[52] e:1+3+40 n:1+40
[18:08:50.526] [N3API] [52]tbl52-5,1  MRDC tbl[53] e:1+7+28 n:1+40
[18:08:50.529] [N3API] [53]tbl53-5,1  MRDC tbl[54] e:1+7+40 n:1+40
[18:08:50.532] [N3API] MRDC: [54]tbl54-5,1  
[18:08:50.537] [N3API] MRDC tbl[55] e:1+28+40 n:1+40
[18:08:50.543] [N3API] [55]tbl55-5,1  MRDC tbl[56] e:3+7+28 n:1+40
[18:08:50.549] [N3API] [56]tbl56-5,1  MRDC tbl[57] e:3+7+40 n:1+40
[18:08:50.557] [N3API] [57]tbl57-5,1  MRDC tbl[58] e:3+28+40 n:1+40
[18:08:50.563] [N3API] [58]tbl58-5,1  MRDC tbl[59] e:7+28+40 n:1+40
[18:08:50.571] [N3API] MRDC: [59]tbl59-5,1  
[18:08:50.574] [N3API] MRDC tbl[60] e:1+3 n:5+40
[18:08:50.579] [N3API] [60]tbl60-4,0  MRDC tbl[61] e:1+7 n:5+40
[18:08:50.586] [N3API] [61]tbl61-4,0  MRDC tbl[62] e:1+28 n:5+40
[18:08:50.590] [N3API] [62]tbl62-4,0  MRDC tbl[63] e:1+40 n:5+40
[18:08:50.593] [N3API] [63]tbl63-4,0  MRDC tbl[64] e:3+7 n:5+40
[18:08:50.596] [N3API] MRDC: [64]tbl64-4,0  
[18:08:50.599] [N3API] MRDC tbl[65] e:3+28 n:5+78
[18:08:50.603] [N3API] [65]tbl65-4,0  MRDC tbl[66] e:3+40 n:5+40
[18:08:50.607] [N3API] [66]tbl66-4,0  MRDC tbl[67] e:7+28 n:5+40
[18:08:50.612] [N3API] [67]tbl67-4,0  MRDC tbl[68] e:7+40 n:5+40
[18:08:50.618] [N3API] [68]tbl68-4,0  MRDC tbl[69] e:28+40 n:5+40
[18:08:50.622] [N3API] MRDC: [69]tbl69-4,0  
[18:08:50.626] [N3API] MRDC tbl[70] e:1+3+7 n:5+40
[18:08:50.629] [N3API] [70]tbl70-5,1  MRDC tbl[71] e:1+3+28 n:5+40
[18:08:50.636] [N3API] [71]tbl71-5,1  MRDC tbl[72] e:1+3+40 n:5+40
[18:08:50.643] [N3API] [72]tbl72-5,1  MRDC tbl[73] e:1+7+28 n:5+40
[18:08:50.648] [N3API] [73]tbl73-5,1  MRDC tbl[74] e:1+7+40 n:5+40
[18:08:50.652] [N3API] MRDC: [74]tbl74-5,1  
[18:08:50.657] [N3API] MRDC tbl[75] e:1+28+40 n:5+40
[18:08:50.661] [N3API] [75]tbl75-5,1  MRDC tbl[76] e:3+7+28 n:5+40
[18:08:50.665] [N3API] [76]tbl76-5,1  MRDC tbl[77] e:3+7+40 n:5+40
[18:08:50.671] [N3API] [77]tbl77-5,1  MRDC tbl[78] e:3+28+40 n:5+40
[18:08:50.677] [N3API] [78]tbl78-5,1  MRDC tbl[79] e:7+28+40 n:5+40
[18:08:50.684] [N3API] MRDC: [79]tbl79-5,1  
[18:08:50.688] [N3API] MRDC tbl[80] e:1+3 n:78
[18:08:50.693] [N3API] [80]tbl80-3,2  MRDC tbl[81] e:1+7 n:78
[18:08:50.699] [N3API] [81]tbl81-3,2  MRDC tbl[82] e:1+28 n:78
[18:08:50.704] [N3API] [82]tbl82-3,2  MRDC tbl[83] e:1+40 n:78
[18:08:50.710] [N3API] [83]tbl83-3,2  MRDC tbl[84] e:3+7 n:78
[18:08:50.715] [N3API] MRDC: [84]tbl84-3,2  
[18:08:50.719] [N3API] MRDC tbl[85] e:3+28 n:78
[18:08:50.723] [N3API] [85]tbl85-3,2  MRDC tbl[86] e:3+40 n:78
[18:08:50.726] [N3API] [86]tbl86-3,2  MRDC tbl[87] e:7+28 n:78
[18:08:50.729] [N3API] [87]tbl87-3,2  MRDC tbl[88] e:7+40 n:78
[18:08:50.736] [N3API] [88]tbl88-3,2  MRDC tbl[89] e:28+40 n:78
[18:08:50.741] [N3API] MRDC: [89]tbl89-3,2  
[18:08:50.746] [N3API] MRDC tbl[90] e:1+3+7 n:78
[18:08:50.751] [N3API] [90]tbl90-4,3  MRDC tbl[91] e:1+3+28 n:78
[18:08:50.756] [N3API] [91]tbl91-4,3  MRDC tbl[92] e:1+3+40 n:78
[18:08:50.763] [N3API] [92]tbl92-4,3  MRDC tbl[93] e:1+7+28 n:78
[18:08:50.768] [N3API] [93]tbl93-4,3  MRDC tbl[94] e:1+7+40 n:78
[18:08:50.773] [N3API] MRDC: [94]tbl94-4,3  
[18:08:50.777] [N3API] MRDC tbl[95] e:1+28+40 n:78
[18:08:50.782] [N3API] [95]tbl95-4,3  MRDC tbl[96] e:3+7+28 n:78
[18:08:50.788] [N3API] [96]tbl96-4,3  MRDC tbl[97] e:3+7+40 n:78
[18:08:50.791] [N3API] [97]tbl97-4,3  MRDC tbl[98] e:3+28+40 n:78
[18:08:50.796] [N3API] [98]tbl98-4,3  MRDC tbl[99] e:7+28+40 n:78
[18:08:50.803] [N3API] MRDC: [99]tbl99-4,3  
[18:08:50.807] [N3API] MRDC tbl[100] e:1+3+7+28 n:78
[18:08:50.811] [N3API] [100]tbl100-5,4  MRDC tbl[101] e:1+3+7+40 n:78
[18:08:50.814] [N3API] [101]tbl101-5,4  MRDC tbl[102] e:1+7+28+40 n:78
[18:08:50.823] [N3API] [102]tbl102-5,4  MRDC tbl[103] e:3+7+28+40 n:78
[18:08:50.829] [N3API] [103]tbl103-5,4  MRDC tbl[104] e:1+3 n:40
[18:08:50.837] [N3API] MRDC: [104]tbl104-3,2  
[18:08:50.841] [N3API] MRDC tbl[105] e:1+7 n:40
[18:08:50.845] [N3API] [105]tbl105-3,2  MRDC tbl[106] e:1+28 n:40
[18:08:50.849] [N3API] [106]tbl106-3,2  MRDC tbl[107] e:1+40 n:40
[18:08:50.852] [N3API] [107]tbl107-3,2  MRDC tbl[108] e:3+7 n:40
[18:08:50.857] [N3API] [108]tbl108-3,2  MRDC tbl[109] e:3+28 n:40
[18:08:50.864] [N3API] MRDC: [109]tbl109-3,2  
[18:08:50.869] [N3API] MRDC tbl[110] e:3+40 n:40
[18:08:50.873] [N3API] [110]tbl110-3,2  MRDC tbl[111] e:7+28 n:40
[18:08:50.877] [N3API] [111]tbl111-3,2  MRDC tbl[112] e:7+40 n:40
[18:08:50.883] [N3API] [112]tbl112-3,2  MRDC tbl[113] e:28+40 n:40
[18:08:50.890] [N3API] [113]tbl113-3,2  MRDC tbl[114] e:1+3+7 n:40
[18:08:50.895] [N3API] MRDC: [114]tbl114-4,3  
[18:08:50.899] [N3API] MRDC tbl[115] e:1+3+28 n:40
[18:08:50.904] [N3API] [115]tbl115-4,3  MRDC tbl[116] e:1+3+40 n:40
[18:08:50.911] [N3API] [116]tbl116-4,3  MRDC tbl[117] e:1+7+28 n:40
[18:08:50.916] [N3API] [117]tbl117-4,3  MRDC tbl[118] e:1+7+40 n:40
[18:08:50.921] [N3API] [118]tbl118-4,3  MRDC tbl[119] e:1+28+40 n:40
[18:08:50.924] [N3API] MRDC: [119]tbl119-4,3  
[18:08:50.928] [N3API] MRDC tbl[120] e:3+7+28 n:40
[18:08:50.931] [N3API] [120]tbl120-4,3  MRDC tbl[121] e:3+7+40 n:40
[18:08:50.934] [N3API] [121]tbl121-4,3  MRDC tbl[122] e:3+28+40 n:40
[18:08:50.941] [N3API] [122]tbl122-4,3  MRDC tbl[123] e:7+28+40 n:40
[18:08:50.948] [N3API] [123]tbl123-4,3  MRDC tbl[124] e:1+3+7+28 n:40
[18:08:50.954] [N3API] MRDC: [124]tbl124-5,4  
[18:08:50.957] [N3API] MRDC tbl[125] e:1+3+7+40 n:40
[18:08:50.960] [N3APVLAN: all hmac cleared
[18:08:50.963] Ibr0: port 1(usb0) entered blocking state
[18:08:50.967] br0: port 1(usb0) entered forwarding state
[18:08:50.970] ] [125]tbl125-5,4  MRDC tbl[126] e:1+7+28+40 n:40
[18:08:50.974] [N3API] [126]tbl126-5,4  MRDC tbl[127] e:3+7+28+40 n:40
[18:08:50.978] [N3API] MRDC: [127]tbl127-5,4  
[18:08:50.981] [N3API] MRDC BCL:128, FSCL:5
[18:08:50.984] [ASN]  [OSS DB] enc PDU sz: 1873
[18:08:50.988] [OTA DB] 29:MRDC [1873]
[18:08:50.992] [N3API] MRDC update: reset UE capability DB
[18:08:50.998] 89 80 70 ....
[18:08:51.002] mrd: cm_set_NRUERadioCapaReq()
[18:08:51.005] mrd: get_load_capa_pdu_uper_file(0) - isFirstChunk=1
[18:08:51.008] mrd: read_rrc_capa_pdu_chunk(/var/nr/param/capa/UE_NR_Capability.uper) - (0~1686)/fileSize(1686)
[18:08:51.014] E1 A2 30 00 47 46 5A 03 1F 8D 83 85 20 00 16 09 ....
[18:08:51.018] mrd: cm_set_NRUERadioCapaReq()
[18:08:51.022] mrd: get_load_capa_pdu_uper_file(2) - isFirstChunk=1
[18:08:51.025] mrd: read_rrc_capa_pdu_chunk(/var/nr/param/capa/UE_EUTRA_Capability.uper) - (0~1853)/fileSize(1853)
[18:08:51.032] [MRM] Set UE MRDC Capability PDU - mode: 2 length: 1910
[18:08:51.036] [N3API]  mrdcCapaPdu mode:2, size:1910
[18:08:51.040] E0 19 80 57 00 10 30 81 43 07 12 44 91 33 26 CF ....
[18:08:51.043] mrd: cm_set_LTEUERadioCapaReq()
[18:08:51.047] [MRM] Set UE NR Capability PDU - mode: 1 length: 1686
[18:08:51.051] [N3API]  ueCapaPdu mode:1, size:1686
[18:08:51.055] [N3API]  ueCapaPdu mode:3, size:1686
[18:08:51.058] [N3API] [CAPA-MEM][op-pre] pInfo=856c9dd8 SBL(own=0 alloc=00000000) BCL.trk=0 FS.trk=0
[18:08:51.063] [N3API]   SBL.val=85795858 cnt=15 BCL.main=857ab578 cnt=108 ABLF(dec=0/00000000/0 own=0/00000000)
[18:08:51.072] [N3API]   FS outer: decode-graph (B), trk=0
[18:08:51.076] [N3API] [CAPA-MEM][pre-ASNFreePdu] pInfo=856c9dd8 SBL(own=0 alloc=00000000) BCL.trk=0 FS.trk=0
[18:08:51.082] [N3API]   SBL.val=85795858 cnt=15 BCL.main=857ab578 cnt=108 ABLF(dec=0/00000000/0 own=0/00000000)
[18:08:51.090] [N3API]   FS outer: decode-graph (B), trk=0
[18:08:51.093] [N3API] L3_NR_FREE_BCL: supportedBandCombinationList, num: 108
[18:08:51.098] [N3API] BCL: free dec 857ab578 (detach untrk)
[18:08:51.101] [N3API] L3_NR_FREE_BCL: supportedBandCombinationList_v1540, num: 108
[18:08:51.108] [N3API] BCL: free dec 857b3358 (detach untrk)
[18:08:51.111] [N3API] L3_NR_FREE_BCL: supportedBandCombinationList_v1610, num: 108
[18:08:51.117] [N3API] BCL: free dec 85815258 (detach untrk)
[18:08:51.124] [N3API] [CAPA-MEM][post-ASNFreePdu] pInfo=856c9dd8 SBL(own=0 alloc=00000000) BCL.trk=0 FS.trk=0
[18:08:51.131] [N3API]   SBL.val=85795858 cnt=15 BCL.main=00000000 cnt=0 ABLF(dec=0/00000000/0 own=0/00000000)
[18:08:51.138] [N3API]   FS outer: decode-graph (B), trk=0
[18:08:51.142] [N3API] [CAPA-MEM][cfg-cache] reset: empty
[18:08:51.146] [OTA RX:10240] 31:NRCAPA [1686]->
[18:08:51.150] E1A23000 47465A03 1F8D8385 20001609 31700018 3F0B804D DFF04088 20402E89
[18:08:51.156] 000A00B0 1F4C4C00 90000010 88006AD0 60003003 D038F21C F8000105 FFC7F1FC
[18:08:51.161] 7FF1FC7F 0708100E DD000100 010001D0 00100010 00000140 A6260148 00000844
[18:08:51.167] 00356830 001801E8 1C790E7C 000082FF E3F8FE3F F8FE3F83 8408076E C000C000
[18:08:51.173] C000EC00 0C000C00 0000A053 13012400 00042200 1AB41800 0C00F40E 3C873E00
[18:08:51.178] 00416F81 E06F01C0 1C004005 0298980D 20000021 1000D5A0 C0006007 A071E439
[18:08:51.184] F000020B FF8FE3F8 FFE3F8FE 0E10201D B9000100 01000390 00100010 00000281
[18:08:51.189] 4C4C0790 00001088 006AD060 003003D0 38F21CF8 000105BC 0701BC07 00708100
[18:08:51.194] 79C80008 00080000 140A6260 6C800000 84400356 83000180 1E81C790 E7C00008
[18:08:51.198] 2D80200D 80200380 0800A053 1304E400 00042200 1AB41800 0C00F40E 3C873E00
[18:08:51.206] 00416F01 C06F01C0 1C004005 02989833 20000021 1000D5A0 C0006007 A071E439
[18:08:51.215] F000020B 7E0F8378 0E00E002 002814C4 C1B90000 01088006 AD060003 003D038F
[18:08:51.224] 21CF8000 105BF07C 1BF07C07 00100140 A63612C8 00000844 00356830 001801E8
[18:08:51.234] 1C790E7C 000082BF F0FC3F0F FC3F0FC0 E0020028 14C6C279 00000108 8006AD06
[18:08:51.246] 0003003D 038F21CF 80001057 FF1FF7FD FFC7FDFF 1C20402B 39000900 03900090
[18:08:51.254] 00000503 98D85021 20000021 1000D5A0 C0006007 A071E439 F000020A FFE3FEFF
[18:08:51.261] BFF8FFBF E3850807 6EC001C0 01C000EC 001C001C 00000200 04000000 A0130212
[18:08:51.270] A0000000 88006AD0 60003003 D038F21C F8000105 FFC7F1FC E6362640 48000008
[18:08:51.278] 44003568 30001801 E81C790E 7C000082 BBF8FFBF EEFE3FEF F8E14201 59C00040
[18:08:51.285] 001C0004 00000080 01000000 2814C6C4 D9000001 088006AD 06000300 3D038F21
[18:08:51.291] CF800010 577F1FF7 FDDFC7FD FF1C2840 2B380008 00038000 80000010 00200000
[18:08:51.300] 05029888 A7200000 211000D5 A0C00060 07A071E4 39F00002 0BFF8FE3 F8380080
[18:08:51.306] 0A010801 C0000000 00070080 0000001C 04000002 00701800 000001C0 70000040
[18:08:51.311] 07034000 01801C13 00000800 70640000 1001C1B0 0000A107 09400003 001C2700
[18:08:51.318] 000E1070 9C000040 41C28000 01010713 00000404 1C4D0000 1000F134 0028A600
[18:08:51.324] 09007800 001C0400 001400F0 0000384E 00002C01 E0000071 34000058 03C04000
[18:08:51.331] E1380000 C0078080 01C4D000 01801700 00038080 01827000 6805C000 00C0201C
[18:08:51.336] 2700001C 0160000E 02000709 C0000780 5C00000E 02000613 4001A017 00000300
[18:08:51.346] 80713400 00700580 00380800 1C4D0000 1E017000 00384E00 184D0008 005C0000
[18:08:51.352] 0C1381C4 D0000220 160000E1 38007134 00009005 C04000E1 38006134 00260170
[18:08:51.358] 1000304E 07134000 0A005804 0384E001 C4D00002 A3A40017 44200000 00000000
[18:08:51.364] 00000023 011808C0 46023011 82008020 08020080 40040040 04004004 00400400
[18:08:51.372] 40040040 04000FC2 10000000 00000000 00000010 20400000 00000000 00000000
[18:08:51.379] 00000000 00007EFF FFFC4600 07000503 82803818 04200C03 C0F00000 00000000
[18:08:51.384] 00040000 00040000 00030000 00020000 00014000 0000C000 00007000 00004000
[18:08:51.394] 00002400 00001400 00000B00 00000600 00000340 000001C0 000000F0 3D93B583
[18:08:51.400] B5A3B592 35823592 B582B590 B580B591 B581B593 358335A3 359535A5 34100000
[18:08:51.406] 00000000 10000008 00000300 00010000 00500000 18000007 00000200 00009000
[18:08:51.463] 00280000 0B000003 000000D0 00003800 000F0000 04010127 820F051E 091C1038
[18:08:51.472] 24304060 9341068A 4D5141AA 2A35412A 829514AA A283D454 AA80A801 40080180
[18:08:51.480] 20050060 0C006010 02402805 00180600 900E0140 06020034 04807001 80A00901
[18:08:51.488] 60140060 30044068 0900280C 01501A02 E0380600 140780D8 02005020 03800A03
[18:08:51.499] C07C0101 08100221 0501E03E 00808408 01105000 00600001 40000308 28010030
[18:08:51.509] 0400A00C 01818040 0900A014 20A00400 C0100280 30060A03 C06C0100 281001C1
[18:08:51.520] 03008012 01402828 0F01B004 00A04007 08140080 18020050 0600C0C0 20048050
[18:08:51.528] 0A0A03C0 04010008 10000205 00200600 80140180 30300800 20140002 80F01B00
[18:08:51.538] 400A0400 70814008 00802001 0060000C 02004805 00A0A03C 06C01002 81001C20
[18:08:51.547] 50020060 08014018 03050020 06008014 01803050 1E002008 00408000 10280100
[18:08:51.557] 300400A0 0C018280 F0010040 02040000 28010030 0400A00C 01881400 80080200
[18:08:51.562] 10060001 40780D80 20050200 38140080 18020050 0600C406 01002402 80505002
[18:08:51.567] 00600801 40180305 01E00200 80040800 01018040 0900A014 14078008 02001020
[18:08:51.574] 00014008 01802005 00600C40 60100040 28000501 E0360080 140800E0 50020060
[18:08:51.580] 08014018 031AA030 401032F6 70000000 014A2000 0420
[18:08:51.585] [N3API] init_BCL param - 33
[18:08:51.588] [N3API] RF bit_mask : a2 00 00 00 00
[18:08:51.593] [N3API] [CAPA-MEM][post-decode] pInfo=00000000 SBL(own=0 alloc=00000000) BCL.trk=0 FS.trk=0
[18:08:51.603] [N3API] nr pdu filter hw=26 sbl 16->14 bcl 33->32
[18:08:51.609] [N3API] [CAPA-MEM][DB-set] pInfo=856c9dd8 SBL(own=0 alloc=00000000) BCL.trk=0 FS.trk=0
[18:08:51.618] [N3API]   SBL.val=85599458 cnt=14 BCL.main=85594428 cnt=32 ABLF(dec=0/00000000/0 own=0/00000000)
[18:08:51.630] [N3API]   FS outer: decode-graph (B), trk=0
[18:08:51.637] [L3API][H] Enable UL MIMO
[18:08:51.641] [L3API][H] TDD UL MIMO
[18:08:51.644] [L3API][H] Disable CA
[18:08:51.648] [L3API][H] Bit 13 : disabled
[18:08:51.652] [L3API][H] Bit 18 : disabled
[18:08:51.655] [L3API][H] Bit 13 : disabled
[18:08:51.660] [L3API][H] Bit 18 : disabled
[18:08:51.664] [L3API][H]  SetFgi: 1E9805FE 00000000 0000C1FF / 1E9805FE 00000000 0000C1FF
[18:08:51.670] [L3API][H]  SetFgi: FDD/TDD configured
[18:08:51.674] [L3API][H] Bit 13 : disabled
[18:08:51.678] [L3API][H] Bit 18 : disabled
[18:08:51.681] [L3API][H]  Set FGI Common (1E9805FE 00000000 0000C1FF)
[18:08:51.685] [L3API][H]  Set FGI FDD only (00000000 00000000 00000000)
[18:08:51.690] [L3API][H]  Set FGI TDD only (00000000 00000000 00000000)
[18:08:51.693] [L3API][H] 	[Y]Set interRAT_BandList(0) in BCL(31)
[18:08:51.698] [N3API]  EUTRA band[32]:
[18:08:51.702] [N3API] 	 B1 B2 B3 B4 B5 B6 B7 B8 B10 B12 B13 B14 B17 B18 B19 B20
[18:08:51.707] [N3API] 	 B25 B26 B28 B29 B30 B34 B38 B39 B40 B41 B42 B43 B48 B52 B66 B71
[18:08:51.712] [N3API] 
[18:08:51.715] Set bit-mask: 856CB4E4(000000E0) - 0 00000010
[18:08:51.719] [N3API] [MPR][PC] band:n38 pc:1 v1610:0 isPc1dot5:0 mpr_present:0 mpr_val:0x00
[18:08:51.728] [N3API] [MPR][PC] done band:n38 mpr_present:0 mp
[18:08:51.732] r_val:0x00
[18:08:51.735] [N3API] [MPR][PC] band:n40 pc:1 v1610:0 isPc1dot5:0 mpr_present:0 mpr_val:0x00
[18:08:51.741] [N3API] [MPR][PC] done band:n40 mpr_present:0 mpr_val:0x00
[18:08:51.747] [N3API] [MPR][PC] band:n41 pc:1 v1610:1 isPc1dot5:1 mpr_present:1 mpr_val:0x10
[18:08:51.752] [N3API] [MPR][PC] set n41 modifiedMPR_Behaviour=0x10
[18:08:51.756] [N3API] [MPR][PC] done band:n41 mpr_present:1 mpr_val:0x10
[18:08:51.760] [N3API] [MPR][PC] band:n77 pc:1 v1610:1 isPc1dot5:1 mpr_present:1 mpr_val:0x80
[18:08:51.770] [N3API] [MPR][PC] set n77 modifiedMPR_Behaviour=0x80
[18:08:51.774] [N3API] [MPR][PC] done band:n77 mpr_present:1 mpr_val:0x80
[18:08:51.779] [N3API] [MPR][PC] band:n78 pc:1 v1610:1 isPc1dot5:1 mpr_present:0 mpr_val:0x00
[18:08:51.789] [N3API] [MPR][PC] set n78 modifiedMPR_Behaviour=0x80
[18:08:51.792] [N3API] [MPR][PC] done band:n78 mpr_present:1 mpr_val:0x80
[18:08:51.797] [N3API] === reset UE Capa PDU
[18:08:51.800] [N3API] [CAPA-MEM][reset-done] pInfo=856c9dd8 SBL(own=0 alloc=00000000) BCL.trk=0 FS.trk=0
[18:08:51.807] [N3API]   SBL.val=85599458 cnt=14 BCL.main=85594428 cnt=32 ABLF(dec=0/00000000/0 own=0/00000000)
[18:08:51.812] [N3API]   FS outer: decode-graph (B), trk=0
[18:08:51.816] [N3API] [CAPA-MEM][op-post] pInfo=856c9dd8 SBL(own=0 alloc=00000000) BCL.trk=0 FS.trk=0
[18:08:51.821] [N3API]   SBL.val=85599458 cnt=14 BCL.main=85594428 cnt=32 ABLF(dec=0/00000000/0 own=0/00000000)
[18:08:51.828] [N3API]   FS outer: decode-graph (B), trk=0
[18:08:51.835] [MRM] Set UE EUTRA Capability PDU - mode: 1 length: 1853
[18:08:51.840] [L3API][H]  eutraCapaPdu mode:1, size:1853
[18:08:51.845] [L3API][H]  eutraCapaPdu mode:3, size:1853
[18:08:51.851] [L3API][H] eutra reset: hasPdu:1 RunSrc=CFG
[18:08:51.856] [OTA RX][0] 30:UECAPA [1853]->
[18:08:51.860] E0198057 00103081 43071244 913326CF A54EA14A A5EFDFBF 7E5EBFFF FFF83D7F
[18:08:51.864] FFFFF07A FFFFFFE0 F5FFFFFF C1EBFFFF FF83D7FF FFFF07AF FFFFFE0F 5FFFFFFC
[18:08:51.868] 1EBFFFFF F83D7FFF FFF07AFF FFFFE0F5 FFFFFFC1 EBFFFFFF 83D7FFFF FF07AFFF
[18:08:51.874] FFFE0F5F FFFFFC1E BFFFFFF8 3D7FFFFF F07AFFFF FFE0F5FF FFFFC1EB FFFFFF83
[18:08:51.879] D7FFFFFF 07AFFFFF FE0F5FFF FFFC1FF8 3FE26800 E6DE039E 40000000 1FEB8000
[18:08:51.883] 04060D0A 8597F000 00005F78 01801801 80180180 18018018 01801801 80180180
[18:08:51.889] 18018018 01801801 80180180 18018018 018210C0 0C108600 60843003 04218018
[18:08:51.894] 210C00C1 08600608 43003042 18018210 C00C1086 00608430 03042180 18210C00
[18:08:51.899] C1086006 08430030 42180182 10C00C10 86006084 30030421 8018210C 00C10860
[18:08:51.904] 06084300 30421801 8210C00C 10860060 84300304 21801821 0C00C108 60060843
[18:08:51.910] 00304218 018210C0 0C108600 60843003 04218018 210C00C1 08600608 43003042
[18:08:51.916] 18018210 C00C1086 00608430 03042180 18210C00 C1086006 08430030 4212D3E2
[18:08:51.921] 82EE0600 00208184 00082061 80020818 80008206 28002081 8C000820 63800208
[18:08:51.932] 19200082 06880020 81A40008 20698002 081B2000 8206D800 2081BE00 08207280
[18:08:51.941] 02081CE0 00820740 002081D2 00082075 0002081D E0008207 F8002081 FE000820
[18:08:51.950] 7F800208 1FE00082 06000024 83800008 2801040C 20004907 08001050 82081860
[18:08:51.956] 00920E18 0020A184 10310001 141C4000 41440820 62800248 38A00082 8A1040C6
[18:08:51.965] 00049071 80010518 20818E00 08A0E380 020A3841 03240012 41C90004 14908206
[18:08:51.970] 88002483 A200082A 21040D20 00490748 00105482 081A6000 920E9800 20A98410
[18:08:51.977] 36400124 1D900041 5908206D 8002483B 600082B6 1040DF00 049077C0 01057C20
[18:08:51.985] 81CA0009 20F28002 0B284103 9C001241 E7000416 70820740 002483D0 00082D01
[18:08:51.992] 040E9000 4907A400 105A4208 1D400092 0F500020 B504103B C001241E F000416F
[18:08:51.998] 08207F80 02483FE0 0082FE10 40FF0004 907FC001 05FC2081 FE000920 FF80020B
[18:08:52.005] F84103FC 001241FF 000417F0 82060008 24838000 08380000 82061008 24838400
[18:08:52.014] 08384000 82061808 24838600 08386000 82062004 22838800 08388000 82062808
[18:08:52.023] 24838A00 0838A000 82063008 24838C00 0838C000 82063804 22838E00 0838E000
[18:08:52.031] 82064808 24839200 08392000 82068808 2483A200 083A2000 82069008 2483A400
[18:08:52.036] 083A4000 82069808 2483A600 083A6000 8206C808 2483B200 083B2000 8206D808
[18:08:52.042] 2483B600 083B6000 8206F808 2483BE00 083BE000 82072808 2483CA00 083CA000
[18:08:52.046] 82073808 2483CE00 083CE000 82074008 2483D000 083D0000 82074808 2483D200
[18:08:52.051] 083D2000 82075008 2483D400 083D4000 82077808 2483DE00 083DE000 8207F808
[18:08:52.056] 2483FE00 083FE000 8207F808 2483FE00 083FE000 8207F808 2483FE00 083FE000
[18:08:52.061] 8207F808 2483FE00 083FE000 83DEBFFF FFF8397F FFFFF2FF FFFFE5FF FFFFCBFF
[18:08:52.066] FFFF97FF FFFF2FFF FFFE5FFF FFFCBFFF FFF97FFF FFF2FFFF FFE5FFFF FFCBFFFF
[18:08:52.071] FF97FFFF FF2FFFFF FE5FFFFF FCBFFFFF F97FFFFF F2FFFFFF E5FFFFFF CBFFFFFF
[18:08:52.077] 97FFFFFF 2FFFFFFE 5FFFFFFC BFFFFFF9 7FFFFFF2 FFFFFFE5 FFFFFFCB FFFFFF97
[18:08:52.081] FFFFFF2F FFFFFE5F FFFFFCBF FFFFF97F FFFFF2FF FFFFE5FF FFFFCBFF FFFF97FF
[18:08:52.085] FFFF2FFF FFFE5FFF FFFCBFFF FFF97FFF FFF2FFFF FFE5FFFF FFCBFFFF FF97FFFF
[18:08:52.091] FF2FFFFF FE5FFFFF FCBFFFFF F97FFFFF F2FFFFFF E5FFFFFF CBFFFFFF 97FFFFFF
[18:08:52.095] 2FFFFFFE 5FFFFFFC BFFFFFF9 7FFFFFF2 FFFFFFE5 FFFFFFCB FFFFFF97 FFFFFF2F
[18:08:52.105] FFFFFE5F FFFFFCBF FFFFF97F FFFFF2FF FFFFE5FF FFFFCBFF FFFF97FF FFFF2FFF
[18:08:52.113] FFFE5FFF FFFCBFFF FFF97FFF FFF2FFFF FFE5FFFF FFCBFFFF FF97FFFF FF2FFFFF
[18:08:52.117] FE5FFFFF FCBFFFFF F97FFFFF F2FFFFFF E5FFFFFF CBFFFFFF 97FFFFFF 2FFFFFFE
[18:08:52.124] 5FFFFFFC BFFFFFF9 7FFFFFF2 FFFFFFE5 FFFFFFCB FFFFFF97 FFFFFF2F FFFFFE5F
[18:08:52.128] FFFFFCBF FFFFF97F FFFFF2FF FFFFE5FF FFFFCBFF FFFF97FF FFFF2FFF FFFE5FFF
[18:08:52.133] FFFCBFFF FFF97FFF FFF2FFFF FFE5FFFF FFCBFFFF FF97FFFF FF2FFFFF FE5FFFFF
[18:08:52.139] FCBFFFFF F97FFFFF F2FFFFFF E5FFFFFF CBFFFFFF 97FFFFFF 2FFFFFFE 5FFFFFFD
[18:08:52.144] FFC80002 D083B800 0000FF80 000001FE 00000007 F8000000 03FE0000 000FFC00
[18:08:52.153] 00000000 0FF00000 003FC000 0000FFC0 000003FC 0000000F F0000000 00003FE0
[18:08:52.163] 0000007F 80000001 FE000000 00FF8000 0003FF00 00000000 03FC0000 000FF000
[18:08:52.168] 00003FF0 000000FF 00000003 FC000000 00007EE0 00000000 00000000 00000000
[18:08:52.175] 00000000 00000000 202020C0 21402160 00800020 00080002 00008000 20000800
[18:08:52.183] 02000080 00200008 00020000 80002000 08000200 00800020 00080002 002020A0
[18:08:52.191] 28080830 28320C02 140A1485 00858285 A1600080 00200008 00020000 80002000
[18:08:52.196] 08000200 00800020 00080002 00008000 20000800 02000080 00200008 00020020
[18:08:52.205] 20A02808 08302832 0C02140A 14850085 8285A172 8401E32D 300C2FFF FFFFDFFF
[18:08:52.213] F59B9420 08E00452 40000800 00412E68 022605EF 05001040 00100008 00000C10
[18:08:52.221] 41040043 94008000 82087220 01000021 830C0113 02F41022 00004080 64
[18:08:52.229] [L3API][H] pdu filter hw sbl 24->21 bcl10 120->105 add 0->0 red 0->0
[18:08:52.236] [L3API][H]  supportedBandCombination_v10i0 free - 0x856BD7A8
[18:08:52.240] [L3API][H]  supportedBandCombination_r10 free - 0x856AE758
[18:08:52.243] [L3API][H] eutra RunSrc:CFG->PDU
[18:08:52.247] [L3API][H] eutra reset: skip cfg overlay (OSS_DECODE)
[18:08:52.252] [L3API][H] eutra reset: cfg ca_mode=0 (NON_CA=0)
[18:08:52.256] [L3API][H] eutra reset: NON_CA - strip CA from run DB
[18:08:52.259] [L3API][H] eutra keep Non-CA BCL (ca_mode=0) r10 105->21 add 0->0 red 0->0
[18:08:52.264] [L3API][H] eutra reset: DB from PDU (sz=1853) RunSrc=PDU (no overlay)
[18:08:52.268] DM> mrd: ca_band_combination_list()
[18:08:52.271] mrd: CA user_version : 0
[18:08:52.274] mrd: CA Band combination List file_ver:0, ucfg_user_ver:0
[18:08:52.278] mrd: /var/nr/param/capa/rrc_ca_combination_list_mode_none.bin : version match
[18:08:52.285] mrd: File(/var/nr/param/capa/rrc_ca_combination_list_working.bin) size : 330
[18:08:52.289] mrd: Create New CA Band Combination List File(/var/nr/param/capa/rrc_ca_combination_list_working.bin)
[18:08:52.295] mrd: ca disable index : 0
[18:08:52.299] mrd: Enable/Disable Enable_field among CA Band Combination List
[18:08:52.303] mrd: The Supported CA Band combination list not set.(user_ver(0)
[18:08:52.307] Modem IPC mode:
[18:08:52.310]   master_proc_idle=1
[18:08:52.313]   assert_level=3
[18:08:52.316]   sdu_prio=1
[18:08:52.319] Linux IPC mode:
[18:08:52.324]   proc_idle enabled=1(cpu=0)
[18:08:52.328]   assert_level=3(3)
[18:08:52.332]   sdu_prio=1(1)
[18:08:52.335] mrd: [mrd_db_device_info] MCC[001] MNC[012], MNC len(3), SVN(0)
[18:08:52.341] mrd: NR UICC INFORMATION INDICATION(DEV_IDX(1)
[18:08:52.344] mrd: USIM Status 1
[18:08:52.348] mrd: USIM Slot	0
[18:08:52.351] mrd: IMSI : 001012345678901
[18:08:52.354] mrd: IMEI : 123456798213141
[18:08:52.357] mrd: SV : 0
[18:08:52.361] mrd: ICCID : 89014103255041700619
[18:08:52.364] mrd: EID : 00000000000000000000000000000000
[18:08:52.367] mrautocm: [mrcm_uicc_info_ind] status from (0) to (1)
[18:08:52.372] mrd: [mrd_db_device_info] MCC[001] MNC[012], MNC len(3), SVN(0)
[18:08:52.377] mrd: NR UICC INFORMATION INDICATION(DEV_IDX(1)
[18:08:52.381] mrd: USIM Status 1
[18:08:52.384] mrd: USIM Slot	0
[18:08:52.387] mrd: IMSI : 001012345678901
[18:08:52.390] mrd: IMEI : 123456798213141
[18:08:52.393] mrd: SV : 0
[18:08:52.396] mrd: ICCID : 8901410325504170061[NV] +nv_write [mrd] NET(4) data=0x7f920c3010 offs=0xc7 size=0x1
[18:08:52.403] 9
[18:08:52.406] mrd: EID : 00000000000000000000000000000000
[18:08:52.409] mrautocm: [mrcm_uicc_info_ind] status from (0) to (1)
[18:08:52.456] mrd: DEVICE CONFIG SET RESPONSE(DEV_IDX(1) Result(0)
[18:08:52.460] mrd: [mrd_db_device_info] MCC[001] MNC[012], MNC len(3), SVN(0)
[18:08:52.465] mrd: NR UICC INFORMATION INDICATION(DEV_IDX(1)
[18:08:52.471] mrd: USIM Status 1
[18:08:52.476] mrd: USIM Slot	0
[18:08:52.480] mrd: IMSI : 001012345678901
[18:08:52.483] mrd: IMEI : 123456798213141
[18:08:52.486] mrd: SV : 0
[18:08:52.490] mrd: ICCID : 89014103255041700619
[18:08:52.494] mrd: EID : 00000000000000000000000000000000
[18:08:52.500] mrautocm: [mrcm_uicc_info_ind] status from (0) to (1)
[18:08:52.505] [NV] [LTE_NV] mrd Write Skip id=4(NET)
[18:08:52.508] [NV] -nv_write [mrd] NET(4) data=0x7f920c3010 offs=0xc7 size=0x1
[18:08:52.516] mrd: DEVICE CONFIG SET RESPONSE(DEV_IDX(1) Result(0)
[18:08:52.523] mrd: NR RRC CAPA SET RESPONSE(DEV_IDX(1))
[18:08:52.529] mrd: Result : 0
[18:08:52.532] mrd: NR RRC CAPA SET RESPONSE(DEV_IDX(1))
[18:08:52.538] mrd: Result : 0
[18:08:52.542] mrd: NR RRC CAPA SET RESPONSE(DEV_IDX(1))
[18:08:52.548] mrd: Result : 0
[18:08:52.552] mrd: LTE RRC CAPA SET RESPONSE(DEV_IDX(1))
[18:08:52.557] mrd: Result : [NV] +nv_write [mrd] NET(4) data=0x7f920c3010 offs=0xc9 size=0x1
[18:08:52.567] 0
[18:08:52.571] [NV] [LTE_NV] mrd Write Skip id=4(NET)
[18:08:52.574] [NV] -nv_write [mrd] NET(4) data=0x7f920c3010 offs=0xc9 size=0x1
[18:08:52.582] mrd: SMS STORAGE CONFIG WRITE RESPONSE
[18:08:52.587] DM> mrd: ONLINE REQUEST ret=110
[18:08:52.591] mrd: run_lte_scr nr=0
[18:08:52.595] mrd: run_cm_online_request_thread() - init_complete
[18:08:52.599] mrd: [online_request]Watchdog First start
[18:08:52.603] mrbip: LTE PS INIT Completed
[18:08:52.606] mrbip: Start
[18:08:52.610] mrautocm: MRAPI_UiccIdReadReq midType (0)
[18:08:52.613] mrautocm: [MRAPI_UiccIdReadReq]
[18:08:52.616] mrd: [SERVER] new connection request
[18:08:52.620] mrd: lted_srv_alloc_client id=4
[18:08:52.624] mrd: [SERVER] assigns client index 4 proc=mratcm(1455)
[18:08:52.627] c00: gdm_irq_set_type: cpu=0 hwirq=99 type=4
[18:08:52.631] c00: set_affinity: irq=46(UART RX) cpu=0
[18:08:52.637] c00: gdm_irq_set_type: cpu=0 hwirq=98 type=4
[18:08:52.640] c00: set_affinity: irq=47(UART TX) cpu=0
[18:08:52.644] uart port[1] fc=0 cr=0000002b
[18:08:52.647] highd open nr=1
[18:08:52.651] gif_open mratcm 1/0
[18:08:52.654] mrd: [mrd_db_device_info] MCC[001] MNC[012], MNC len(3), SVN(0)
[18:08:52.658] mrd: NR UICC INFORMATION INDICATION(DEV_IDX(1)
[18:08:52.661] mrd: USIM Status 1
[18:08:52.665] mrd: USIM Slot	0
[18:08:52.668] mrd: IMSI : 001012345678901
[18:08:52.672] mrd: IMEI : 123456798213141
[18:08:52.675] mrd: SV : 0
[18:08:52.679] mrd: ICCID : 89014103255041700619
[18:08:52.682] mrd: EID : 00000000000000000000000000000000
[18:08:52.686] mrautocm: [mrcm_uicc_info_ind] status from (0) to (1)
[18:08:52.689] mrautocm: [MRAPI_S_GET_UsimOperator]
[18:08:53.703] mrautocm: [mrcm_uicc_info_ind] USIM Operator From (E_USIM_OPER_UNKNOWN) To(E_USIM_OPER_UNKNOWN)
[18:08:53.718] shell
[18:08:54.727] $ ifconfig
[18:08:54.744] ifconfig
[18:08:54.749] br0       Link encap:Ethernet  HWaddr 00:0A:3B:FF:FF:01  
[18:08:54.754]           inet addr:192.168.0.1  Bcast:192.168.0.255  Mask:255.255.255.0
[18:08:54.759]           inet6 addr: fe80::d8fe:cfff:fedd:416d/64 Scope:Link
[18:08:54.762]           UP BROADCAST RUNNING MULTICAST  MTU:1500  Metric:1
[18:08:54.765]           RX packets:125 errors:0 dropped:0 overruns:0 frame:0
[18:08:54.771]           TX packets:56 errors:0 dropped:0 overruns:0 carrier:0
[18:08:54.778]           collisions:0 txqueuelen:1000 
[18:08:54.783]           RX bytes:18828 (18.3 KiB)  TX bytes:4729 (4.6 KiB)
[18:08:54.787] lo        Link encap:Local Loopback  
[18:08:54.791]           inet addr:127.0.0.1  Mask:255.0.0.0
[18:08:54.794]           inet6 addr: ::1/128 Scope:Host
[18:08:54.798]           UP LOOPBACK RUNNING  MTU:65536  Metric:1
[18:08:54.804]           RX packets:0 errors:0 dropped:0 overruns:0 frame:0
[18:08:54.808]           TX packets:0 errors:0 dropped:0 overruns:0 carrier:0
[18:08:54.813]           collisions:0 txqueuelen:1000 
[18:08:54.816]           RX bytes:0 (0.0 B)  TX bytes:0 (0.0 B)
[18:08:54.821] usb0      Link encap:Ethernet  HWaddr 00:0A:3B:FF:FF:01  
[18:08:54.825]           inet6 addr: fe80::20a:3bff:feff:ff01/64 Scope:Link
[18:08:54.829]           UP BROADCAST RUNNING MULTICAST  MTU:1500  Metric:1
[18:08:54.832]           RX packets:136 errors:0 dropped:2 overruns:0 frame:0
[18:08:54.837]           TX packets:51 errors:0 dropped:0 overruns:0 carrier:0
[18:08:54.844]           collisions:0 txqueuelen:1000 
[18:08:55.853]           RX bytes:23085 (22.5 KiB)  TX bytes:7092 (6.9 KiB)
[18:08:55.857] # i2c 2-0047: deferred probe pending: (reason unknown)
[18:08:57.172] $ ping 192.168.0.1
[18:08:58.188] ping 192.168.0.1
[18:08:58.193] PING 192.168.0.1 (192.168.0.1): 56 data bytes
[18:08:58.196] 64 bytes from 192.168.0.1: seq=0 ttl=64 time=0.178 ms
[18:08:59.202] 64 bytes from 192.168.0.1: seq=1 ttl=64 time=0.099 ms
[18:08:59.211] 64 bytes from 192.168.0.1: seq=2 ttl=64 time=0.083 ms
[18:09:00.206] 64 bytes from 192.168.0.1: seq=3 ttl=64 time=0.049 ms
[18:09:00.514] $ (ctrl) Ctrl+C
[18:09:01.536] ^C
[18:09:01.540] --- 192.168.0.1 ping statistics ---
[18:09:01.545] 4 packets transmitted, 4 packets received, 0% packet loss
[18:09:01.549] round-trip min/avg/max = 0.049/0.102/0.178 ms
[18:09:02.858] $ ifconfig
[18:09:02.870] ifconfig
[18:09:02.874] br0       Link encap:Ethernet  HWaddr 00:0A:3B:FF:FF:01  
[18:09:02.878]           inet addr:192.168.0.1  Bcast:192.168.0.255  Mask:255.255.255.0
[18:09:02.882]           inet6 addr: fe80::d8fe:cfff:fedd:416d/64 Scope:Link
[18:09:02.887]           UP BROADCAST RUNNING MULTICAST  MTU:1500  Metric:1
[18:09:02.893]           RX packets:169 errors:0 dropped:0 overruns:0 frame:0
[18:09:02.897]           TX packets:70 errors:0 dropped:0 overruns:0 carrier:0
[18:09:02.900]           collisions:0 txqueuelen:1000 
[18:09:02.903]           RX bytes:22300 (21.7 KiB)  TX bytes:5795 (5.6 KiB)
[18:09:02.907] lo        Link encap:Local Loopback  
[18:09:02.911]           inet addr:127.0.0.1  Mask:255.0.0.0
[18:09:02.915]           inet6 addr: ::1/128 Scope:Host
[18:09:02.918]           UP LOOPBACK RUNNING  MTU:65536  Metric:1
[18:09:02.922]           RX packets:8 errors:0 dropped:0 overruns:0 frame:0
[18:09:02.925]           TX packets:8 errors:0 dropped:0 overruns:0 carrier:0
[18:09:02.933]           collisions:0 txqueuelen:1000 
[18:09:02.936]           RX bytes:672 (672.0 B)  TX bytes:672 (672.0 B)
[18:09:02.940] usb0      Link encap:Ethernet  HWaddr 00:0A:3B:FF:FF:01  
[18:09:02.943]           inet6 addr: fe80::20a:3bff:feff:ff01/64 Scope:Link
[18:09:02.947]           UP BROADCAST RUNNING MULTICAST  MTU:1500  Metric:1
[18:09:02.950]           RX packets:182 errors:0 dropped:4 overruns:0 frame:0
[18:09:02.955]           TX packets:65 errors:0 dropped:0 overruns:0 carrier:0
[18:09:02.958]           collisions:0 txqueuelen:1000 
[18:09:03.969]           RX bytes:26645 (26.0 KiB)  TX bytes:8896 (8.6 KiB)
[18:09:05.270] $ lspci
[18:09:06.286] lspci
[18:09:07.600] $ cat /proc/interrupt
[18:09:08.613] cat /proc/interrupt
[18:09:08.617] cat: can't open '/proc/interrupt': No such file or directory
[18:09:19.477] $ (knock every 2s) 
[18:09:19.482] ROM(3a97301700)
[18:09:19.488] NCfg v=33a5 e=2 p=1 a=1
[18:09:19.493] ID: ad ac 80 16 20 
[18:09:19.497] BBT not found
[18:09:19.502] psbl 00000000 r=0 18737us
[18:09:19.509] c00 sec=0 fb=1 pll=1 lcs=0
[18:09:19.515] btmd=3 clk(50 1600 1300 100) r=0x660
[18:09:19.521] rr=0x0(POR)
[18:09:19.526] sbl r=0 s=8192,4096 r=0 518us
[18:09:19.530] sbl v=1 ea000003 4d4c4253 0000 1750 cf953058
[18:09:19.535] sbl sz=5968 csum ok 579us
[18:09:19.540] - JT j=1021000 r=696
[18:09:19.545] PBL: 2026-08-07 22:20:42 7c59084a(master)
[18:09:19.550]   Date: 2026-09-01 16:40:12
[18:09:19.555]   User: gct@CS-buildserver
[18:09:19.560]   Path: /home/gct/gct_workspace/dailybuild/repos/openwrt/builds/ast/build_dir/target-aarch64-openwrt-linux-gnu_glibc/sbl-gct-1.  Ver: 1.0.0
[18:09:19.567] btmd=3 rr=0x0(POR)
[18:09:19.574] arm=1300 sys=1600
[18:09:19.577] CMNNV hdr=01022774 act=0
[18:09:19.584]   hdr chksum	: 0x8d0007c4
[18:09:19.592]   magic		: 0xcafebabe
[18:09:19.600]   timstamp	: 0x00000032
[18:09:19.605]   data chksum	: 0xf4c70c89
[18:09:19.609]   data size	: 0x0003ffc0
[18:09:19.613] hdr[0] magic err 00000000(hdr)!=0xcafebabe
[18:09:19.618] hdr[1] magic err 00000000(hdr)!=0xcafebabe
[18:09:19.627] SBL hdr=01022b34 act=2
[18:09:19.635]   hdr chksum	: 0x7af20757
[18:09:19.644]   magic		: 0xcafebabe
[18:09:19.651]   timstamp	: 0x0000000c
[18:09:19.660]   data chksum	: 0xe75e31fb
[18:09:19.668]   data size	: 0x00096de4
[18:09:19.678] sbl image all invalid
[18:09:19.686] SBL r=0 s=114688 pre=0 vrl=0 r=0
[18:09:19.696] wdt=5s
[18:09:19.705] pbl go 01024800 r1723
[18:09:19.710] ȭN�
[18:09:19.719] peri 2x=10303 1x=10707
[18:09:19.728] grf ver=2(0x7)
[18:09:19.732] afe pwr down
[18:09:19.741] SBL: 2026-08-07 22:20:42 7c59084a(master)
[18:09:19.749]   Date: 2026-09-01 16:40:11
[18:09:19.757]   User: gct@CS-buildserver
[18:09:19.765]   Path: /home/gct/gct_workspace/dailybuild/repos/openwrt/builds/ast/build_dir/target-aarch64-openwrt-linux-gnu_glibc/sbl-gct-1.  Ver: 1.2.0
[18:09:19.770]   Pkg: 1.11.0
[18:09:19.780]   GCC: 9.3.0
[18:09:19.789] btmd=3 rr=0x0(POR)
[18:09:19.797] arm=1600(vcc=8(0.850)) sys=1600(vcc=4(0.750)) ddr=3732
[18:09:19.807] pmic(0x32): 0x23->0x20
[18:09:19.815] gate-adj: {0,0,0,0}{9,9,9,9}
[18:09:19.819] read-adj: {1,0,0,0}{9,9,9,9}
[18:09:19.828] ddr_main CFG=1 ch=1 PDDS=1
[18:09:19.831] dynamic: pcg=0 sr=0 pd=0
[18:09:19.841] ihs_ddr_init(orbit) oic=2 warm=0
[18:09:19.849] reset ddr
[18:09:19.856] ddr bus @sys=1600: 2x=266 1x=66
[18:09:19.863] CH(0), period (20000)
[18:09:19.868] CH(0), period (20000)
[18:09:19.872] CH(0), period (536)
[18:09:19.878] CH(0), period (1072)
[18:09:19.884] CH(0), period (1250)
[18:09:19.890] CH(0), period (2500)
[18:09:19.896] CH(0), period (536)
[18:09:19.901] CH(0), period (1072)
[18:09:19.907] CH(0), period (1250)
[18:09:19.913] CH(0), period (2500)
[18:09:19.919] CH(0), period (536)
[18:09:19.926] MR: [5]=01 [6]=06 [7]=00 [8]=0a 
[18:09:19.931] ddr=3730 vdd1=13(1.800) vdd2=16(1.150) vddq=4(0.650)
[18:09:19.938] mem(0x80000000) test: ok(6ms)
[18:09:19.945] IDs: ad ac 80 16 20
[18:09:19.950]   blk=256
[18:09:19.955] NCfg v=3325 e=2 p=1 a=1
[18:09:19.958] ID: ad ac 80 16 20 
[18:09:19.962] BBT not found
[18:09:19.966] ------------------------
[18:09:19.971] Selected CMNNV Header (act : 0)
[18:09:19.976] ------------------------
[18:09:19.980] hdr chksum	: 0x8d0007c4
[18:09:19.983] magic		: 0xcafebabe
[18:09:19.989] timstamp	: 0x00000032
[18:09:19.994] data chksum	: 0xf4c70c89
[18:09:19.999] data size	: 0x0003ffc0
[18:09:20.005] ------------------------
[18:09:20.010] hdr magic err(0) 0x00000000 != (0xcafebabe)
[18:09:20.015] hdr magic err(1) 0x00000000 != (0xcafebabe)
[18:09:20.021] ------------------------
[18:09:20.026] Selected TFA Header (act : 2)
[18:09:20.031] ------------------------
[18:09:20.039] hdr chksum	: 0x6cc5070e
[18:09:20.044] magic		: 0xcafebabe
[18:09:20.050] timstamp	: 0x00000006
[18:09:20.057] data chksum	: 0x4ff8db55
[18:09:20.063] data size	: 0x00e13000
[18:09:20.066] ------------------------
[18:09:20.071] hdr magic err(0) 0x00000000 != (0xcafebabe)
[18:09:20.078] hdr magic err(1) 0x00000000 != (0xcafebabe)
[18:09:20.085] ------------------------
[18:09:20.094] Selected UBOOT Header (act : 2)
[18:09:20.102] ------------------------
[18:09:20.106] hdr chksum	: 0x00000000
[18:09:20.111] magic		: 0x00000000
[18:09:20.118] timstamp	: 0x00000000
[18:09:20.126] data chksum	: 0x00000000
[18:09:20.129] data size	: 0x00000000
[18:09:20.137] ------------------------
[18:09:20.141] tfa image all invalid
[18:09:20.150] TFA r=0 s=250191 r=0
[18:09:20.158] u-boot image all invalid
[18:09:20.165] uboot r=0 s=668624 r=0
[18:09:20.168] wdt=10s
[18:09:20.176] refx calibration result : dt,dcc 78, 43 : 0x1a4 = 0xfe03820, 0x1e8 = 0x0818060
[18:09:20.182] refx cal elapsed=305ms
[18:09:20.188] sbl go 80100000 r3ef4
[18:09:20.194] TF-A: 2026-08-29 00:00:10 bbef1a49(master)
[18:09:20.200]   Date: 2026/09/01-16:42:50
[18:09:20.208]   User: gct@CS-buildserver
[18:09:20.214]   Path: /home/gct/gct_workspace/dailybuild/repos/openwrt/builds/ast/build_dir/target-aarch64-openwrt-linux-gnu_glibc/uboot-gct-1.11.0/arm-trusted-firmware
[18:09:20.227]   Ver: 1.0.0
[18:09:20.237]   Pkg: 1.11.0
[18:09:20.249]   GCC: 13.3.0
[18:09:20.256]   Log-Level: 30
[18:09:20.266] EXC-V=8013c000
[18:09:20.277] TZCLK/TSG=1
[18:09:20.287] BL33 pc=0x80200800 spsr=0x3c9
[18:09:20.297] U-Boot 2021.07-gbbef1a49 (Oct 19 2025 - 16:37:45 +0000)
[18:09:20.309] U-Boot: 2026-08-29 00:00:10 bbef1a49(master) dual_sbl
[18:09:20.323]   Date: 2026-09-01 16:42:08
[18:09:20.332]   User: gct@CS-buildserver
[18:09:20.343]   Path: /home/gct/gct_workspace/dailybuild/repos/openwrt/builds/ast/build_dir/target-aarch64-openwrt-linux-gnu_glibc/uboot-gct-1.11.0
[18:09:20.355]   Ver: 1.2.0
[18:09:20.366]   Pkg: 1.11.0
[18:09:20.378]   GCC: 13.3.0
[18:09:20.384] DRAM:  512 MiB
[18:09:20.395] mem_malloc_init: start=0x9eff0000 sz=0x1010000
[18:09:20.405] copy text/data(0x01020800, 0x802a3b00, 208)
[18:09:20.453] set bss(0x010208d0 0)
[18:09:20.465] board init
[18:09:20.475] ETH_EN(GPF1[44]): 1(dflt)->0(set-low)->10ms->1(set-high)
[18:09:20.486] ETH_EN(GPE[11]): 1(dflt)->0(set-low)->10ms->1(set-high)
[18:09:20.496] ECID: S0=0x00000000 S1=0x00000000 S2=0x00000000
[18:09:20.506] copy from 0x802009d8 to 0x1030000 sz=0
[18:09:20.515] Device nand0 not found!
[18:09:20.528] mtdparts_init fail
[18:09:20.540] adjusted cmpu_par addr: 0x802a3bd0 -> 0x802a3be0
[18:09:20.551] NO CMPU magic(0x802a3be0: 0x33353135)
[18:09:20.559] PMIC DCDC off in sleep: 2 3 4 5 6 8
[18:09:20.564] NAND:  N-Cfg val=33a5 ecc=2 page=1 addr=1
[18:09:20.570]   chip=512MB
[18:09:20.576]   block=256KB
[18:09:20.583]   addr=5cyc
[18:09:20.589]   page=4KB
[18:09:20.595]   spare=256B
[18:09:20.601]   ecc=4bit
[18:09:20.609] Loading Environment from NAND(3)... OK
[18:09:20.615] In:    serial
[18:09:20.621] Out:   serial
[18:09:20.624] Err:   serial
[18:09:20.631] dtb: fixed pmic(revC)
[18:09:20.636] dtb: dis mmc
[18:09:20.640] Hit any key to stop autoboot:  1  0 
[18:09:20.645] do_run_modem: runmodem=0
[18:09:20.649] [CMNNV] map(0x00000000 0x00100000)
[18:09:20.654] [CMNNV] using block idx=0 addr=0x0 ts=0x32
[18:09:20.658] ************************
[18:09:20.662] CMNNV Header (act=0)
[18:09:20.666] ************************
[18:09:20.672] ------------------------
[18:09:20.676] hdr chksum  : 0x8d0007c4
[18:09:20.680] magic       : 0xcafebabe
[18:09:20.684] timstamp    : 0x00000032
[18:09:20.689] data chksum : 0xf4c70c89
[18:09:20.693] data size   : 0x0003ffc0
[18:09:20.697] ------------------------
[18:09:20.701] ************************
[18:09:20.706] SBL Header (act=2)
[18:09:20.710] ************************
[18:09:20.714] ------------------------
[18:09:20.718] hdr chksum  : 0x00000000
[18:09:20.723] magic       : 0x00000000
[18:09:20.727] timstamp    : 0x00000000
[18:09:20.730] data chksum : 0x00000000
[18:09:20.734] data size   : 0x00000000
[18:09:20.739] ------------------------
[18:09:20.743] ------------------------
[18:09:20.747] hdr chksum  : 0x00000000
[18:09:20.751] magic       : 0x00000000
[18:09:20.756] timstamp    : 0x00000000
[18:09:20.759] data chksum : 0x00000000
[18:09:20.763] data size   : 0x00000000
[18:09:20.768] ------------------------
[18:09:20.771] ************************
[18:09:20.776] TFA Header (act=2)
[18:09:20.779] ************************
[18:09:20.784] ------------------------
[18:09:20.788] hdr chksum  : 0x00000000
[18:09:20.791] magic       : 0x00000000
[18:09:20.795] timstamp    : 0x00000000
[18:09:20.799] data chksum : 0x00000000
[18:09:20.803] data size   : 0x00000000
[18:09:20.808] ------------------------
[18:09:20.813] ------------------------
[18:09:20.817] hdr chksum  : 0x00000000
[18:09:20.821] magic       : 0x00000000
[18:09:20.825] timstamp    : 0x00000000
[18:09:20.829] data chksum : 0x00000000
[18:09:20.834] data size   : 0x00000000
[18:09:20.839] ------------------------
[18:09:20.843] ************************
[18:09:20.847] U-boot Header (act=2)
[18:09:20.851] ************************
[18:09:20.856] ------------------------
[18:09:20.862] hdr chksum  : 0x00000000
[18:09:20.867] magic       : 0x00000000
[18:09:20.871] timstamp    : 0x00000000
[18:09:20.875] data chksum : 0x00000000
[18:09:20.880] data size   : 0x00000000
[18:09:20.884] ------------------------
[18:09:20.889] ------------------------
[18:09:20.894] hdr chksum  : 0x00000000
[18:09:20.898] magic       : 0x00000000
[18:09:20.902] timstamp    : 0x00000000
[18:09:20.906] data chksum : 0x00000000
[18:09:20.910] data size   : 0x00000000
[18:09:20.913] ------------------------
[18:09:20.918] ************************
[18:09:20.922] FDT Header (act=0)
[18:09:20.926] ************************
[18:09:20.929] ------------------------
[18:09:20.933] hdr chksum  : 0x5a970693
[18:09:20.936] magic       : 0xcafebabe
[18:09:20.941] timstamp    : 0x00000006
[18:09:20.944] data chksum : 0x6044e8f7
[18:09:20.948] data size   : 0x00005436
[18:09:20.952] ------------------------
[18:09:20.958] ------------------------
[18:09:20.961] hdr chksum  : 0x6a3d06ed
[18:09:20.965] magic       : 0xcafebabe
[18:09:20.969] timstamp    : 0x00000005
[18:09:20.975] data chksum : 0xfa09e6fd
[18:09:20.978] data size   : 0x0000542e
[18:09:20.982] ------------------------
[18:09:20.986] ************************
[18:09:20.989] Linux Header (act=0)
[18:09:20.993] ************************
[18:09:20.997] ------------------------
[18:09:21.000] hdr chksum  : 0x6cc5070e
[18:09:21.004] magic       : 0xcafebabe
[18:09:21.008] timstamp    : 0x00000006
[18:09:21.012] data chksum : 0x4ff8db55
[18:09:21.016] data size   : 0x00e13000
[18:09:21.019] ------------------------
[18:09:21.023] ------------------------
[18:09:21.027] hdr chksum  : 0x49350658
[18:09:21.030] magic       : 0xcafebabe
[18:09:21.033] timstamp    : 0x00000005
[18:09:21.039] data chksum : 0xf1632701
[18:09:21.042] data size   : 0x00e77000
[18:09:21.046] ------------------------
[18:09:21.050] ************************
[18:09:21.055] ROOT_FS Header (act=0)
[18:09:21.059] ************************
[18:09:21.065] ------------------------
[18:09:21.071] hdr chksum  : 0x450a0623
[18:09:21.074] magic       : 0xcafebabe
[18:09:21.078] timstamp    : 0x0000000a
[18:09:21.081] data chksum : 0x4fc3e143
[18:09:21.085] data size   : 0x03600000
[18:09:21.091] ------------------------
[18:09:21.095] ------------------------
[18:09:21.098] hdr chksum  : 0x1a9b0536
[18:09:21.102] magic       : 0xcafebabe
[18:09:21.107] timstamp    : 0x00000009
[18:09:21.110] data chksum : 0x4f21ff00
[18:09:21.114] data size   : 0x023c0000
[18:09:21.117] ------------------------
[18:09:21.121] ************************
[18:09:21.125] ZP Header (act=1)
[18:09:21.129] ************************
[18:09:21.134] ------------------------
[18:09:21.139] hdr chksum  : 0x40a70624
[18:09:21.144] magic       : 0xcafebabe
[18:09:21.147] timstamp    : 0x00000005
[18:09:21.151] data chksum : 0x9c373d1e
[18:09:21.155] data size   : 0x008ad116
[18:09:21.159] ------------------------
[18:09:21.163] ------------------------
[18:09:21.167] hdr chksum  : 0xc00b08e2
[18:09:21.171] magic       : 0xcafebabe
[18:09:21.175] timstamp    : 0x00000008
[18:09:21.179] data chksum : 0x9cccf6ed
[18:09:21.183] data size   : 0x008bbcc8
[18:09:21.190] ------------------------
[18:09:21.195] ************************
[18:09:21.198] NR1NV Header (act=1)
[18:09:21.201] ************************
[18:09:21.206] ------------------------
[18:09:21.209] hdr chksum  : 0x7af20757
[18:09:21.213] magic       : 0xcafebabe
[18:09:21.217] timstamp    : 0x0000000c
[18:09:21.221] data chksum : 0xe75e31fb
[18:09:21.225] data size   : 0x00096de4
[18:09:21.228] ------------------------
[18:09:21.232] ------------------------
[18:09:21.237] hdr chksum  : 0x7b260758
[18:09:21.241] magic       : 0xcafebabe
[18:09:21.246] timstamp    : 0x0000000d
[18:09:21.250] data chksum : 0xe75e31fb
[18:09:21.255] data size   : 0x00096de4
[18:09:21.258] ------------------------
[18:09:21.262] NAND read: device 0 offset 0x1c80000, size 0xe13800
[18:09:21.266]  14759936 bytes read: OK
[18:09:21.269] NAND read: device 0 offset 0x1280000, size 0x5436
[18:09:21.273]  21558 bytes read: OK
[18:09:21.277] c00: cpu_smc_handler: fid=c1000031 x1=0 x2=0 x3=0 x4=0
[18:09:21.281] ## Flattened Device Tree blob at 87000000
[18:09:21.285]    Booting using the fdt blob at 0x87000000
[18:09:21.290]    Loading Device Tree to 000000009ef62000, end 000000009efeafff ... OK
[18:09:21.294] Starting kernel at 80a00000(64) ...
[18:09:21.297] Booting Linux on physical CPU 0x0000000000 [0x412fd050] at EL1
[18:09:21.301] Linux version 6.12.49 (djkim@djkim) (arm64v8el-9.3-linux-uclibc-gcc.br_real (Buildroot 2020.02.4) 9.3.0, GNU ld (GNU Binutils) 2.32) #119 SMP Wed Sep  2 11:20:53 KST 2026
[18:09:21.305] KASLR disabled due to lack of seed
[18:09:21.308] Machine model: GCT GDM7275X
[18:09:21.315] BOOT=nand
[18:09:21.318] Memory limited to 512MB
[18:09:21.325] READ ONLY FILESYSTEM
[18:09:21.332] earlycon: gdmuart0 at MMIO32 0x0000000013100000 (options '')
[18:09:21.335] printk: legacy bootconsole [gdmuart0] enabled
[18:09:21.340] BOOT=nand
[18:09:21.343] dual_sbl=1
[18:09:21.347] tfa_ver=1.0.0
[18:09:21.350] FW Checksum: disable
[18:09:21.357] secure_boot=0
[18:09:21.363] Active linux : sbl
[18:09:21.369] Active rootfs: tfa
[18:09:21.376] Active tk    : zp2
[18:09:21.383] efi: UEFI not found.
[18:09:21.389] OF: reserved mem: Reserved memory: No reserved-memory node in the DT
[18:09:21.395] Zone ranges:
[18:09:21.401]   Normal   [mem 0x0000000080200000-0x000000009fffffff]
[18:09:21.408] Movable zone start for each node
[18:09:21.455] Early memory node ranges
[18:09:21.463]   node   0: [mem 0x0000000080200000-0x0000000083ffffff]
[18:09:21.469]   node   0: [mem 0x0000000094000000-0x000000009fffffff]
[18:09:21.473] Initmem setup node 0 [mem 0x0000000080200000-0x000000009fffffff]
[18:09:21.479] On node 0, zone Normal: 512 pages in unavailable ranges
[18:09:21.484] On node 0, zone Normal: 32768 pages in unavailable ranges
[18:09:21.490] psci: probing for conduit method from DT.
[18:09:21.496] psci: Using PSCI v0.1 Function IDs from DT
[18:09:21.500] percpu: Embedded 17 pages/cpu s31320 r8192 d30120 u69632
[18:09:21.506] pcpu-alloc: s31320 r8192 d30120 u69632 alloc=17*4096
[18:09:21.509] pcpu-alloc: [0] 0 [0] 1 [0] 2 [0] 3 
[18:09:21.513] Detected VIPT I-cache on CPU0
[18:09:21.517] CPU features: detected: Qualcomm erratum 1009, or ARM erratum 1286807, 2441009
[18:09:21.522] CPU features: detected: ARM errata 1165522, 1319367, or 1530923
[18:09:21.526] alternatives: applying boot alternatives
[18:09:21.529] Kernel command line: console=ttyS0,921600 boot=nand mem=512M ubi.mtd=19,4096 root=ubi0:rootfs ro rootfstype=ubifs mtdparts=gdm:1m(pbl),512k(secos),1m(sbl),1m(sbl2),1m(tfa),1m(tfa2),3m(uboot),3m(uboot2),1m(env),4m(nr1nv),2m(nr2nv),1m(fdt),1m(fdt2),2m(cmnnv),2m(cmnnv2),2m(crashlog),2m(reserved2),20m(linux),20m(linux2),100m(rootfs),100m(rootfs2),16m(zp),16m(zp2),32m(misc),156m(user) clk_ignore_unused maxcpus=1 earlycon=gdmuart,mmio32,0x13100000 debug loglevel=8 boot=nand attty=ttyS1 sbl_ver=1.2.0 dual_sbl=1 tfa_ver=1.0.0 bl_ver=1.2.0 checksum=disable secboot=0 active=sbl,tfa,uboot,fdt,linux,rootfs,zp2
[18:09:21.545] Unknown kernel command line parameters "attty=ttyS1 sbl_ver=1.2.0 bl_ver=1.2.0", will be passed to user space.
[18:09:21.560] Dentry cache hash table entries: 32768 (order: 6, 262144 bytes, linear)
[18:09:21.569] Inode-cache hash table entries: 16384 (order: 5, 131072 bytes, linear)
[18:09:21.584] Built 1 zonelists, mobility grouping on.  Total pages: 65024
[18:09:21.594] mem auto-init: stack:off, heap alloc:off, heap free:off
[18:09:21.603] software IO TLB: SWIOTLB bounce buffer size adjusted to 0MB
[18:09:21.614] software IO TLB: area num 4.
[18:09:21.630] software IO TLB: SWIOTLB bounce buffer size roundup to 1MB
[18:09:21.643] software IO TLB: mapped [mem 0x000000009f700000-0x000000009f800000] (1MB)
[18:09:21.655] SLUB: HWalign=64, Order=0-3, MinObjects=0, CPUs=4, Nodes=1
[18:09:21.662] rcu: Hierarchical RCU implementation.
[18:09:21.668] rcu: RCU calculated value of scheduler-enlistment delay is 100 jiffies.
[18:09:21.674] NR_IRQS: 64, nr_irqs: 64, preallocated irqs: 0
[18:09:21.681] Root IRQ handler: gdm_handle_irq
[18:09:21.688] set_smp_ipi_range ipi_base=1 n=8 nr_ipi=8
[18:09:21.696] rcu: srcu_init: Setting srcu_struct sizes based on contention.
[18:09:21.702] clkout:2
[18:09:21.709] c00: gdm_irq_set_type: cpu=0 hwirq=64 type=4
[18:09:21.716] c00: gdm_irq_set_type: cpu=0 hwirq=65 type=4
[18:09:21.724] c00: gdm_irq_set_type: cpu=0 hwirq=66 type=4
[18:09:21.730] c00: gdm_irq_set_type: cpu=0 hwirq=67 type=4
[18:09:21.742] c00: gdm_irq_set_type: cpu=0 hwirq=64 type=4
[18:09:21.749] arch_timer: cp15 timer(s) running at 50.00MHz (phys).
[18:09:21.756] clocksource: arch_sys_counter: mask: 0xffffffffffffff max_cycles: 0xb8812736b, max_idle_ns: 440795202655 ns
[18:09:21.762] sched_clock: 56 bits at 50MHz, resolution 20ns, wraps every 4398046511100ns
[18:09:21.772] Calibrating delay loop (skipped), value calculated using timer frequency.. 100.00 BogoMIPS (lpj=50000)
[18:09:21.787] pid_max: default: 32768 minimum: 301
[18:09:21.800] LSM: initializing lsm=capability
[18:09:21.816] Mount-cache hash table entries: 512 (order: 0, 4096 bytes, linear)
[18:09:21.824] Mountpoint-cache hash table entries: 512 (order: 0, 4096 bytes, linear)
[18:09:21.828] cacheinfo: Unable to detect cache hierarchy for CPU 0
[18:09:21.832] rcu: Hierarchical SRCU implementation.
[18:09:21.836] rcu: 	Max phase no-delay instances is 400.
[18:09:21.841] Build Info:
[18:09:21.845]   date: 2026-09-02 11:20:50
[18:09:21.849]   user: djkim@djkim
[18:09:21.853]   ver : 2026-08-03 21:44:59 8e04706492-dirty(master)
[18:09:21.858]   dtbv : gdm7275x-tethys3-ast-wifi.dtb - d55e375a63(test)
[18:09:21.863]   tfav: 1.0.0
[18:09:21.867]   pkgv: 1.00.3.0.0
[18:09:21.874]   appv: 1.00.3.0.0
[18:09:21.878]   src : /home/djkim/work/sdk/7275x/wifi/syn4384_lin6_crash
[18:09:21.882] Config Info:
[18:09:21.887]   PRODUCT: gdm7275x
[18:09:21.893]   COMPO_WIFI
[18:09:21.898]     MRVL_88W9098_PCI
[18:09:21.902]   HZ=1000
[18:09:21.908]   ARM_ARCH_TIMER
[18:09:21.913]   NET_NATQ_DEV_SKBQ
[18:09:21.917]   NET_VLANQ
[18:09:21.922]   VLAN_8021Q
[18:09:21.927]   MMC
[18:09:21.932]   PCI
[18:09:21.936]   ETH_GDM
[18:09:21.940]   USB_DWC3
[18:09:21.945]   NO ARM_DMA_MEM_BUFFERABLE
[18:09:21.948]   SMP(cpus=1)
[18:09:21.952]   HZ_PERIODIC
[18:09:21.957]   NAND_256KB
[18:09:21.961] rom=3a97301700
[18:09:21.965] rf_chip_id_val(0xfd)=0x0e000000 rev=2
[18:09:21.971] CPU: GDM7275X R2C [0x72750000]
[18:09:21.975] c00: id=0x412fd050
[18:09:21.978] c00: mpidr=0x0000000081000000
[18:09:21.982] c00: implementor=65
[18:09:21.986] c00: part_number=3333
[18:09:21.991] c00: cachetype=0x84448004
[18:09:21.995] RTC: primary(internal) osc
[18:09:21.999] pm_protocol_init(0x0103fc00/0xffffffa00103fc00)
[18:09:22.003] EFI services will not be available.
[18:09:22.008] smp: Bringing up secondary CPUs ...
[18:09:22.012] smp: Brought up 1 node, 1 CPU
[18:09:22.016] SMP: Total of 1 processors activated.
[18:09:22.021] CPU: All CPU(s) started at EL1
[18:09:22.025] CPU features: detected: 32-bit EL0 Support
[18:09:22.028] CPU features: detected: Data cache clean to the PoU not required for I/D coherence
[18:09:22.033] CPU features: detected: Common not Private translations
[18:09:22.037] CPU features: detected: CRC32 instructions
[18:09:22.041] CPU features: detected: RCpc load-acquire (LDAPR)
[18:09:22.044] CPU features: detected: LSE atomic instructions
[18:09:22.049] CPU features: detected: Privileged Access Never
[18:09:22.053] CPU features: detected: RAS Extension Support
[18:09:22.057] CPU features: detected: Speculative Store Bypassing Safe (SSBS)
[18:09:22.061] alternatives: applying system-wide alternatives
[18:09:22.065] Memory: 234852K/260096K available (8704K kernel code, 1544K rwdata, 2268K rodata, 1728K init, 562K bss, 23536K reserved, 0K cma-reserved)
[18:09:22.072] devtmpfs: initialized
[18:09:22.076] clocksource: jiffies: mask: 0xffffffff max_cycles: 0xffffffff, max_idle_ns: 1911260446275000 ns
[18:09:22.079] futex hash table entries: 1024 (order: 4, 65536 bytes, linear)
[18:09:22.082] 29008 pages in range for non-PLT usage
[18:09:22.085] 520528 pages in range for PLT usage
[18:09:22.092] pinctrl core: initialized pinctrl subsystem
[18:09:22.099] PMS_RESET_MODE: 0x0(POR)
[18:09:22.106] PMS_RESET_MODE: 0x0(cleared)
[18:09:22.113] ihs clock:
[18:09:22.121]   ref=50000000
[18:09:22.127]   sys=1600000000
[18:09:22.133]   cpu=1600000000
[18:09:22.140]     cpu_per_usec=1600
[18:09:22.146]     cpu_per_msec=1600000
[18:09:22.152]   peri=100000000
[18:09:22.160]   ddr=3730000000
[18:09:22.166] DMI not present or invalid.
[18:09:22.169] NET: Registered PF_NETLINK/PF_ROUTE protocol family
[18:09:22.175] DMA: preallocated 4096 KiB GFP_KERNEL pool for atomic allocations
[18:09:22.181] gct-sdhost-fixup: sd0_div_clk exists!
[18:09:22.187] hw-breakpoint: found 6 breakpoint and 4 watchpoint registers.
[18:09:22.194] ASID allocator initialised with 65536 entries
[18:09:22.200] usbcore: registered new interface driver usbfs
[18:09:22.207] usbcore: registered new interface driver hub
[18:09:22.213] usbcore: registered new device driver usb
[18:09:22.220] Bluetooth: Core ver 2.22
[18:09:22.223] NET: Registered PF_BLUETOOTH protocol family
[18:09:22.229] Bluetooth: HCI device and connection manager initialized
[18:09:22.233] Bluetooth: HCI socket layer initialized
[18:09:22.238] Bluetooth: L2CAP socket layer initialized
[18:09:22.241] Bluetooth: SCO socket layer initialized
[18:09:22.246] vgaarb: loaded
[18:09:22.251] clocksource: Switched to clocksource arch_sys_counter
[18:09:22.256] NET: Registered PF_INET protocol family
[18:09:22.260] IP idents hash table entries: 4096 (order: 3, 32768 bytes, linear)
[18:09:22.264] tcp_listen_portaddr_hash hash table entries: 256 (order: 0, 4096 bytes, linear)
[18:09:22.268] Table-perturb hash table entries: 65536 (order: 6, 262144 bytes, linear)
[18:09:22.273] TCP established hash table entries: 2048 (order: 2, 16384 bytes, linear)
[18:09:22.277] TCP bind hash table entries: 2048 (order: 4, 65536 bytes, linear)
[18:09:22.282] TCP: Hash tables configured (established 2048 bind 2048)
[18:09:22.285] UDP hash table entries: 256 (order: 1, 8192 bytes, linear)
[18:09:22.291] UDP-Lite hash table entries: 256 (order: 1, 8192 bytes, linear)
[18:09:22.295] NET: Registered PF_UNIX/PF_LOCAL protocol family
[18:09:22.299] PCI: CLS 0 bytes, default 64
[18:09:22.303] NIF: dt max-mtu=1500
[18:09:22.307] NIF: ip filter delta: icmp=5 udp=60 tcp=60
[18:09:22.312] netif ver: 1.1.2
[18:09:22.316] vlanq ver: 1.1.2 nsra=0
[18:09:22.322] Initialise system trusted keyrings
[18:09:22.326] workingset: timestamp_bits=62 max_order=16 bucket_order=0
[18:09:22.330] Key type asymmetric registered
[18:09:22.334] Asymmetric key parser 'x509' registered
[18:09:22.339] gdm-usb31-phy 13610000.usb31-phy: gdm_phy31_probe ver 1.0.0
[18:09:22.344] phy phy-13610000.usb31-phy.0: incomplete constraints, dummy supplies not allowed (id=phy)
[18:09:22.348] gdm7275x-pinctrl 10060000.pinctrl: no '' pin for IRQ.
[18:09:22.354] gpio gpiochip0: Static allocation of GPIO base is deprecated, use dynamic allocation.
[18:09:22.358] c00: gdm_irq_set_type: cpu=0 hwirq=82 type=4
[18:09:22.363] c00: gdm_irq_set_type: cpu=0 hwirq=83 type=4
[18:09:22.367] hw lock_reg:
[18:09:22.372]   active=110004c0
[18:09:22.377]   free  =110004c4
[18:09:22.380] gipc-protocol(ffffffc080fbd018): cpu0:0 va=ffffffc080fbd018, pa=81c00018 ver=1.10
[18:09:22.384] ipc init ch=0
[18:09:22.393] ipc ch[0]:CTRL, irb: va=ffffffc080fbd698-ffffffc080fbe418 pa=81c00698-81c01418
[18:09:22.397] ipc ch[0]:CTRL, irb_work: va=ffffffc080fbe428-ffffffc080fbed48 pa=81c01428-81c01d48
[18:09:22.402]   irb nr: tx=16(2080bytes) rx=128(2080bytes)
[18:09:22.409]    irb tx: va=ffffffc080fbd698-ffffffc080fbd818 pa=81c00698-81c00818
[18:09:22.454]    irb rx: va=ffffffc080fbd820-ffffffc080fbe420 pa=81c00820-81c01420
[18:09:22.459]   m-ch_enabled=0x1
[18:09:22.462] ipc init ch=28
[18:09:22.466] ipc ch[28]:DBG, irb: va=ffffffc080fbf018-ffffffc080fbfc48 pa=81c02018-81c02c48
[18:09:22.473] ipc ch[28]:DBG, irb_work: va=ffffffc080fbfc58-ffffffc080fc0498 pa=81c02c58-81c03498
[18:09:22.477]   irb nr: tx=2(2080bytes) rx=128(2080bytes)
[18:09:22.481]    irb tx: va=ffffffc080fbf018-ffffffc080fbf048 pa=81c02018-81c02048
[18:09:22.485]    irb rx: va=ffffffc080fbf050-ffffffc080fbfc50 pa=81c02050-81c02c50
[18:09:22.492]   m-ch_enabled=0x10000001
[18:09:22.496] IPC Ver: master(1.10) slave(0.0) driver=1.0.0
[18:09:22.500]   IPC_IF_RX_LIMIT=100
[18:09:22.506]   IPCIF_SMP
[18:09:22.511] Linux IPC mode:
[18:09:22.515]   proc_idle enabled=0(cpu=-1)
[18:09:22.519]   assert_level=3(3)
[18:09:22.524]   sdu_prio=0(0)
[18:09:22.528] c00: gdm_irq_set_type: cpu=0 hwirq=152 type=1
[18:09:22.532] IPCIF(v1.0.0) initialized: irq=43 hwirq=152
[18:09:22.536] c00: set_affinity: no online irq=43(IPC) cpu=1
[18:09:22.540] gdm_uart_init_port: line=0 irq=44 mapbase=0x0000000013100000 membase=ffffffc080ee3000 uartclk=100000000
[18:09:22.545] 13100000.serial: ttyS0 at M�uart_trace_init line=0 size=1048576 early_pos=9792
[18:09:22.549] printk: legacy console [ttyS0] enabled
[18:09:22.554] printk: legacy console [ttyS0] enabled
[18:09:22.560] printk: legacy bootconsole [gdmuart0] disabled
[18:09:22.566] printk: legacy bootconsole [gdmuart0] disabled
[18:09:22.571] proc_serial_init proc_serial_entry=ffffff80028480c0
[18:09:22.576] gdm_uart_init_port: line=1 irq=46 mapbase=0x0000000013110000 membase=ffffffc080ee5000 uartclk=100000000
[18:09:22.581] 13110000.serial: ttyS1 at MMIO 0x13110000 (irq = 46, base_baud = 6250000) is a gdm-uart
[18:09:22.585] gdm_uart_init_port: line=2 irq=48 mapbase=0x0000000013120000 membase=ffffffc080eed000 uartclk=100000000
[18:09:22.591] 13120000.serial: ttyS2 at MMIO 0x13120000 (irq = 48, base_baud = 6250000) is a gdm-uart
[18:09:22.595] UART ver=0.5
[18:09:22.599] brd: module loaded
[18:09:22.603] GDM NAND Driver=v1.3.1 oraf
[18:09:22.607] gpio ecc=2
[18:09:22.611] Ecc : 4bit
[18:09:22.616] ecc.bits=4
[18:09:22.623] fault_ecc_nr=0
[18:09:22.627] ecc_chk_loop_nr=0
[18:09:22.630] [NAND] pagesize : 4K
[18:09:22.635] nand: device found, Manufacturer ID: 0xad, Chip ID: 0xac
[18:09:22.640] nand: Hynix NAND 512MiB 1,8V 8-bit
[18:09:22.644] nand: 512 MiB, SLC, erase size: 256 KiB, page size: 4096, OOB size: 256
[18:09:22.649] Bad block table found at page 131008, version 0x01
[18:09:22.652] Bad block table found at page 130944, version 0x01
[18:09:22.658] 25 cmdlinepart partitions found on MTD device gdm
[18:09:22.663] Creating 25 MTD partitions on "gdm":
[18:09:22.668] 0x000000000000-0x000000100000 : "pbl"
[18:09:22.674] 0x000000100000-0x000000180000 : "secos"
[18:09:22.678] 0x000000180000-0x000000280000 : "sbl"
[18:09:22.682] 0x000000280000-0x000000380000 : "sbl2"
[18:09:22.689] 0x000000380000-0x000000480000 : "tfa"
[18:09:22.694] 0x000000480000-0x000000580000 : "tfa2"
[18:09:22.700] 0x000000580000-0x000000880000 : "uboot"
[18:09:22.705] 0x000000880000-0x000000b80000 : "uboot2"
[18:09:22.710] 0x000000b80000-0x000000c80000 : "env"
[18:09:22.713] 0x000000c80000-0x000001080000 : "nr1nv"
[18:09:22.718] 0x000001080000-0x000001280000 : "nr2nv"
[18:09:22.723] 0x000001280000-0x000001380000 : "fdt"
[18:09:22.727] 0x000001380000-0x000001480000 : "fdt2"
[18:09:22.731] 0x000001480000-0x000001680000 : "cmnnv"
[18:09:22.734] 0x000001680000-0x000001880000 : "cmnnv2"
[18:09:22.741] 0x000001880000-0x000001a80000 : "crashlog"
[18:09:22.745] 0x000001a80000-0x000001c80000 : "reserved2"
[18:09:22.749] 0x000001c80000-0x000003080000 : "linux"
[18:09:22.754] 0x000003080000-0x000004480000 : "linux2"
[18:09:22.758] 0x000004480000-0x00000a880000 : "rootfs"
[18:09:22.763] 0x00000a880000-0x000010c80000 : "rootfs2"
[18:09:22.768] 0x000010c80000-0x000011c80000 : "zp"
[18:09:22.775] 0x000011c80000-0x000012c80000 : "zp2"
[18:09:22.778] 0x000012c80000-0x000014c80000 : "misc"
[18:09:22.782] 0x000014c80000-0x00001e880000 : "user"
[18:09:22.789] gdm-ether ver 1.6.1
[18:09:22.793]   ETH_CH=0
[18:09:22.797]   CLKOUT_EN_DFLT
[18:09:22.802] usbcore: registered new interface driver r8152
[18:09:22.808] usbcore: registered new interface driver cdc_ether
[18:09:22.812] usbcore: registered new interface driver cdc_eem
[18:09:22.815] usbcore: registered new interface driver cdc_ncm
[18:09:22.821] usbcore: registered new interface driver r8153_ecm
[18:09:22.824] gdm-pmc: power on host domain
[18:09:22.829] c00: cpu_smc_handler: fid=c1000001 x1=3 x2=0 x3=0 x4=0
[18:09:22.833] gdm-pmc: power on usb domain
[18:09:22.838] c00: cpu_smc_handler: fid=c1000001 x1=4 x2=0 x3=0 x4=0
[18:09:22.843] dwc3_probe entered
[18:09:22.847] gdm-pmc: power on usb domain
[18:09:22.852] c00: cpu_smc_handler: fid=c1000001 x1=4 x2=0 x3=0 x4=0
[18:09:22.858] gdm-pmc: power on host domain
[18:09:22.862] c00: cpu_smc_handler: fid=c1000001 x1=3 x2=0 x3=0 x4=0
[18:09:22.865] usb_state_init
[18:09:22.869] gdm-usb31-phy 13610000.usb31-phy: base 81480000
[18:09:22.876] gdm-usb31-phy 13610000.usb31-phy: configure protocol registers
[18:09:22.881] DWC3 probed
[18:09:22.886] i2c_dev: i2c /dev entries driver
[18:09:22.889] gdm-i2c 13250000.i2c: i2c bus frequency set to 400 KHz
[18:09:22.894] BUCK3: Bringing 750000uV into 800000-800000uV
[18:09:22.898] LDO2: Bringing 1800000uV into 2800000-2800000uV
[18:09:22.903] LDO6: Bringing 1500000uV into 2500000-2500000uV
[18:09:22.911] LDO10: Bringing 1000000uV into 1200000-1200000uV
[18:09:22.915] LDO13: Bringing 1050000uV into 1200000-1200000uV
[18:09:22.919] pmic 0x8: 0x80->0x80
[18:09:22.924] gdm-i2c 13250000.i2c: i2c-0: GDM I2C adapter
[18:09:22.929] gdm-i2c 13280000.i2c: i2c bus frequency set to 400 KHz
[18:09:22.933] gdm-i2c 13280000.i2c: i2c-2: GDM I2C adapter
[18:09:22.938] device-mapper: ioctl: 4.48.0-ioctl (2023-03-01) initialised: dm-devel@lists.linux.dev
[18:09:22.944] Bluetooth: HCI UART driver ver 2.3
[18:09:22.950] Bluetooth: HCI UART protocol H4 registered
[18:09:22.958] sdhci: Secure Digital Host Controller Interface driver
[18:09:22.963] sdhci: Copyright(c) Pierre Ossman
[18:09:22.967] sdhci-pltfm: SDHCI platform and OF driver helper
[18:09:22.975] c00: set_affinity: no online task=natq_thrd cpu=3
[18:09:22.979] natq ver: 0.8.2 qnr=8192
[18:09:22.983]   Thread
[18:09:22.990] ipv6q ver: 1.0.1
[18:09:22.995] lcq ver: 1.0
[18:09:22.999] ipip: IPv4 and MPLS over IPv4 tunneling driver
[18:09:23.005] Initializing XFRM netlink socket
[18:09:23.011] NET: Registered PF_INET6 protocol family
[18:09:23.016] Segment Routing with IPv6
[18:09:23.021] In-situ OAM (IOAM) with IPv6
[18:09:23.027] sit: IPv6, IPv4 and MPLS over IPv4 tunneling driver
[18:09:23.032] NET: Registered PF_PACKET protocol family
[18:09:23.036] NET: Registered PF_KEY protocol family
[18:09:23.040] Bridge firewalling registered
[18:09:23.044] 8021q: 802.1Q VLAN Support v1.8
[18:09:23.048] registered taskstats version 1
[18:09:23.052] Loading compiled-in X.509 certificates
[18:09:23.057] GDM HL IF(v0.7.4) initialized
[18:09:23.062] DMA ver 0.6
[18:09:23.068] MTD Crash partition /dev/mtd15
[18:09:23.073] ipc mux irb nr=128 bsize=4128
[18:09:23.078] ipc init ch=16
[18:09:23.082] ipc ch[16]:MUX, irb: va=ffffffc0815e5018-ffffffc0815e5cd8 pa=82400018-82400cd8
[18:09:23.087] ipc ch[16]:MUX, irb_work: va=ffffffc080fc04b8-ffffffc080fc0d58 pa=81c034b8-81c03d58
[18:09:23.092]   irb nr: tx=8(4128bytes) rx=128(4128bytes)
[18:09:23.096]    irb tx: va=ffffffc0815e5018-ffffffc0815e50d8 pa=82400018-824000d8
[18:09:23.101]    irb rx: va=ffffffc0815e50e0-ffffffc0815e5ce0 pa=824000e0-82400ce0
[18:09:23.107]   m-ch_enabled=0x10010001
[18:09:23.112] gdm7275x-pwm 132c0000.pwm: gdm7275x pwm driver probe
[18:09:23.116] gdm-pmc: power on pcie domain
[18:09:23.123] c00: cpu_smc_handler: fid=c1000001 x1=6 x2=0 x3=0 x4=0
[18:09:23.126] gdm-comphy 13820000.gdm-comphy: ref-clock rate:100000000
[18:09:23.131] gdm-comphy 13820000.gdm-comphy: PCIe clock rate(100000000)
[18:09:23.134] gdm-comphy 13820000.gdm-comphy: usxgmii clock rate(266666667)
[18:09:23.139] gdm-comphy 13820000.gdm-comphy: wlan power GPIO not configured, skipping
[18:09:23.145] phy phy-13820000.gdm-comphy.1: incomplete constraints, dummy supplies not allowed (id=phy)
[18:09:23.149] c00: gdm_irq_set_type: cpu=0 hwirq=192 type=4
[18:09:23.154] gdm-comphy 13820000.gdm-comphy: Single link: PCIe (1 lanes)
[18:09:23.161] cdns-pcie 16000000.pcie: host bridge /soc/pcie@16000000 ranges:
[18:09:23.165] cdns-pcie 16000000.pcie:       IO 0x0041000000..0x0041003fff -> 0x0000000000
[18:09:23.169] cdns-pcie 16000000.pcie:      MEM 0x0042000000..0x0042ffffff -> 0x0010000000
[18:09:23.176] cdns-pcie 16000000.pcie:   IB MEM 0x0080000000..0x009fffffff -> 0x0080000000
[18:09:23.181] gdm-comphy 13820000.gdm-comphy: SYS_PLL_DIV := 7078000
[18:09:23.185] gdm-comphy 13820000.gdm-comphy: PMA_CMN_DIV := 10707
[18:09:23.191] gdm-comphy 13820000.gdm-comphy: Wait pma_cmn_macro_pwr_en_ack
[18:09:23.196] gdm-comphy 13820000.gdm-comphy: pma_cmn_macro_pwr_enabled
[18:09:23.200] gdm-comphy 13820000.gdm-comphy: off(60260) val(2001)
[18:09:23.206] gdm-comphy 13820000.gdm-comphy: off(60140) val(8804)
[18:09:23.211] gdm-comphy 13820000.gdm-comphy: off(60188) val(1219)
[18:09:23.214] gdm-comphy 13820000.gdm-comphy: pma(0) off(60204) val(813e)
[18:09:23.220] gdm-comphy 13820000.gdm-comphy: pma(0) off(60214) val(3903)
[18:09:23.225] gdm-comphy 13820000.gdm-comphy: pma(0) off(60218) val(3b4b)
[18:09:23.229] gdm-comphy 13820000.gdm-comphy: pma(0) off(6021c) val(3b4b)
[18:09:23.233] gdm-comphy 13820000.gdm-comphy: pma(0) off(60220) val(b4b)
[18:09:23.237] gdm-comphy 13820000.gdm-comphy: pma(0) off(60244) val(23c)
[18:09:23.241] gdm-comphy 13820000.gdm-comphy: pma(0) off(60258) val(1)
[18:09:23.245] gdm-comphy 13820000.gdm-comphy: pma(0) off(60278) val(694d)
[18:09:23.250] gdm-comphy 13820000.gdm-comphy: pma(0) off(6027c) val(694d)
[18:09:23.254] gdm-comphy 13820000.gdm-comphy: pma(0) off(60354) val(7)
[18:09:23.259] gdm-comphy 13820000.gdm-comphy: pma(0) off(60358) val(8)
[18:09:23.262] gdm-comphy 13820000.gdm-comphy: pma(0) off(607e0) val(530)
[18:09:23.267] gdm-comphy 13820000.gdm-comphy: off(90000) val(430)
[18:09:23.272] gdm-comphy 13820000.gdm-comphy: pma(0) off(701bc) val(9f07)
[18:09:23.276] pma:0, lane cfg:1
[18:09:23.279] pma0_tx_deemphasis(2)
[18:09:23.283] [1;31m[kdj6724] gdm_comphy_phy_init(780) rx_termination 0<<12 [0m
[18:09:23.289] gdm-comphy 13820000.gdm-comphy: Wait until pipe_100_phy_status goes to low -> High-Z
[18:09:23.293] gdm-comphy 13820000.gdm-comphy: Wait until link0_clock_stable : 1 -> 0
[18:09:23.297] gdm-comphy 13820000.gdm-comphy: link0_clock_stabled
[18:09:23.302] gdm-comphy 13820000.gdm-comphy: wait for pma_cmn_pllc_locked
[18:09:23.308] gdm-comphy 13820000.gdm-comphy: pma_cmn_pllc_locked
[18:09:23.313] gdm-comphy 13820000.gdm-comphy: pma_cmn_ready
[18:09:23.317] gdm-comphy 13820000.gdm-comphy: pma_xcvr_plln_locked
[18:09:23.323] test_pcie_set_fc_credit(0)(addr=16100000)
[18:09:23.327] gdm-comphy 13820000.gdm-comphy: ****** Waiting for Link Training	 ******
[18:09:23.331] gdm-comphy 13820000.gdm-comphy: Link0 training timed out, reg=0x8000 (no PCIe device?)
[18:09:23.337] phy phy-13820000.gdm-comphy.1: phy init failed --> -110
[18:09:23.343] cdns-pcie 16000000.pcie: failed to init phy
[18:09:23.348] cdns-pcie 16000000.pcie: probe with driver cdns-pcie failed with error -110
[18:09:23.353] c00: gdm_irq_set_type: cpu=0 hwirq=104 type=4
[18:09:23.358] USIM Card Interface(usim0)
[18:09:23.363] [USIM0] : GDM USIM device driver (1.3.0)
[18:09:23.368]   PAIR_CMD
[18:09:23.374] c00: gdm_irq_set_type: cpu=0 hwirq=105 type=4
[18:09:23.380] USIM Card Interface(usim1)
[18:09:23.385] [USIM1] : GDM USIM device driver (1.3.0)
[18:09:23.392]   PAIR_CMD
[18:09:23.396] ubi0: attaching mtd19
[18:09:23.400] ubi0: scanning is finished
[18:09:23.405] ubi0: attached mtd19 (name "rootfs", size 100 MiB)
[18:09:23.453] ubi0: PEB size: 262144 bytes (256 KiB), LEB size: 253952 bytes
[18:09:23.459] ubi0: min./max. I/O unit sizes: 4096/4096, sub-page size 4096
[18:09:23.463] ubi0: VID header offset: 4096 (aligned 4096), data offset: 8192
[18:09:23.468] ubi0: good PEBs: 400, bad PEBs: 0, corrupted PEBs: 0
[18:09:23.475] ubi0: user volume: 1, internal volumes: 1, max. volumes count: 128
[18:09:23.479] ubi0: max/mean erase counter: 2/0, WL threshold: 4096, image sequence number: 2015018471
[18:09:23.485] ubi0: available PEBs: 0, total reserved PEBs: 400, PEBs reserved for bad PEB handling: 40
[18:09:23.490] ubi0: background thread "ubi_bgt0d" started, PID 1078
[18:09:23.495] gdm_mux_init
[18:09:23.499] clk: Not disabling unused clocks
[18:09:23.503] em_mode=0x00000c00:
[18:09:23.507] b[0]=REBOOT_ON_LINUX_CRASH(off)
[18:09:23.511] b[1]=REBOOT_ON_APP_CRASH(off)
[18:09:23.515] b[8]=REBOOT_ON_MODEM_CRASH(off)
[18:09:23.519] b[9]=REBOOT_ON_MODEM_WDT(off)
[18:09:23.524] b[10]=RELOAD_ON_MODEM_CRASH(ON)
[18:09:23.528] b[11]=RELOAD_ON_MODEM_WDT(ON)
[18:09:23.533] b[16]=RUN_CRASH_SH(off)
[18:09:23.538] hw_wd_start(15000/20000)
[18:09:23.542] md wd started: to=3000 du=10000
[18:09:23.547] PM: genpd: Not disabling unused power domains
[18:09:23.552] c00: gdm_irq_set_type: cpu=0 hwirq=97 type=4
[18:09:23.557] c00: set_affinity: irq=44(UART RX) cpu=0
[18:09:23.561] c00: gdm_irq_set_type: cpu=0 hwirq=96 type=4
[18:09:23.564] c00: set_affinity: irq=45(UART TX) cpu=0
[18:09:23.569] uart port[0] fc=0 cr=0000002b
[18:09:23.574] UBIFS (ubi0:0): Mounting in unauthenticated mode
[18:09:23.579] UBIFS (ubi0:0): recovery needed
[18:09:23.584] UBIFS (ubi0:0): recovery deferred
[18:09:23.589] UBIFS (ubi0:0): UBIFS: mounted UBI device 0, volume 0, name "rootfs", R/O mode
[18:09:23.594] UBIFS (ubi0:0): LEB size: 253952 bytes (248 KiB), min./max. I/O unit sizes: 4096 bytes/4096 bytes
[18:09:23.598] UBIFS (ubi0:0): FS size: 87867392 bytes (83 MiB, 346 LEBs), max 384 LEBs, journal size 9404416 bytes (8 MiB, 38 LEBs)
[18:09:23.602] UBIFS (ubi0:0): reserved for root: 0 bytes (0 KiB)
[18:09:23.607] UBIFS (ubi0:0): media format: w4/r0 (latest is w5/r0), UUID C6D979DA-F702-4818-9778-CBF9606FDB8E, small LPT model
[18:09:23.612] VFS: Mounted root (ubifs filesystem) readonly on device 0:16.
[18:09:23.616] devtmpfs: mounted
[18:09:23.620] Freeing unused kernel memory: 1728K
[18:09:23.624] Run /sbin/init as init process
[18:09:23.629]   with arguments:
[18:09:23.633]     /sbin/init
[18:09:23.638]   with environment:
[18:09:23.642]     HOME=/
[18:09:23.646]     TERM=linux
[18:09:23.650]     attty=ttyS1
[18:09:23.654]     sbl_ver=1.2.0
[18:09:23.658]     bl_ver=1.2.0
[18:09:23.662] Welcome to
[18:09:23.665]   G C T   L T E   M O D E M
[18:09:23.669] modprobe: module board not found in modules.dep
[18:09:23.674] backtrace info:
[18:09:23.677]   LIBC=uClibc
[18:09:23.681]   __SSP_ALL__
[18:09:23.686]   guard=0xefbeaddeefbeadde
[18:09:23.691]   inited=1
[18:09:23.694]   stack_corr_nr=0
[18:09:23.698]   load_nr=0
[18:09:23.702]   unload_nr=0
[18:09:23.706]   malloc_flags=0x0
[18:09:23.711] [NV] NV flash Device : NAND FLASH 
[18:09:23.714] [NV] nv_log mask: 0x0->0x3
[18:09:23.719] [NV] NVM_VER=3.0
[18:09:23.723] [NV] +nv_reload ucfg
[18:09:23.727] [NV] NR1NV(9) map(0x0 0x200000)
[18:09:23.730] [NV] [SEL-NV] NR1NV(9) hdr[0]: max_nv_size(0x96e24)
[18:09:23.734] [NV]   hchk=0x7af20757(0x7af20757-ok) magic=0xcafebabe(ok) hsize=0x40 ts=0xc
[18:09:23.739] [NV]   dchk=0xe75e31fb(0xe75e31fb-ok) dsize=0x96de4(ok)
[18:09:23.743] [NV] [SEL-NV] NR1NV(9) hdr[1]: max_nv_size(0x96e24)
[18:09:23.747] [NV]   hchk=0x7b260758(0x7b260758-ok) magic=0xcafebabe(ok) hsize=0x40 ts=0xd
[18:09:23.750] [NV]   dchk=0xe75e31fb(0xe75e31fb-ok) dsize=0x96de4(ok)
[18:09:23.755] [NV] NR1NV(9): active=1 map(0x0-0x200000) ts=0xd sz=0x96e24
[18:09:23.759] [NV] NR2NV(10) map(0x0 0x100000)
[18:09:23.763] [NV] [SEL-NV] NR2NV(10) hdr[0]: max_nv_size(0x19140)
[18:09:23.766] [NV]   hchk=0x2f8905b5(0x2f8905b5-ok) magic=0xcafebabe(ok) hsize=0x40 ts=0x4
[18:09:23.770] [NV]   dchk=0xeb592437(0xeb592437-ok) dsize=0x19100(ok)
[18:09:23.775] [NV] [SEL-NV] NR2NV(10) hdr[1]: max_nv_size(0x19140)
[18:09:23.778] [NV]   hchk=0x2bf30594(0x2bf30594-ok) magic=0xcafebabe(ok) hsize=0x40 ts=0x5
[18:09:23.782] [NV]   dchk=0x1f4024fa(0x1f4024fa-ok) dsize=0x19100(ok)
[18:09:23.786] [NV] NR2NV(10): active=1 map(0x0-0x100000) ts=0x5 sz=0x19140
[18:09:23.791] [NV] NR2NV Init active block [1]=0x100000
[18:09:23.795] [NV] CMNNV(13) map(0x0 0x100000)
[18:09:23.799] [NV] [SEL-NV] CMNNV(13) hdr[0]: max_nv_size(0x40000)
[18:09:23.804] [NV]   hchk=0x8d0007c4(0x8d0007c4-ok) magic=0xcafebabe(ok) hsize=0x40 ts=0x32
[18:09:23.807] [NV]   dchk=0xf4c70c89(0xf4c70c89-ok) dsize=0x3ffc0(ok)
[18:09:23.811] [NV] [SEL-NV] CMNNV(13) hdr[1]: max_nv_size(0x40000)
[18:09:23.816] [NV]   hchk=0x43340629(0x43340629-ok) magic=0xcafebabe(ok) hsize=0x40 ts=0x31
[18:09:23.821] [NV]   dchk=0x6880c1c(0x6880c1c-ok) dsize=0x3ffc0(ok)
[18:09:23.826] [NV] CMNNV(13): active=0 map(0x0-0x100000) ts=0x32 sz=0x40000
[18:09:23.830] [NV] CMNNV Init active block [0]=0x0
[18:09:23.834] [NV] ucfg nr1nv data read from CMNNV[1] timestamp=0xd
[18:09:23.839] [NV] NR1NV Init active block [1]=0x200000
[18:09:23.843] [NV] CMNNV2(14) map(0x0 0x100000)
[18:09:23.848] [NV] [SEL-NV] CMNNV2(14) hdr[0]: max_nv_size(0xa7c0)
[18:09:23.852] [NV] [SEL-NV] CMNNV2(14) hdr[1]: max_nv_size(0xa7c0)
[18:09:23.858] [NV] [SEL-NV-SET] CMNNV2(14) hdr[0]: max_nv_size(0xa7c0)
[18:09:23.862] [NV]   hchk=0x0(0x0-ok) magic=0x0(ng) hsize=0x0 ts=0x0
[18:09:23.866] [NV]   dchk=0x0(0x0-ok) dsize=0x0(ok)
[18:09:23.870] [NV] CMNNV2(14) : all block invalid(map 0x0-0x100000)
[18:09:23.874] [NV] -nv_reload ucfg
[18:09:23.878] [UCFG] ucfg(1.1) load xml:
[18:09:23.883] [UCFG]   var nr: conf=1037(918) fact=1037(918) perm=16(12)
[18:09:23.889] [UCFG]   def nr: conf=0 conf=0 conf=0
[18:09:23.893] Use normal log configuration
[18:09:23.897] +modprobe modem modem_bootp="product_id=0x0000, operator_id=0x0000"
[18:09:23.901] modem: loading out-of-tree module taints kernel.
[18:09:23.907] modem driver ver 1.0
[18:09:23.911]   base: 84100000
[18:09:23.916]   size: 0ff00000
[18:09:23.920]   param: 840fe000
[18:09:23.925] boot param: product_id=0x0000, operator_id=0x0000, boot_mode=0, gipc_phy_base=0x81c00018, mem_base=0x80000000, mem_size=0x20000000, compat=0x0, ipv6=1
[18:09:23.928] ---------------------
[18:09:23.935] hdr chksum  : 0x8d0007c4
[18:09:23.939] magic       : 0xcafebabe
[18:09:23.946] timstamp    : 0x00000032
[18:09:23.950] data chksum : 0xf4c70c89
[18:09:23.957] data size   : 0x0003ffc0
[18:09:23.964] ---------------------
[18:09:23.971] ---------------------
[18:09:23.975] hdr chksum  : 0x43340629
[18:09:23.982] magic       : 0xcafebabe
[18:09:23.989] timstamp    : 0x00000031
[18:09:23.995] data chksum : 0x06880c1c
[18:09:24.001] data size   : 0x0003ffc0
[18:09:24.008] ---------------------
[18:09:24.013] using block : 0, 0x0 
[18:09:24.020] map idx=0
[18:09:24.027] hdr idx: fs=0 zp=1 zpsize=9157832
[18:09:24.033] ts: fs=10 zp=8
[18:09:24.040] no such fw files!
[18:09:24.046]   /lib/firmware/tk.gz
[18:09:24.050]   /lib/firmware/tk.xz
[18:09:24.057] read from nand mtd=zp2(9159880)
[18:09:24.062] modem map info:
[18:09:24.110]   [0] pa(0000000084100000)
[18:09:24.116] ->va(ffffffc090000000)
[18:09:24.119] c00: decompress gzip(1f 8b) at ffffffc090000000... (9159880bytes)
[18:09:24.127] c00: decompress done 138404920bytes 1614ms ret=0
[18:09:24.133] modem start
[18:09:24.137] cpu_smc_powerdomain_up(pt=1, pd=0)
[18:09:24.187] c00: cpu_smc_handler: fid=c1000001 x1=1 x2=0 x3=0 x4=0
[18:09:24.194] enable cluster1-pll
[18:09:24.197] start_modem_cpu: done start=1
[18:09:24.202] -modprobe modem
[18:09:24.206] Thu Jan  1 00:00:05 UTC 1970
[18:09:24.211] cp: can't stat '/etc/sysconfig/lte/param/*': No such file or directory
[18:09:24.214] BL33 pc=0x84dae704 spsr=0x600002c5
[18:09:24.218] c10: psci_smc_handler: fid=84000000 x1=0 x2=0 x3=0 x4=0
[18:09:24.224] TK: gipc-protocol: cpu1:0 addr(v1)=0000000081c00018 magic=4054 ver(master=1.10 slave=1.11) proci=0 assertl=3
[18:09:24.228] TK: hw lock_reg:
[18:09:24.232] TK:   active=110004c0
[18:09:24.236] TK:   free  =110004c4
[18:09:24.242] TK: ipc config=00000004
[18:09:24.247] TK:   router-device
[18:09:24.250] TK: ipc init ch=0
[18:09:24.256] TK:   peer-genirq=1a111020(152)
[18:09:24.261] TK:   s-ch_enabled=0x10010001
[18:09:24.264] TK: ipc init ch=16
[18:09:24.269] TK:   peer-genirq=1a111020(152)
[18:09:24.274] TK:   s-ch_enabled=0x10010001
[18:09:24.278] TK: ipc init ch=28
[18:09:24.282] TK:   peer-genirq=1a111020(152)
[18:09:24.286] TK:   s-ch_enabled=0x10010001
[18:09:24.291] ipc modem boot done
[18:09:24.295] GDM Mod[m gdm7259x_board
[18:09:24.300] oot Param] error: token=9, ret=-54
[18:09:24.307] ============================================================================
[18:09:24.311]  [0] ZEPHYR OS v4.3.0 (v4.3.0-3049-g03924c3679: 192MB)
[18:09:24.315] ----------------------------------------------------------------------------
[18:09:24.319]  - gct@CS-buildserver
[18:09:24.322]  - 2026-08-31T22:51:44
[18:09:24.326]  - gdm7259x_nsa_192mb
[18:09:24.331] ============================================================================
[18:09:24.335] [MEM] WT DRAM zero initialized 0(0KB)bytes from 000000008d700000 to 000000008d700000
[18:09:24.340] [MEM] NCH DRAM zero initialized 35348240(34519KB)bytes from 000000008d700000 to 000000008f8b5f10
[18:09:24.345] [CHIP] GDM7259X(Rev.1C)
[18:09:24.349] [CLOCK] arm(1300.000MHz) 1x(100.000MHz)
[18:09:24.354] [MEM]  total : 0x84000000 - 0x90000000 (  192 MB)
[18:09:24.360] [MEM]  .init : 0x84100000 - 0x841068a8 (   27 kB)
[18:09:24.364] [MEM]  .text : 0x84100000 - 0x85587000 (21020 kB)
[18:09:24.369] [MEM]  .data : 0x85586600 - 0x8c4fe438 (114144 kB)
[18:09:24.374] [MEM]   .bss : 0x8b20b000 - 0x8c4c7a08 (19187 kB)
[18:09:24.378] I2C3 initialized
[18:09:24.383] Modem IPC mode:
[18:09:24.388]   master_proc_idle=0
[18:09:24.393]   assert_level=3
[18:09:24.395]   sdu_prio=0
[18:09:24.399] ########################################
[18:09:24.405] ####       Board Configuration      ####
[18:09:24.455] ########################################
[18:09:24.461] Operator: [0x0000]
[18:09:24.466] Product : [0x0000]
[18:09:24.472] LTE>====================================
[18:09:24.476] IPv6 mode:[0]
[18:09:24.481] ## UE CONFIG
[18:09:24.484]  - Combined attach : [0]
[18:09:24.490]  - UE CAPABILITY
[18:09:24.494] 	> UE Category  : [0 (0/0)]
[18:09:24.498] 	> AS Rel Num   : [0]
[18:09:24.504] 	> FGI          : FDD [00000000 00000000 00000000]
[18:09:24.511] 	>              : TDD [00000000 00000000 00000000]
[18:09:24.516] 	> ROHC         : [1]
[18:09:24.524] 	> eMBMS        : [0]
[18:09:24.530] 	> TM           : [00/00/00]
[18:09:24.536] NR>=====================================
[18:09:24.543] [console] gdm_uart0 enabled
[18:09:24.551] [console] crash enabled
[18:09:24.555] [console] gdm_ipc enabled
[18:09:24.562] ----------------------------------------------------------------------------
[18:09:24.568]  NR - FW ver: 0.1.0.0
[18:09:24.572] ----------------------------------------------------------------------------
[18:09:24.575]  Pkg: 1.11.0
[18:09:24.578] ----------------------------------------------------------------------------
[18:09:24.585] ----------------------------------------------------------------------------
[18:09:24.594]  LTE - FW ver: 0.3.5.0
[18:09:24.600] ----------------------------------------------------------------------------
[18:09:24.608] nv_checksum_info: 0
[18:09:24.615] nr driver ver 1.0
[18:09:24.622]   usl
[18:09:24.628] param_mtu=1500
[18:09:24.634] ipc init ch=1
[18:09:24.641] ipc ch[1]:SDU, irb: va=ffffffc082551018-ffffffc082599018 pa=83400018-83448018
[18:09:24.647] ipc ch[1]:SDU, irb_work: va=ffffffc0825d1018-ffffffc082601038 pa=83480018-834b0038
[18:09:24.650]   irb nr: tx=4096(2080bytes) rx=8192(2080bytes)
[18:09:24.657]    irb tx: va=ffffffc082551018-ffffffc082569018 pa=83400018-83418018
[18:09:24.663]    irb rx: va=ffffffc082569020-ffffffc082599020 pa=83418020-83448020
[18:09:24.670] ipc init ch=1
[18:09:24.674]   peer-genirq=1a111020 ( 1m5-2c)h_
[18:09:24.679] enabled = 0sx-1ch_e000ledNET100:
[18:09:24.685] 03i
[18:09:24.692] b->buffer=83ddd0f8
[18:09:24.698]   IPC_BUF_RSVD_SIZE=184(0xb8)
[18:09:24.702]   NET_IP_ALIGN=0
[18:09:24.708] start_net.sh
[18:09:24.713] VLANEN=0
[18:09:24.717] act=1
[18:09:24.723] Run start_br.sh
[18:09:24.728] local null ip=0.0.0.0 mask=0.0.0.0 00:00:00:00:00:00 en=0
[18:09:24.731] GDM_LOCAL_DEVIF=br0
[18:09:24.736] NIF: up(lo)
[18:09:24.743] [0] br0 addr=192.168.0.1 mask=255.255.255.0 local=192.168.0.1 bcast=192.168.0.255
[18:09:24.747] netif set local br0 ip=192.168.0.1 mask=255.255.255.0 00:00:00:00:00:00 en=0
[18:09:24.751] NIF: up(br0)
[18:09:24.758] brctl: iface eth0: No such device
[18:09:24.761] ifconfig: SIOCSIFADDR: No such device
[18:09:24.766] brctl: iface usb0: No such device
[18:09:24.772] ifconfig: SIOCSIFADDR: No such device
[18:09:24.777] Setting dhcp configuration..
[18:09:24.781] Internet Systems Consortium DHCP Server 4.1-ESV-R16-P2
[18:09:24.785] Copyright 2004-2022 Internet Systems Consortium.
[18:09:24.792] All rights reserved.
[18:09:24.835] For info, please visit https://www.isc.org/software/dhcp/
[18:09:24.839] Wrote 0 leases to leases file.
[18:09:24.844] Listening on LPF/br0/92:3f:16:33:3d:b0/192.168.0.0/24
[18:09:24.848] Sending on   LPF/br0/92:3f:16:33:3d:b0/192.168.0.0/24
[18:09:24.853] Sending on   Socket/fallback/fallback-net
[18:09:25.230] DTS_WIFI_STATUS=okay
[18:09:25.235] DTS_WIFI_VENDOR=synaptics
[18:09:25.240] DTS_WIFI_DEVICE=syn4384
[18:09:25.243] Activating Synaptics WIFI
[18:09:25.247] /etc/sysconfig/script/start_synaptics.sh: line 4: wifi: command not found
[18:09:25.251] 0xffffffa016400810: 00000000->0000001f
[18:09:25.258] bcmdhd: unknown parameter 'conf_path' ignored
[18:09:25.262] [dhd] _dhd_module_init: in Dongle Host Driver, version 103.20.62.47(20260702-1)(20260708-1)(6792bdc)
[18:09:25.266] /home/djkim/work/sdk/7275x/wifi/syn4384_lin6_crash/component/standalone/wifi/synaptics_4384/bcmdhd.103.20.x compiled on Sep  2 2026 at 11:21:38
[18:09:25.274] [dhd] KERNEL_VERSION = 6.12.49 (64bits)
[18:09:25.277] [dhd] STATIC-MSG) dhd_init_wlan_mem : prealloc ok for index 0: 2071552(2023K)
[18:09:25.281] [dhd] ======== Get GPIO from DTS(android,bcmdhd_wlan) ========
[18:09:25.284] [dhd] dhd_wlan_init_gpio: gpio_wl_reg_on=153
[18:09:25.291] [dhd] dhd_wifi_platform_load: Enter
[18:09:25.440] [dhd] Power-up adapter 'DHD generic adapter'
[18:09:25.454] [dhd] wifi_platform_set_power = 1, delay: 200 msec
[18:09:25.458] [dhd] ======== PULL WL_REG_ON(153) HIGH! ========
[18:09:25.464] [dhd] wifi_platform_set_power = 1, sleep done: 200 msec
[18:09:25.472] [dhd] wifi_platform_bus_enumerate device present 1
[18:09:25.478] [dhd] ======== Card detection to detect PCIE card! ========
[18:09:25.483] [dhd] Synaptics or Broadcom PCI device enumerated!
[18:09:25.489] [dhd] dhd_wifi_platform_load_pcie: dhd_bus_register failed err=-1
[18:09:25.495] [dhd] unregister wifi platform drivers
[18:09:25.501] [dhd] wifi_platform_set_power = 0, delay: 10 msec
[18:09:25.506] [dhd] ======== PULL WL_REG_ON(153) LOW! ========
[18:09:25.512] [dhd] wifi_platform_set_power = 0, sleep done: 10 msec
[18:09:25.520] [dhd] wifi_platform_bus_enumerate device present 0
[18:09:25.526] [dhd] ======== Card detection to remove PCIE card! ========
[18:09:25.532] [dhd] dhd_wlan_free_gpio: gpio_free(153) for WL_REG_ON
[18:09:25.535] [dhd] _dhd_module_init: Failed to load the driver, try cnt 1
[18:09:25.541] [dhd] ======== Get GPIO from DTS(android,bcmdhd_wlan) ========
[18:09:25.546] [dhd] dhd_wlan_init_gpio: gpio_wl_reg_on=153
[18:09:25.553] [dhd] dhd_wifi_platform_load: Enter
[18:09:25.664] [dhd] Power-up adapter 'DHD generic adapter'
[18:09:25.672] [dhd] wifi_platform_set_power = 1, delay: 200 msec
[18:09:25.678] [dhd] ======== PULL WL_REG_ON(153) HIGH! ========
[18:09:25.683] [dhd] wifi_platform_set_power = 1, sleep done: 200 msec
[18:09:25.687] [dhd] wifi_platform_bus_enumerate device present 1
[18:09:25.690] [dhd] ======== Card detection to detect PCIE card! ========
[18:09:25.694] [dhd] Synaptics or Broadcom PCI device enumerated!
[18:09:25.697] [dhd] dhd_wifi_platform_load_pcie: dhd_bus_register failed err=-1
[18:09:25.701] [dhd] unregister wifi platform drivers
[18:09:25.707] [dhd] wifi_platform_set_power = 0, delay: 10 msec
[18:09:25.711] [dhd] ======== PULL WL_REG_ON(153) LOW! ========
[18:09:25.715] [dhd] wifi_platform_set_power = 0, sleep done: 10 msec
[18:09:25.719] [dhd] wifi_platform_bus_enumerate device present 0
[18:09:25.724] [dhd] ======== Card detection to remove PCIE card! ========
[18:09:25.728] [dhd] dhd_wlan_free_gpio: gpio_free(153) for WL_REG_ON
[18:09:25.732] [dhd] _dhd_module_init: Failed to load the driver, try cnt 0
[18:09:25.736] [dhd] _dhd_module_init: Failed to load driver max retry reached**
[18:09:25.741] [dhd] STATIC-MSG) dhd_static_buf_exit : Enter
[18:09:25.746] [dhd] _dhd_module_init: Exit err=-1
[18:09:25.750] bcmdhd: unknown parameter 'conf_path' ignored
[18:09:25.754] [dhd] _dhd_module_init: in Dongle Host Driver, version 103.20.62.47(20260702-1)(20260708-1)(6792bdc)
[18:09:25.758] /home/djkim/work/sdk/7275x/wifi/syn4384_lin6_crash/component/standalone/wifi/synaptics_4384/bcmdhd.103.20.x compiled on Sep  2 2026 at 11:21:38
[18:09:25.761] [dhd] KERNEL_VERSION = 6.12.49 (64bits)
[18:09:25.765] [dhd] STATIC-MSG) dhd_init_wlan_mem : prealloc ok for index 0: 2071552(2023K)
[18:09:25.768] [dhd] ======== Get GPIO from DTS(android,bcmdhd_wlan) ========
[18:09:25.775] [dhd] dhd_wlan_init_gpio: gpio_wl_reg_on=153
[18:09:25.920] [dhd] dhd_wifi_platform_load: Enter
[18:09:25.927] [dhd] Power-up adapter 'DHD generic adapter'
[18:09:25.933] [dhd] wifi_platform_set_power = 1, delay: 200 msec
[18:09:25.941] [dhd] ======== PULL WL_REG_ON(153) HIGH! ========
[18:09:25.947] [dhd] wifi_platform_set_power = 1, sleep done: 200 msec
[18:09:25.951] [dhd] wifi_platform_bus_enumerate device present 1
[18:09:25.954] [dhd] ======== Card detection to detect PCIE card! ========
[18:09:25.961] [dhd] Synaptics or Broadcom PCI device enumerated!
[18:09:25.967] [dhd] dhd_wifi_platform_load_pcie: dhd_bus_register failed err=-1
[18:09:25.970] [dhd] unregister wifi platform drivers
[18:09:25.974] [dhd] wifi_platform_set_power = 0, delay: 10 msec
[18:09:25.979] [dhd] ======== PULL WL_REG_ON(153) LOW! ========
[18:09:25.985] [dhd] wifi_platform_set_power = 0, sleep done: 10 msec
[18:09:25.988] [dhd] wifi_platform_bus_enumerate device present 0
[18:09:25.994] [dhd] ======== Card detection to remove PCIE card! ========
[18:09:25.999] [dhd] dhd_wlan_free_gpio: gpio_free(153) for WL_REG_ON
[18:09:26.007] [dhd] _dhd_module_init: Failed to load the driver, try cnt 1
[18:09:26.013] [dhd] ======== Get GPIO from DTS(android,bcmdhd_wlan) ========
[18:09:26.016] [dhd] dhd_wlan_init_gpio: gpio_wl_reg_on=153
[18:09:26.144] [dhd] dhd_wifi_platform_load: Enter
[18:09:26.150] [dhd] Power-up adapter 'DHD generic adapter'
[18:09:26.156] [dhd] wifi_platform_set_power = 1, delay: 200 msec
[18:09:26.163] [dhd] ======== PULL WL_REG_ON(153) HIGH! ========
[18:09:26.169] [dhd] wifi_platform_set_power = 1, sleep done: 200 msec
[18:09:26.174] [dhd] wifi_platform_bus_enumerate device present 1
[18:09:26.178] [dhd] ======== Card detection to detect PCIE card! ========
[18:09:26.182] [dhd] Synaptics or Broadcom PCI device enumerated!
[18:09:26.186] [dhd] dhd_wifi_platform_load_pcie: dhd_bus_register failed err=-1
[18:09:26.190] [dhd] unregister wifi platform drivers
[18:09:26.194] [dhd] wifi_platform_set_power = 0, delay: 10 msec
[18:09:26.198] [dhd] ======== PULL WL_REG_ON(153) LOW! ========
[18:09:26.201] [dhd] wifi_platform_set_power = 0, sleep done: 10 msec
[18:09:26.206] [dhd] wifi_platform_bus_enumerate device present 0
[18:09:26.210] [dhd] ======== Card detection to remove PCIE card! ========
[18:09:26.214] [dhd] dhd_wlan_free_gpio: gpio_free(153) for WL_REG_ON
[18:09:26.218] [dhd] _dhd_module_init: Failed to load the driver, try cnt 0
[18:09:26.222] [dhd] _dhd_module_init: Failed to load driver max retry reached**
[18:09:26.226] [dhd] STATIC-MSG) dhd_static_buf_exit : Enter
[18:09:26.389] [dhd] _dhd_module_init: Exit err=-1
[18:09:26.393] insmod: can't insert '/lib/modules/6.12.49/updates/bcmdhd.ko': Operation not permitted
[18:09:26.397] Could not read interface wlan0 flags: No such device
[18:09:26.400] nl80211: Driver does not support authentication/association or connect commands
[18:09:26.405] nl80211: deinit ifname=wlan0 disabled_11b_rates=0
[18:09:26.452] Could not read interface wlan0 flags: No such device
[18:09:26.460] nl80211 driver initialization failed.
[18:09:26.464] wlan0: interface state UNINITIALIZED->DISABLED
[18:09:26.468] wlan0: AP-DISABLED 
[18:09:26.472] wlan0: CTRL-EVENT-TERMINATING 
[18:09:26.752] hostapd_free_hapd_data: Interface wlan0 wasn't started
[18:09:26.759] ifconfig: SIOCSIFADDR: No such device
[18:09:26.762] Loading simple NAT configuration..
[18:09:26.766] INTF=br0, WANINTF=nr0pdu3
[18:09:26.769] register ip_conntrack_cb
[18:09:26.774] <message>[NV] CRIT(cotra:1380): file=nv_7275x.c(304) cmn2_nv_read
[18:09:26.778] [NV] [cotra] invalid CMN2_PORT(id=1) magic
[18:09:26.781] [NV] +nv_write [cotra] CMN2_PORT(36) data=0x416010 part=36 size=0xa09
[18:09:26.785] [NV] cotra CMNNV2 Write Skip (3:CMN2_PORT, 0x0, 2569)
[18:09:26.790] [NV] -nv_write [cotra] CMN2_PORT(36) data=0x416010 part=36 size=0xa09
[18:09:26.822] Fail to Check DMZ Setting. Please, restart Command</message>
[18:09:26.919] 1970-01-01 00:00:08: (../../src/configfile.c.387) Warning: please add "mod_authn_file" to server.modules list in lighttpd.conf.  A future release of lighttpd 1.4.x will not automatically load mod_authn_file and lighttpd will fail to start up since your lighttpd.conf uses auth.backend = "htpasswd".
[18:09:26.929] Run usb_configfs.sh
[18:09:26.939] usbeth ENABLE=1, mode=0, serial cfg: gs0=0 gs1=0 dm0=0 dm1=0
[18:09:26.948] configfs-gadget.g1 gadget.0: HOST MAC 00:0a:3b:ff:ff:02
[18:09:26.958] configfs-gadget.g1 gadget.0: MAC 00:0a:3b:ff:ff:01
[18:09:27.080] set hostif=usb0 cnt=0
[18:09:27.092] net_mode=0
[18:09:27.101] udc: gadget start
[18:09:27.110] c00: gdm_irq_set_type: cpu=0 hwirq=208 type=4
[18:09:27.121] c00: set_affinity: no online irq=50(DWC3) cpu=2
[18:09:27.131] USB gadget configured: ETH=rndis.usb0, ACM count=0, UDC=13500000.dwc3
[18:09:27.140] IPV6Q LOG(00000004):
[18:09:27.148] ipv6q_enabled=0
[18:09:27.185] NET EMUL LOG(00000000):
[18:09:27.193]  NULL
[18:09:27.201] net_emul_mask=00000000
[18:09:27.210] net.core.rmem_max = 16777216
[18:09:27.214] net.core.wmem_max = 16777216
[18:09:27.217] net.ipv4.tcp_rmem = 4096 131072 16777216
[18:09:27.222] net.ipv4.tcp_wmem = 4096 131072 16777216
[18:09:27.231] net.ipv4.tcp_moderate_rcvbuf = 1
[18:09:27.239] mrd: mrd_lplog_start 
[18:09:27.247] [mrd_lplog] listening on 0.0.0.0:1011 (id=0, idx=0)
[18:09:27.251] [mrd_lplog] listening on 0.0.0.0:1012 (id=1, idx=1)
[18:09:27.256] [mrd_lplog] listening on 0.0.0.0:1013 (id=2, idx=2)
[18:09:27.263] [mrd_lplog] listening on 0.0.0.0:1014 (id=3, idx=3)
[18:09:27.268] [mrd_lplog] listening on 0.0.0.0:1015 (id=4, idx=4)
[18:09:27.273] [mrd_lplog] listening on 0.0.0.0:1016 (id=5, idx=5)
[18:09:27.280] [mrd_lplog] listening on 0.0.0.0:1017 (id=6, idx=6)
[18:09:27.291] [mrd_lplog] listening on 0.0.0.0:1018 (id=7, idx=7)
[18:09:27.296] [mrd_lplog] listening on 0.0.0.0:1019 (id=8, idx=8)
[18:09:27.300] [mrd_lplog] LP_LOG_ID_ULP0 telnet port:1011
[18:09:27.304] [mrd_lplog] LP_LOG_ID_ULP1 telnet port:1012
[18:09:27.308] [mrd_lplog] LP_LOG_ID_ULP2 telnet port:1013
[18:09:27.312] [mrd_lplog] LP_LOG_ID_ULP3 telnet port:1014
[18:09:27.316] [mrd_lplog] LP_LOG_ID_DLP0 telnet port:1015
[18:09:27.320] [mrd_lplog] LP_LOG_ID_DLP1 telnet port:1016
[18:09:27.325] [mrd_lplog] LP_LOG_ID_DLP2 telnet port:1017
[18:09:27.329] [mrd_lplog] LP_LOG_ID_DLP3 telnet port:1018
[18:09:27.333] [mrd_lplog] LP_LOG_ID_SLP  telnet port:1019
[18:09:27.340] mrd: nrd started
[18:09:27.345] Open shared map and Init mutex in mrd_main!!
[18:09:27.349] mrd: ***************************************
[18:09:27.420] mrd: *          NR DAEMON START           *
[18:09:27.469] mrd: ***************************************
[18:09:27.482] mrd: operator_id=0
[18:09:27.490] lowd open nr=1
[18:09:27.496] gif_open mrd 1/0
[18:09:27.510] [mrd] bentry delayed copy: b336(4)
[18:09:27.517] udc: connect: conn=1 discon=0 rtc=000624b7
[18:09:27.524] Disable GPS Module ...
[18:09:27.543] Not Used
[18:09:27.557] RNDIS multi_pkt_tx_size: host=16384 nv=0 actual=16384 nr=10
[18:09:27.565] br0: port 1(usb0) entered blocking state
[18:09:27.578] br0: port 1(usb0) entered disabled state
[18:09:27.601] configfs-gadget.g1 gadget.0 usb0: entered allmulticast mode
[18:09:27.608] configfs-gadget.g1 gadget.0 usb0: entered promiscuous mode
[18:09:27.616] eth_open
[18:09:27.624] eth_start
[18:09:27.631] NIF: up(usb0)
[18:09:27.638] gif_mmap va=0x7fb3b57000 pa=0x96292000 sz=8192
[18:09:27.645] mrautocm: ucfg_retry : 0
[18:09:27.653] mrautocm: [LTE UCFG] cfun(0), manual(0)
[18:09:27.661] mrd: TID list initialized.
[18:09:27.668] mrautocm: NR Search(Core:0, Selection Mode: 0, cellTypeMode: 0, Roam: 0)
[18:09:27.677] mrd: T-ID Feature Activation is Done.
[18:09:27.685] mrautocm: RAT (LTE NV: 0, NR NV: 0)
[18:09:27.693] mrautocm: [PLMN LTE] Core(0), Mode(0), CellType(0), Roam(0), List Num(0)
[18:09:27.700] mrautocm: [PLMN LTE] searchMode(0), MCC[0]=0, MCC[1]=0, MCC[2]=0
[18:09:27.708] mrautocm: [PLMN NR] Core(0), Mode(0), CellType(0), Roam(0), List Num(4)
[18:09:27.715] mrautocm: [usb0 set host mac: 00:0a:3b:ff:ff:02
[18:09:27.721] PLMN NR] searchMode(0), MCC[0]=0, MCC[1]=0, MCC[2]=0
[18:09:27.730] mrautocm: [PLMN NR][MRU] Count(5)
[18:09:27.735] mrautocm: [PLMN NR][ARFCN](1/1), Band(26), ARFCN(172370)
[18:09:27.752] mrautocm: [PLMN NR][Band](1/1), Band(26)
[18:09:27.764] mrautocm: [PLMN NR][ARFCN Range](1/1), Band(26) ARFCN(from: 171800 to: 178800)
[18:09:27.773] mrautocm: CORE NET (LTE NV: 0, NR NV: 0)
[18:09:27.780] mrautocm: LTE PDN[1] Enable(1), Connect Order(1) Label(ims), Type(2), APN(IMS) PCO()
[18:09:27.789] mrautocm: LTE PDN[2] Enable(1), Connect Order(0) Label(admin), Type(2), APN(VZWADMIN) PCO()
[18:09:27.798] mrautocm: LTE PDN[3] Enable(1), Connect Order(2) Label(internet), Type(2), APN(V5GA01INTERNET) PCO()
[18:09:27.807] mrautocm: LTE PDN[4] Enable(1), Connect Order(0) Label(app), Type(2), APN(VZWAPP) PCO()
[18:09:27.813] mrautocm: LTE PDN[5] Enable(1), Connect Order(0) Label(emergency), Type(2), APN() PCO()
[18:09:27.816] mrautocm: LTE PDN[6] Enable(0), Connect Order(0) Label(enterprise), Type(2), APN(VZWCLASS6) PCO()
[18:09:27.824] mrautocm: LTE PDN[7] Enable(0), Connect Order(0) Label(b2b), Type(0), APN(VZWCLASS7) PCO()
[18:09:27.832] mrautocm: LTE PDN[8] Enable(0), Connect Order(0) Label(reserved3), Type(0), APN() PCO()
[18:09:27.838] mrautocm: NR PDU[1] Enable(0), Connect Order(0) Label(ims), Type(3), DNN(), PCO(), S-NSSAI(len:0 sst:00 sd:000000 mapped_sst:00 mapped_sd:000000)
[18:09:27.848] mrautocm: NR PDU[2] Enable(0), Connect Order(0) Label(admin), Type(3), DNN(), PCO(), S-NSSAI(len:0 sst:00 sd:000000 mapped_sst:00 mapped_sd:000000)
[18:09:27.861] mrautocm: NR PDU[3] Enable(1), Connect Order(1) Label(internet), Type(1), DNN(), PCO(), S-NSSAI(len:0 sst:00 sd:000000 mapped_sst:00 mapped_sd:000000)
[18:09:27.879] mrautocm: NR PDU[4] Enable(0), Connect Order(0) Label(app), Type(3), DNN(), PCO(), S-NSSAI(len:0 sst:00 sd:000000 mapped_sst:00 mapped_sd:000000)
[18:09:27.904] mrautocm: NR PDU[5] Enable(0), Connect Order(0) Label(emergency), Type(3), DNN(), PCO(), S-NSSAI(len:0 sst:00 sd:000000 mapped_sst:00 mapped_sd:000000)
[18:09:27.934] mrautocm: NR PDU[6] Enable(0), Connect Order(0) Label(enterprise), Type(3), DNN(), PCO(), S-NSSAI(len:0 sst:00 sd:000000 mapped_sst:00 mapped_sd:000000)
[18:09:27.960] mrautocm: NR PDU[7] Enable(0), Connect Order(0) Label(b2b), Type(3), DNN(), PCO(), S-NSSAI(len:0 sst:00 sd:000000 mapped_sst:00 mapped_sd:000000)
[18:09:27.994] mrautocm: NR PDU[8] Enable(0), Connect Order(0) Label(reserved), Type(3), DNN(), PCO(), S-NSSAI(len:0 sst:00 sd:000000 mapped_sst:00 mapped_sd:000000)
[18:09:28.028] mrautocm: [mrcm_ucfg_get_overheat] Overheat is disable. 
[18:09:28.067] mrautocm: [mrcm_process_temperature_set] Executing command: kern temp uintv 0
[18:09:28.101] enabled=1
[18:09:28.135] interval_sec=1(sec)
[18:09:28.163] user_interval_ticks=0/0(sec)
[18:09:28.192] log_enabled=0
[18:09:28.218] mrautocm: [IMS] Enable(0)
[18:09:28.248] mrautocm: [EAP] PDU auth bypass pdu1 (0)
[18:09:28.268] mrautocm: [EAP] PDU auth bypass pdu2 (0)
[18:09:28.293] mrautocm: [EAP] PDU auth bypass pdu3 (0)
[18:09:28.324] mrautocm: [EAP] PDU auth bypass pdu4 (0)
[18:09:28.358] mrautocm: [EAP] PDU auth bypass pdu5 (0)
[18:09:28.388] mrautocm: [EAP] PDU auth bypass pdu6 (0)
[18:09:28.420] mrautocm: [EAP] PDU auth bypass pdu7 (0)
[18:09:28.470] mrautocm: [EAP] PDU auth bypass pdu8 (0)
[18:09:28.498] gif_to_ipc: delayed req 3335(2044)
[18:09:28.523] gif_to_ipc: delayed req 3335(2044)
[18:09:28.543] mrd: get_lted_keep_alive_setting, lted_keep_alive setting (enable=0, expired_time=0, max_retry_val=0)
[18:09:28.571] mrd: [SERVER] new connection request
[18:09:28.589] mrd: lted_srv_alloc_client id=0
[18:09:28.627] gif_to_ipc: delayed req 3335(2044)
[18:09:28.641] mrd: [SERVER] assigns client index 0 proc=mratcm(1455)
[18:09:28.658] mrd: [SERVER] new connection request
[18:09:28.667] mrd: lted_srv_alloc_client id=1
[18:09:28.678] mrd: [SERVER] assigns client index 1 proc=mrbip(1472)
[18:09:28.684] mrd: [SERVER] new connection request
[18:09:28.694] mrd: lted_srv_alloc_client id=2
[18:09:28.698] mrgif_to_ipc: delayed req 3335(2044)
[18:09:28.703] d: [SERVER] assigns client index 2 proc=cli(1512)
[18:09:28.708] mrd: [SERVER] new connection request
[18:09:28.713] mrd: lted_srv_alloc_client id=3
[18:09:28.719] mrbip: lted_client_init_ex success (id: 1, client_identitygif_to_ipc: delayed req 3335(2044)
[18:09:28.727]  : 0x00000000, pid (1472-mrbip) 
[18:09:28.733] mrd: [SERVER] assigns client index 3 proc=mrcm(1513)
[18:09:28.740] mrautocm: lted_client_init_ex success (id: 3, client_identity : 0x00000040, pid (1513-mrcm) 
[18:09:28.745] mrbip: Wait LTEgif_to_ipc: delayed req 3335(2044)
[18:09:28.750]  PS INIT..
[18:09:28.758] gif_to_ipc: delayed req 3335(2044)
[18:09:28.763] gif_to_ipc: delayed req 3335(2044)
[18:09:28.769] gif_to_ipc: delayed req 3335(2044)
[18:09:28.777] gif_to_ipc: delayed req 3335(2044)
[18:09:28.784] gif_to_ipc: delayed req 3335(2044)
[18:09:28.791] DM> DM> gif_to_ipc: delayed req 3335(2044)
[18:09:28.795] DM> DM> DM> mrd: clearing start - eps_id = 0xffef
[18:09:28.801] mrd: clearing done
[18:09:28.808] mrd: nr rf scr: access(/etc/sysconfig/script/lte_scr/rf/x_6)=-1
[18:09:28.814] mrd: NR  DEVICE INSERT(DEV_IDX(1))
[18:09:28.823] $ shell
[18:09:28.831] (0xc83f56f5/0xc83f56f5)
[18:09:28.837] [NVM] READ Head N_INFO         (7243,10,5a) - Status(0)
[18:09:28.845] [NVM] READ Head N_BCFG         (7243,10,5b) - Status(0)
[18:09:28.849] [NVM] READ Head N_RFCAL        (7243,18,48) - Status(0)
[18:09:28.857] [NVM] READ Head N_TCCAL        (7243,10,2b) - Status(0)
[18:09:28.867] [NVM] READ Head N_NETWORK      (0000,00,00) - Status(0)
[18:09:28.874] [NVM] Default NV Memory Write(4)
[18:09:28.881] [NVM] NV NETWORK DUMP
[18:09:28.886] [NVM] READ Head N_SAFE         (7243,10,31) - Status(0)
[18:09:28.891] [V_SIM]ProcNvBcfgData/gstVsimEnData:0
[18:09:28.897] default tdm log level=2 (NV:2)
[18:09:28.909] [MRM] [CHK]MRM: NVM_INIT_CMPL_IND 
[18:09:28.964] [CHK]UMM: NVM_INIT_CMPL_IND 
[18:09:28.975] [UMM_ERR] [V_SIM]eVSIM_Enabled::5 
[18:09:28.989] [UMM_ERR] (UMM_MODE_EMUL)/Virtual SIM :5 
[18:09:28.997] [UMM_ERR] [V_SIM]UMM_Update_AllCacheItems_forUSIM, eVSIM: :5 
[18:09:29.006] [MRM_UMM][UMM][UMM_UICC_ACT_IND] nMsgSize:24 
[18:09:29.020] [UMM_ERR] [V_SIM]Enter UMM_ACTIVE state  
[18:09:29.024]  LTE L1 initialize...
[18:09:29.032] l1_modem_init(restart=0,init=0)
[18:09:29.045] mrd: NR force_dhcp == 0
[18:09:29.062] mrd: Don't start DHCP procedure for IPv6/NAS mode. pdn_ip_type = 0, ip_alloc = 0
[18:09:29.069] mrd: clearing start - eps_id = 0xfeff
[18:09:29.077] mrd: clearing done
[18:09:29.086] c10: cpu_smc_handler: fid=c1000030 x1=0 x2=0 x3=0 x4=0
[18:09:29.095] c10: OIC_TZPROT: 00000000->ffffffff
[18:09:29.102]  =====   RF NV3  ====== 
[18:09:29.112] [CSI] INIT: STI=10239
[18:09:29.119] [rxm_meas_init] Disable Measuremnt
[18:09:29.127] [RXM_DM_InitDebugOption] INIT (1)
[18:09:29.133] [L1C] INIT2(RFFE=65542)
[18:09:29.141] l1_bb_ctrl(0)
[18:09:29.145] [NAS_CACHE] Access Control Class: 0x0001
[18:09:29.150] [NAS_CACHE] UE Operation Mode: 0x80 Length of MNC: 3
[18:09:29.156] [NAS_CACHE] NOT Available the UAC Access Identities Configuration EF
[18:09:29.162] [NAS_CACHE] Higher Priority PLMN search period (28800 Sec)
[18:09:29.166] Equivalent HPLMN 0: 0x00f110 
[18:09:29.172] Equivalent HPLMN 1: 0x130184 
[18:09:29.177] [NAS_CACHE] SUCI calculation is to be performed by the ME
[18:09:29.181] [NAS_CACHE] NOT Available Subscription identifier privacy support
[18:09:29.186] [NAS_CACHE] NOT Available the 5GS Operator PLMN List EF
[18:09:29.200] [NAS_CACHE] NOT Available the Routing Indicator EF
[18:09:29.225] [NAS_CACHE] [ERR] Read Failed for PNN EF <IN cacheReadEFPNN 5203>
[18:09:29.234] [NAS_CACHE] [ERR] Read Failed for OPL EF <IN cacheReadEFOPL 5227>
[18:09:29.245] [NAS_CACHE] NOT Available the Operator controlled signal threshold per access technology EF
[18:09:29.252] [NAS_CACHE] Requested the File Count: 29
[18:09:29.261] [FSM] [H] Cell DB:halfBank 317, blockFree 634, blockNo 634, blockSz 252
[18:09:29.275] L1_BandInfoNV: B1 B2 B3 B4 B5 B6 B7 B8 B10 B12 B13 B14 B17 B18 B19 B20 B25 B26 B28 B29 B30 B34 B38 B39 B40 B41 B42 B43 B48 B52 B66 B71 B77(x) B78(x)
[18:09:29.288] [L3API][H]  user FreqTable's init'd: 856AD8F8
[18:09:29.294] [IMC] [H]Supported Band: B1 B2 B3 B4 B5 B6 B7 B8 B10 B12 B13 B14 B17 B18 B19 B20 B25 B26 B28 B29 B30 B34 B38 B39 B40 B41 B42 B43 B48 B52 B66 B71
[18:09:29.302] [L3API] 	Max Layer: B71:4/1 B66:4/1
[18:09:29.312] [L3API] 	Max Layer: B52:4/2 B48:4/2 B43:4/2 B42:4/2 B41:4/1 B40:4/1 B39:4/1 B38:4/1 B34:4/1 B30:4/1
[18:09:29.321] [L3API][H] 	B29: not support UL
[18:09:29.329] [L3API] 	Max Layer: B29:4/0 B28:4/1 B26:4/1 B25:4/1 B20:4/1 B19:4/1 B18:4/1 B17:4/1 B14:4/1 B13:4/1
[18:09:29.338] [L3API] 	Max Layer: B12:4/1 B10:4/1 B8:4/1 B7:4/1 B6:4/1 B5:4/1 B4:4/1 B3:4/1 B2:4/1 B1:4/1
[18:09:29.348] [L3API][H] Init BC List - mode:0, count:32
[18:09:29.358] [L3API][H]  BandPair Count: 32 (640)
[18:09:29.364] [L3API][H]  MakeMimoBandComb:(B1:0x14)
[18:09:29.373] [L3API][H]  MakeMimoBandComb:(B2:0x14)(B3:0x14)(B4:0x14)(B5:0x14)(B6:0x14)(B7:0x14)(B8:0x14)(B10:0x14)(B12:0x14)([L3API][H]  MakeMimoBandComb:(B14:0x14)(B17:0x14)(B18:0x14)(B19:0x14)(B20:0x14)(B25:0x14)(B26:0x14)(B28:0x14)(B29[L3API][H]  MakeMimoBandComb:(B34:0x14)(B38:0x14)(B39:0x14)(B40:0x14)(B41:0x14)(B42:0x24)(B43:0x24)(B48:0x24)(B52[L3API][H]  MakeMimoBandComb:(B71:0x14)
[18:09:29.388] [L3API][E]  RRC_UE_EUTRA_Capability_v9a0_IEs is NULL[NV] +nv_write [mrd] SAFE(5) data=0x7fb3aa7010 offs=0x139a8 size=0x1
[18:09:29.411] [L3API][H] Set PHY Capability Parameters
[18:09:29.451] [L3API][H] 	multiClusterPUSCH_WithinCC (1)
[18:09:29.480] [L3API][H]  Support  B1 B2 B3 B4 B5 B6 B7 B8 B10 B12 B13 B14 B17 B18 B19 B20 B25 B26 B28 B29 B30 B34 B38 B39 B40 [L3API][H] Set modifiedMPR_Behavior_r10 : 60 00 00 00 (32)
[18:09:29.506] [L3API][H] 	freqBandRetrieval (1)
[18:09:29.552] [L3API] 	Set dl_256QAM_r12: 1
[18:09:29.581] [L3API] 	Set ul_64QAM_r12 1
[18:09:29.619] [L3API][H]  set_db_capability_r12_rf : DL256-1, UL64-1 (32)
[18:09:29.642] [L3API][H]  set_db_capability_r13_rf : MaxCCs-1, ReducedINCComb-1, SkipFallbackComb-1
[18:09:29.669] [L3API][H] Default BCL cnt 32
[18:09:29.692] [L3API][H] 	[0] - 1(1) *
[18:09:29.714] [L3API][H] 	[1] - 1(2) *
[18:09:29.753] [L3API][H] 	[2] - 1(3) *
[18:09:29.798] [L3API][H] 	[3] - 1(4) *
[18:09:29.826] [L3API][H] 	[4] - 1(5) *
[18:09:29.852] [L3API][H] 	[5] - 1(6) *
[18:09:29.879] [L3API][H] 	[6] - 1(7) *
[18:09:29.897] [L3API][H] 	[7] - 1(8) *
[18:09:29.916] [L3API][H] 	[8] - 1(10) *
[18:09:29.932] [L3API][H] 	[9] - 1(12) *
[18:09:29.949] [L3API][H] 	[10] - 1(13) *
[18:09:29.966] [L3API][H] 	[11] - 1(14) *
[18:09:29.986] [L3API][H] 	[12] - 1(17) *
[18:09:30.010] [L3API][H] 	[13] - 1(18) *
[18:09:30.035] [L3API][H] 	[14] - 1(19) *
[18:09:30.059] [L3API][H] 	[15] - 1(20) *
[18:09:30.084] [L3AP[NV] [LTE_NV] mrd Write Skip id=5(SAFE)
[18:09:30.099] [NV] -nv_write [mrd] SAFE(5) data=0x7fb3aa7010 offs=0x139a8 size=0x1
[18:09:30.115] I][H] 	[16] - 1(25) *
[18:09:30.124] [L3API][H] 	[17] - 1(26) *
[18:09:30.131] [L3API][H] 	[18] - 1(28) *
[18:09:30.137] [L3API][H] 	[19] - 1(29) :DB 64
[18:09:30.146] [L3API][H] 	[20] - 1(30) *
[18:09:30.151] [L3API][H] 	[21] - 1(34) *
[18:09:30.165] [L3API][H] 	[22] - 1(38) *
[18:09:30.172] [L3API][H] 	[23] - 1(39) *
[18:09:30.177] [L3API][H] 	[24] - 1(40) *
[18:09:30.182] [L3API][H] 	[25] - 1(41) *
[18:09:30.189] [L3API][H] 	[26] - 1(42) *
[18:09:30.197] [L3API][H] 	[27] - 1(43) *
[18:09:30.202] [L3API][H] 	[28] - 1(48) *
[18:09:30.215] [L3API][H] 	[29] - 1(52) *
[18:09:30.222] [L3API][H] 	[30] - 1(66) *
[18:09:30.231] [L3API][H] 	[31] - 1(71) *
[18:09:30.237] [L3API][H] Set modifiedMPR_Behavior_r10 : 60 00 00 00 (32)
[18:09:30.244] [L3API][H]  Making band combination list (31)
[18:09:30.250] [L3API][H]  supportedBandCombination_r10 malloc - 0x856AE758 (1984 * 31)
[18:09:30.256] [L3API] Set BC: 1(1), 0(0)
[18:09:30.261] [L3API] Set BC: 1(2), 0(0)
[18:09:30.266] [L3API] Set BC: 1(3), 0(0)
[18:09:30.273] [L3API] Set BC: 1(4), 0(0)
[18:09:30.279] [L3API] Set BC: 1(5), 0(0)
[18:09:30.282] [L3API] Set BC: 1(6), 0(0)
[18:09:30.286] [L3API] Set BC: 1(7), 0(0)
[18:09:30.291] [L3API] Set BC: 1(8), 0(0)
[18:09:30.296] [L3API] Set BC: 1(10), 0(0)
[18:09:30.301] [L3API] Set BC: 1(12), 0(0)
[18:09:30.305] [L3API] Set BC: 1(13), 0(0)
[18:09:30.310] [L3API] Set BC: 1(14), 0(0)
[18:09:30.314] [L3API] Set BC: 1(17), 0(0)
[18:09:30.318] [L3API] Set BC: 1(18), 0(0)
[18:09:30.321] [L3API] Set BC: 1(19), 0(0)
[18:09:30.325] [L3API] Set BC: 1(20), 0(0)
[18:09:30.330] [L3API] Set BC: 1(25), 0(0)
[18:09:30.334] [L3API] Set BC: 1(26), 0(0)
[18:09:30.338] [L3API] Set BC: 1(28), 0(0)
[18:09:30.341] [L3API] Set BC: 1(30), 0(0)
[18:09:30.345] [L3API] Set BC: 1(34), 0(0)
[18:09:30.348] [L3API] Set BC: 1(38), 0(0)
[18:09:30.352] [L3API] Set BC: 1(39), 0(0)
[18:09:30.356] [L3API] Set BC: 1(40), 0(0)
[18:09:30.359] [L3API] Set BC: 1(41), 0(0)
[18:09:30.363] [L3API] Set BC: 1(42), 0(0)
[18:09:30.366] [L3API] Set BC: 1(43), 0(0)
[18:09:30.369] [L3API] Set BC: 1(48), 0(0)
[18:09:30.372] [L3API] Set BC: 1(52), 0(0)
[18:09:30.375] [L3API] Set BC: 1(66), 0(0)
[18:09:30.378] [L3API] Set BC: 1(71), 0(0)
[18:09:30.380] [L3API][H]  Set SupportedBandCombination R10 (31 of 31)
[18:09:30.383] [L3API][H]  Set maxLayersMIMO_Indication_r12
[18:09:30.386] [L3API][H] Enable UL MIMO
[18:09:30.390] [L3API][H] TDD UL MIMO
[18:09:30.393] [L3API][H] Disable CA
[18:09:30.397] [L3API][H] Set modifiedMPR_Behavior_r10 : 60 00 00 00 (32)
[18:09:30.399] [L3API][H] Bit 13 : disabled
[18:09:30.402] [L3API][H] Bit 18 : disabled
[18:09:30.452] [L3API][H] Bit 13 : disabled
[18:09:30.455] [L3API][H] Bit 18 : disabled
[18:09:30.459] [L3API][H]  SetFgi: 1E9805FE 00000000 0000C1FF / 1E9805FE 00000000 0000C1FF
[18:09:30.461] [L3API][H]  SetFgi: FDD/TDD configured
[18:09:30.465] [L3API][H] Bit 13 : disabled
[18:09:30.467] [L3API][H] Bit 18 : disabled
[18:09:30.470] [L3API][H]  Set FGI Common (1E9805FE 00000000 0000C1FF)
[18:09:30.474] [L3API][H]  Set FGI FDD only (00000000 00000000 00000000)
[18:09:30.477] [L3API][H]  Set FGI TDD only (00000000 00000000 00000000)
[18:09:30.481] [L3API][H] Bit 13 : disabled
[18:09:30.484] [L3API][H] Bit 18 : disabled
[18:09:30.487] [L3API][H] Bit 13 : disabled
[18:09:30.491] [L3API][H] Bit 18 : disabled
[18:09:30.494] [L3API][H]  SetFgi: 1E9805FE 00000000 0000C1FF / 1E9805FE 00000000 0000C1FF
[18:09:30.497] [L3API][H]  SetFgi: FDD/TDD configured
[18:09:30.500] [L3API][H] Bit 13 : disabled
[18:09:30.503] [L3API][H] Bit 18 : disabled
[18:09:30.511] [L3API][H]  Set FGI Common (1E9805FE 00000000 0000C1FF)
[18:09:30.515] [L3API][H]  Set FGI FDD only (00000000 00000000 00000000)
[18:09:30.518] [L3API][H]  Set FGI TDD only (00000000 00000000 00000000)
[18:09:30.522] [L3API][H] BandNR: 0 (NR list not ready)
[18:09:30.525] [L3API][H]  set v1540:0  No NR supported band
[18:09:30.529] [L3API][H]  Set ul_RRC_Segmentation_r16
[18:09:30.532] [L3API][H] reset all default bcl
[18:09:30.535] [L3API][H]  default supportedBandCombination_v10i0 - 0x856BD7A8
[18:09:30.538] [L3API][H]  default supportedBandCombination_r10 - 0x856AE758
[18:09:30.541] [L3API][H] eutra seed: RunSrc=CFG
[18:09:30.545] [FSM] [L3>S][FSM_IMC_WaitInitialize__NASRRC_RRC_INITIALIZE_REQ] NASRRC_RRC_INITIALIZE_CNF
[18:09:30.547] [NL3] [H] Cell DB:halfBank 209, blockFree 418, blockNo 418, blockSz 764
[18:09:30.550] [32mNR_DB_SERV_CELL_DDCT(34) : 8780
[18:09:30.553] [0mL1_NrBandInfoNV:34
[18:09:30.560] filtering:
[18:09:30.565] [N3API]  user FreqTable's init'd: 856C8FD8
[18:09:30.568] [N3API] [CAPA-MEM][op-pre] pInfo=00000000 SBL(own=0 alloc=00000000) BCL.trk=0 FS.trk=0
[18:09:30.571] [N3API] [CAPA-MEM][cfg-cache] reset: empty
[18:09:30.574] [OTA RX:10240] 31:NRCAPA [2486]->
[18:09:30.577] E1A23000 47465A03 1F8D8387 20000160 93170001 83F0D802 6EFF8204 41020174
[18:09:30.580] 48005005 810A6260 04800000 86400035 68300018 01E81C79 0E7C0000 82FFE3F8
[18:09:30.584] FE3FF8FE 3F854408 000EDD00 01000100 01D00010 00100000 0140A626 01480000
[18:09:30.587] 08640003 56830001 801E81C7 90E7C000 082FFE3F 8FE3FF8F E3F85440 8000EDD8
[18:09:30.590] 00180018 001D8001 80018000 00140A62 60248000 00864000 35683000 1801E81C
[18:09:30.594] 790E7C00 0082DF03 C0DE0380 54008000 140A6260 34800000 86400035 68300018
[18:09:30.597] 01E81C79 0E7C0000 82FFE3F8 FE3FF8FE 3F854408 000EDC80 00800080 01C80008
[18:09:30.600] 00080000 0140A626 03C80000 08640003 56830001 801E81C7 90E7C000 082DE038
[18:09:30.604] 0DE03805 44080007 9C800080 00800001 40A62609 C8000008 64000356 83000180
[18:09:30.608] 1E81C790 E7C00008 2DE0380D E0380540 08000140 A6260CC8 00000864 00035683
[18:09:30.612] 0001801E 81C790E7 C000082D F83E0DE0 38054008 000140A6 260DC800 0008640mrd: UICC Activation done : driver open fail(-1)
[18:09:30.616] mrd: 
[18:09:30.624] UICC INDICATION(DEV_IDX(1))
[18:09:30.632] mrd: UICC ACTIVATED INDICATION
[18:09:30.642] mrautocm: [mrcm_ind_uicc_ind]
[18:09:30.648] mrautocm: UICC ACTIVATED INDICATION
[18:09:30.652] mrd: 
[18:09:30.656] INITIALIZATION PROTOCOL STACK RESPONSE(DEV_IDX(1))
[18:09:30.661] mrd: Result : 0
[18:09:30.664] mrd: WTD: LAPI_NotiArm1Reset : Hold[0]
[18:09:30.670] 0
[18:09:30.675] 03568300 01801E81 C790E7C0 00082DF8 3E0DF83E 05400800 0140A636 12C80000
[18:09:30.680] 08640003 56830001 801E81C7 90E7C000 082BFF0F C3F0FFC3 F0FC1500 20000502
[18:09:30.684] 98D84F20 00002190 000D5A0C 0006007A 071E439F 000020AF FE3FEFFB FF8FFBFE
[18:09:30.687] 54408000 ACE40024 000E4002 40000014 0E636140 84800000 86400035 68300018
[18:09:30.693] 01E81C79 0E7C0000 82BFF8FF BFEFFE3F EFF95142 0003B760 00E000E0 0076000E
[18:09:30.698] 000E0000 01000200 00005029 89883200 00021900 00D5A0C0 006007A0 71E439F0
[18:09:30.702] 00020BFF 0FC3F0FF C3F0FC15 1020003B 76000600 06000760 00600060 00000502
[18:09:30.707] 98988D20 00002190 000D5A0C 0006007A 071E439F 000020B7 E0F83780 E0151020
[18:09:30.711] 002B6200 02000620 00200000 05029898 95200000 2190000D 5A0C0006 007A071E
[18:09:30.715] 439F0000 20BFF8FE 3F8FFE3F 8FE15002 00005029 89897200 00021900 00D5A0C0
[18:09:30.720] 006007A0 71E439F0 00020A40 09001500 20000503 98D89901 20000021 90000D5A
[18:09:30.725] 0C000600 7A071E43 9F000020 AEFE3FEF FBBF8FFB FE545080 00ACE000 20000E00
[18:09:30.730] 02000000 40008000 00140A63 626C8000 00864000 35683000 1801E81C 790E7C00
[18:09:30.734] 0082BBF8 FFBFEEFE 3FEFF951 420002B3 80008000 38000800 00010002 00000050
[18:09:30.738] 1E800E00 00000000 38040000 0000E020 00001003 80C00000 000E0380 00020038
[18:09:30.743] 2600000C 00E0C800 00200383 60000100 0E128000 0508384E 00001820 E1400000
[18:09:30.747] 60038820 0001400E 23000004 08389800 001820E2 68000061 07800001 C0200000
[18:09:30.750] E5EC41E0 00007010 00003963 10780000 1C060000 0E5CC41E 00000701 C0000387
[18:09:30.756] 10780000 1C130000 0E58C41E 00000706 C0000387 10780000 18250004 0220E000
[18:09:30.760] 0E128000 090441E0 0000709C 00003973 10780000 1C280000 0E1C41E0 00006118
[18:09:30.763] 00100883 8000388C 00002411 07800001 84A00041 63107800 00184B00 040220F0
[18:09:30.767] 00003898 00001CB1 883C0000 0E268000 072FE20F 00800380 800001C1 10780400
[18:09:30.770] 1C060000 0E5CC41E 01000701 C0000397 31078040 01C13000 00E58C41 E0100070
[18:09:30.773] 6C000039 7F107804 001C2500 000E0883 C02000E1 38000072 F620F008 00385000
[18:09:30.777] 001CBFmrd: ucfg Scramble (0)
[18:09:30.780] mrd: LTE LOG(000001c4): NOTI WARN2 WARN3 ERR
[18:09:30.783] NRAPI_DeviceCfgSetReq Scramble (0)
[18:09:30.786] mrd: SET SCRAMBLE LOG : DISABLE
[18:09:30.789] 88 3C02000C 23000201 10700407 11800004 8220F008 00309400 082C620F
[18:09:30.792] 00800389 800001CB 9883C020 00E26800 0072E620 F0100038 0C00001C B1883C04
[18:09:30.795] 000C1280 02011070 08070940 00048220 F0100038 4E00001C 11078080 01C28000
[18:09:30.799] 00E0883C 04000E26 0000072C 620F0100 0389A000 01CB9883 C06000E0 38000070
[18:09:30.802] 441E0300 0704C000 03943107 80C001C1 B00000E0 883C0600 0C128002 0110700C
[18:09:30.805] 07094000 048220F0 1800384E 00001C11 0780C001 82800040 220E0180 E1400000
[18:09:30.808] 90441E03 00061180 01058C41 C0301C46 00001258 C41E0300 06128001 058C41E0
[18:09:30.811] 3000612C 00100883 C06000E2 60000072 C620F018 00389A00 001CB988 3C07000C
[18:09:30.814] 12800201 10700E07 09400004 8220F01C 00384E00 001CB188 3C07000E 14000007
[18:09:30.817] 2E620F01 C0038980 0001C110 780E001C 4D00000E 5CC41E09 80060940 01008838
[18:09:30.821] 130384A0 00024110 78260018 27000402 20E04C0E 13800009 0441E098 0060A000
[18:09:30.825] 10088381 30385000 00241107 82600184 C0004022 0E04C0E2 60000090 441E0980
[18:09:30.828] 07134000 03963107 836001C2 700000E5 CC41E0D8 0070A000 00397310 78360018
[18:09:30.831] 4A00040B 883C1B00 0C258002 01107836 001C4C00 000E5CC4 1E0D8007 13400003
[18:09:30.835] 97310784 A0018270 0040220E 0940E138 00009044 1E128006 11800100 88382503
[18:09:30.839] 88C00002 4110784A 00184A00 040220F0 94003096 00080441 E1280061 30001008
[18:09:30.842] 83825038 98000024 110784A0 01C4D000 00E5CC41 E1380070 A0000039 7310784E
[18:09:30.845] 00184600 040220E0 9C0E2300 00090441 E1380061 28001008 83C27000 C2580020
[18:09:30.848] 110784E0 01C4C000 00E0883C 27000E26 8000072E 620F0A00 0388C000 01CB9883
[18:09:30.852] C28000C2 50002011 07850001 84B00040 220F0A00 03898000 01CB9883 C28000E2
[18:09:30.855] 68000072 E620F118 00389800 001CB188 3C46000E 26800007 2C620E12 80E26800
[18:09:30.857] 0092C620 F1300030 9A00082C 620E1300 E2680000 92C620F0 00003000 00080441
[18:09:30.860] E0100060 0800101C 41E03000 60180010 0883C280 00C14000 207E20F1 1800308C
[18:09:30.863] 00080441 E2600061 3000101C 41E26800 61340010 2E2070A0 208050B8 81C4C082
[18:09:30.866] 0141C40E 2684100A 0E5A4000 0404C4F4 00000000 00000000 00023011 8000008C
[18:09:30.869] 04608020 08020080 20080200 80200802 00802008 02008020 08020080 20080200
[18:09:30.872] 80200802 00802008 02008020 08020080 20080200 80200802 00802008 02008020
[18:09:30.875] 08020080 20080200 80200802 00802008 02008020mrd: cm_set_smsCfgWriteReq()
[18:09:30.878] mrd: cm_set_RaDeploymentReq()
[18:09:30.881] mrd: get_load_capa_pdu_uper_file(1) - isFirstChunk=1
[18:09:30.885] mrd: read_rrc_capa_pdu_chunk(/var/nr/param/capa/UE_MRDC_Capability.uper) - (0~10224)/fileSize(12134)
[18:09:30.888] 81 01 41 ED 88 2C 08 03 80 40 00 00 01 10 58 20 ....
[18:09:30.891] mrd: cm_set_NRUERadioCapaReq()
[18:09:30.894] mrd: get_load_capa_pdu_uper_file(1) - isFirstChunk=0
[18:09:30.897] mrd: read_rrc_capa_pdu_chunk(/var/nr/param/capa/UE_MRDC_Capability.uper) - (10224~12134)/fileSize(12134)
[18:09:30.900] 03 80 00 01 C0 60 00 01 60 88 6C 08 01  08020080 20080200 80200802
[18:09:30.903] 00802008 02008020 08020080 20080200 80200802 00802008 02008020 08020080
[18:09:30.906] 20080200 0000036C 7A000000 00000000 00004000 02040000 00000000 00000000
[18:09:30.909] 00000000 00000000 00000000 00000000 00000000 00000000 00000000 00000000
[18:09:30.912] 00000000 00000000 00000000 00000000 00000000 00000000 00000000 00000000
[18:09:30.916] 00000000 00000000 00000000 00000000 00000000 07EFFFFF C6600007 00050382
[18:09:30.919] 80381804 200C03C0 D0000000 00000000 04000000 04000000 03000000 02000000
[18:09:30.922] 01400000 00C00000 00700000 00400000 00240000 00140000 000B0000 00060000
[18:09:30.925] 000340D6 4ED60ED6 8ED648D6 08D64AD6 0AD646D6 06D64CD6 0CD68CD6 54D694D0
[18:09:30.929] 30100000 6DB6D040 0005B6DB 41000026 DB6D0400 00DB6DB4 1000046D B6D04000
[18:09:30.932] 15B6DB41 000066DB 6D040001 DB6DB410 00086DB6 D0400025 B6DB4100 00A6DB6D
[18:09:30.936] 040002DB 6DB41000 0C6DB6D0 3149EAA8 3D5547AA A475540E AA92D550 5AAA4D55
[18:09:30.939] 41AAAA35 552AAAA9 55548EA0 14005002 00600801 40180300 18040090 0A014006
[18:09:30.942] 01802403 80500180 80090120 14006018 03403807 00280A01 10160260 30050014
[18:09:30.946] 0680B802 00501C03 02020200 68080801 A1010100 34040400 00808080 00020200
[18:09:30.950] 68004040 0D1AA030 401032F6 70000000 014A2000 0420
[18:09:30.953] [N3API] init_BCL param - 122
[18:09:30.956] [N3API] RF bit_mask : a2 00 00 00 00
[18:09:30.959] [N3API] [CAPA-MEM][post-decode] pInfo=00000000 SBL(own=0 alloc=00000000) BCL.trk=0 FS.trk=0
[18:09:30.963] [N3API] nr pdu filter hw=26 sbl 17->15 bcl 122->108
[18:09:30.966] [N3API] [CAPA-MEM][DB-set] pInfo=856c9dd8 SBL(own=0 alloc=00000000) BCL.trk=0 FS.trk=0
[18:09:30.969] [N3API]   SBL.val=85795858 cnt=15 BCL.main=857ab578 cnt=108 ABLF(dec=0/00000000/0 own=0/00000000)
[18:09:30.973] [N3API]   FS outer: decode-graph (B), trk=0
[18:09:30.976] [L3API][H] Set BandNR[15]:  1, 3, 5, 7, 8, 20, 26, 28, 38, 40, 41, 66, 71, 77, 78,
[18:09:30.980] [L3API][H] BandNR: 0 (NR list not ready)
[18:09:30.983] [L3API][H]  set v1540:15  n1 n3 n5 n7 n8 n20 n26 n28 n38 n40 n41 n66 n71 n77 n78
[18:09:30.987] [N3API]  EUTRA band[32]:
[18:09:30.991] [N3API] 	 B1 B2 B3 B4 B5 B6 B7 B8 B10 B12 B13 B14 B17 B18 B19 B20
[18:09:30.994] [N3API] 	 B25 B26 B28 B29 B30 B34 B38 B39 B40 B41 B42 B43 B48 B52 B66 B71
[18:09:30.998] [N3API] 
[18:09:31.001] Set bit-mask: 856CB4E4(000000E0) - 0 00000010
[18:09:31.005] [N3API] [MPR][PC] band:n38 pc:1 v1610:0 isPc1dot5:0 mpr_present:0 mpr_val:0x00
[18:09:31.008] [N3API] [MPR][PC] done band:n38 mpr_present:0 mpr_val:0x00
[18:09:31.012] [N3API] [MPR][PC] band:n40 pc:1 v1610:0 isPc1dot5:0 mpr_present:0 mpr_val:0x00
[18:09:31.016] [N3API] [MPR][PC] done band:n40 mpr_present:0 mpr_val:0x00
[18:09:31.020] [N3API] [MPR][PC] band:n41 pc:1 v1610:1 isPc1dot5:1 mpr_present:1 mpr_val:0x10
[18:09:31.024] [N3API] [MPR][PC] set n41 modifiedMPR_Behaviour=0x10
[18:09:31.026] [N3API] [MPR][PC] done band:n41 mpr_present:1 mpr_val:0x10
[18:09:31.029] [N3API] [MPR][PC] band:n77 pc:1 v1610:1 isPc1dot5:1 mpr_present:1 mpr_val:0x80
[18:09:31.033] [N3API] [MPR][PC] set n77 modifiedMPR_Behaviour=0x80
[18:09:31.036] [N3API] [MPR][PC] done band:n77 mpr_present:1 mpr_val:0x80
[18:09:31.040] [N3API] [MPR][PC] band:n78 pc:1 v1610:1 isPc1dot5:1 mpr_present:0 mpr_val:0x00
[18:09:31.043] [N3API] [MPR][PC] set n78 modifiedMPR_Behaviour=0x80
[18:09:31.046] [N3API] [MPR][PC] done band:n78 mpr_present:1 mpr_val:0x80
[18:09:31.049] [N3API] === reset UE Capa PDU
[18:09:31.052] [N3API] [CAPA-MEM][reset-done] pInfo=856c9dd8 SBL(own=0 alloc=00000000) BCL.trk=0 FS.trk=0
[18:09:31.056] [N3API]   SBL.val=85795858 cnt=15 BCL.main=857ab578 cnt=108 ABLF(dec=0/00000000/0 own=0/00000000)
[18:09:31.059] [N3API]   FS outer: decode-graph (B), trk=0
[18:09:31.062] [N3API] [CAPA-MEM][op-post] pInfo=856c9dd8 SBL(own=0 alloc=00000000) BCL.trk=0 FS.trk=0
[18:09:31.065] [N3API]   SBL.val=85795858 cnt=15 BCL.main=857ab578 cnt=108 ABLF(dec=0/00000000/0 own=0/00000000)
[18:09:31.068] [N3API]   FS outer: decode-graph (B), trk=0
[18:09:31.074] [NL3:   0][>S][nrrc_send_NNASRRC_RRC_INITIALIZE_CNF] NNASRRC_RRC_INITIALIZE_CNF
[18:09:31.077] [NAS_NSM] nsmSetPduAuthControlByUpperEnabled()
[18:09:31.081] [NAS_NSM] 	 flag(1)
[18:09:31.084] [NAS_INSIG] EPLMN|NASRRC_RRC_INITIALIZE_CNF(18)|PLMN_NULL(0)
[18:09:31.088] [NAS_INSIG] NPLMN|NNASRRC_RRC_INITIALIZE_CNF(18)|PLMN_NULL(0)
[18:09:31.092] [NAS_INSIG] CACHE|NASNVM_READ_CNF(8)|CACHE_WAIT_FOR_CACHE_INIT(0)
[18:09:31.095] [NAS_INSIG] CACHE|NASNVM_READ_CNF(8)|CACHE_WAIT_FOR_CACHE_INIT(0)
[18:09:31.100] [NAS_INSIG] CACHE|NASNVM_READ_CNF(8)|CACHE_WAIT_FOR_CACHE_INIT(0)
[18:09:31.105] [NAS_CACHE] [WAR] Invalid 5GSLOCI in the NV (0xffffff)!!!
[18:09:31.109] [NAS_INSIG] CACHE|NASNVM_READ_CNF(8)|CACHE_WAIT_FOR_CACHE_INIT(0)
[18:09:31.112] [NAS_INSIG] CACHE|NASNVM_READ_CNF(8)|CACHE_WAIT_FOR_CACHE_INIT(0)
[18:09:31.115] [NAS_INSIG] CACHE|NASNVM_READ_CNF(8)|CACHE_WAIT_FOR_CACHE_INIT(0)
[18:09:31.119] [NAS_INSIG] CACHE|NASNVM_READ_CNF(8)|CACHE_WAIT_FOR_CACHE_INIT(0)
[18:09:31.122] [NAS_INSIG] CACHE|NASNVM_READ_CNF(8)|CACHE_WAIT_FOR_CACHE_INIT(0)
[18:09:31.125] [NAS_INSIG] CACHE|NASNVM_READ_CNF(8)|CACHE_WAIT_FOR_CACHE_INIT(0)
[18:09:31.128] [NAS_INSIG] CACHE|NASNVM_READ_CNF(8)|CACHE_WAIT_FOR_CACHE_INIT(0)
[18:09:31.131] [NAS_CACHE] Read UTC Time: 0
[18:09:31.134] [NAS_INSIG] CACHE|NASNVM_READ_CNF(8)|CACHE_WAIT_FOR_CACHE_INIT(0)
[18:09:31.137] [NAS_INSIG] CACHE|NASNVM_READ_CNF(8)|CACHE_WAIT_FOR_CACHE_INIT(0)
[18:09:31.141] [NAS_INSIG] CACHE|NASNVM_READ_CNF(8)|CACHE_WAIT_FOR_CACHE_INIT(0)
[18:09:31.144] [NAS_INSIG] CACHE|NASNVM_READ_CNF(8)|CACHE_WAIT_FOR_CACHE_INIT(0)
[18:09:31.148] [NAS_CACHE] [ERR] Invalid IMEI: 0x000000000000000000 <IN cacheReadNVMCnf 528>
[18:09:31.151] [NAS_INSIG] CACHE|NASNVM_READ_CNF(8)|CACHE_WAIT_FOR_CACHE_INIT(0)
[18:09:31.155] [NAS_CACHE] [ERR] Invalid IMEI2: 0x000000000000000000 <IN cacheReadNVMCnf 550>
[18:09:31.158] [NAS_INSIG] CACHE|NASNVM_READ_CNF(8)|CACHE_WAIT_FOR_CACHE_INIT(0)
[18:09:31.161] [NAS_INSIG] CACHE|NASNVM_READ_CNF(8)|CACHE_WAIT_FOR_CACHE_INIT(0)
[18:09:31.163] [NAS_INSIG] CACHE|NASNVM_READ_CNF(8)|CACHE_WAIT_FOR_CACHE_INIT(0)
[18:09:31.167] [NAS_CACHE] Read T3245 lte:0 nr: 0
[18:09:31.170] [NAS_INSIG] CACHE|NASNVM_READ_CNF(8)|CACHE_WAIT_FOR_CACHE_INIT(0)
[18:09:31.173] [NAS_INSIG] CACHE|NASNVM_READ_CNF(8)|CACHE_WAIT_FOR_CACHE_INIT(0)
[18:09:31.177] [NAS_INSIG] CACHE|NASNVM_READ_CNF(8)|CACHE_WAIT_FOR_CACHE_INIT(0)
[18:09:31.180] [NAS_INSIG] CACHE|NASNVM_READ_CNF(8)|CACHE_WAIT_FOR_CACHE_INIT(0)
[18:09:31.183] [NAS_INSIG] CACHE|NASNVM_READ_CNF(8)|CACHE_WAIT_FOR_CACHE_INIT(0)
[18:09:31.187] [NAS_INSIG] CACHE|NASNVM_READ_CNF(8)|CACHE_WAIT_FOR_CACHE_INIT(0)
[18:09:31.190] [NAS_INSIG] CACHE|NASNVM_READ_CNF(8)|CACHE_WAIT_FOR_CACHE_INIT(0)
[18:09:31.194] [NAS_INSIG] CACHE|NASNVM_READ_CNF(8)|CACHE_WAIT_FOR_CACHE_INIT(0)
[18:09:31.197] [NAS_INSIG] CACHE|NASNVM_READ_CNF(8)|CACHE_WAIT_FOR_CACHE_INIT(0)
[18:09:31.199] [NAS_INSIG] CACHE|NASNVM_READ_CNF(8)|CACHE_WAIT_FOR_CACHE_INIT(0)
[18:09:31.203] [NAS_INSIG] CACHE|NASNVM_READ_CNF(8)|CACHE_WAIT_FOR_CACHE_INIT(0)
[18:09:31.206] [NAS_CACHE] ICCID Matched: No USIM change detected
[18:09:31.210] [NAS_CACHE] State Change (CACHE_WAIT_FOR_CACHE_INIT => CACHE_VALID_USIM)
[18:09:31.213] [NAS_INSIG] EMM|EMM_INT_USIM_INSERTED_IND(2)|EMM_NULL(0)
[18:09:31.217] [FSM] [ERR]EHPLMN list cnt:2
[18:09:31.220] [FSM] EHPLMN :[0] F110
[18:09:31.224] [FSM] EHPLMN :[1] 130184
[18:09:31.227] [L3API][H] Init CSG DB: 0
[18:09:31.230] [FSM] [L3>S][RRC_send_NASRRC_USIM_INSERTED_CNF] NASRRC_USIM_INSERTED_CNF
[18:09:31.234] [NAS_INSIG] EPLMN|EPLMN_USIM_INSERTED_IND(5)|PLMN_NULL(0)
[18:09:31.237] [NAS_EPLMN] PLMN_PERIODIC_HPLMN_SEARCH_TIMER Timer value Changed: 28800000 ms
[18:09:31.240] [NAS_EPLMN] State Change (PLMN_NULL => PLMN_IDLE)
[18:09:31.242] [NAS_INSIG] NMM|NMM_INT_USIM_INSERTED_IND(3)|NMM_NULL(0)
[18:09:31.245] [NL3:   0]<- NNASRRC_USIM_INSERTED_REQ
[18:09:31.247] [NL3:   0]EHPLMN :[0] F110
[18:09:31.250] [NL3:   0]EHPLMN :[1] 130184
[18:09:31.253] [NL3:   0][>S][NRRC_Read_NVM_DRX] NVM_READ_REQ
[18:09:31.256] [NL3:   0][>S][NRRC_Read_NVM_User_DRX] NVM_READ_REQ
[18:09:31.259] [NAS_INSIG] NPLMN|NPLMN_USIM_INSERTED_IND(5)|PLMN_NULL(0)
[18:09:31.263] [NAS_NPLMN] PLMN_PERIODIC_HPLMN_SEARCH_TIMER Timer value Changed: 28800000 ms
[18:09:31.266] [NAS_NPLMN] State Change (PLMN_NULL => PLMN_IDLE)
[18:09:31.270] [NAS_INSIG] EMM|NASRRC_USIM_INSERTED_CNF(45)|EMM_NULL(0)
[18:09:31.273] [NAS_EMM] FSM_EMM_NULL__NASRRC_USIM_INSERTED_CNF
[18:09:31.276] [FSM] [L3<-][RMCI][0] NASRRC_COUNT_UPDATE_IND
[18:09:31.279] [RMC] [H] NAS count:0
[18:09:31.283] NAS_MsgHandler, messageType(0x360014)
[18:09:31.286] [NL3:   0][<-][NL3USI][2][3] NVM_READ_CNF
[18:09:31.290] [N3USI] NV name : LDRX_NV
[18:09:31.293] [N3USI] NV DRX not used: 0
[18:09:31.296] [NL3:   0][<-][NL3USI][2][3] NVM_READ_CNF
[18:09:31.300] [N3USI] NV name : NDRX_NV
[18:09:31.304] [N3USI] NV User DRX not used :0
[18:09:31.307] [NL3:   0][>S][FSM_NL3USI_Read__NVM_READ_CNF] NNASRRC_USIM_INSERTED_CNF
[18:09:31.309] [NAS_INSIG] NMM|NASRRC_USIM_INSERTED_CNF(44)|NMM_NULL(0)
[18:09:31.312] [NAS_NMM] FSM_NMM_NULL__NASRRC_USIM_INSERTED_CNF
[18:09:31.316] [NAS_INSIG] NSM_CONNECTION_MANAGEMENT|NMMNSM_UICC_USIM_CACHE_END_IND(22)|NSM_CONNECTION_MANAGEMENT(0)
[18:09:31.319] L1 initialize...
[18:09:31.323] nr_slp_shmem : 28500000
[18:09:31.326] nr_dlp_shmem[0] : 20500000
[18:09:31.329] nr_dlp_shmem[1] : 21500000
[18:09:31.332] nr_dlp_shmem[2] : 22500000
[18:09:31.335] nr_dlp_shmem[3] : 23500000
[18:09:31.339] nr_dlp_shmem[4] : 24500000
[18:09:31.342] nr_dlp_shmem[5] : 25500000
[18:09:31.346] nr_dlp_shmem[6] : 26500000
[18:09:31.349] nr_dlp_shmem[7] : 27500000
[18:09:31.352] nr_ulp_shmem[0] : 20d00000
[18:09:31.355] nr_ulp_shmem[1] : 21d00000
[18:09:31.359] nr_ulp_shmem[2] : 22d00000
[18:09:31.362] nr_ulp_shmem[3] : 23d00000
[18:09:31.366]  =====   RF NV3  ====== 
[18:09:31.369]  RFD_GetAdcMetalfix() nv_bcfg cmn_ext_rfconfig 0x0030 bit#3(0 metal fix, 1 no fix) adc_metal_fix 1
[18:09:31.372] [MRM] Read MRM Mode: 0
[18:09:31.376] [MRM] NOT Enabled MRM FSM: 0
[18:09:31.378] [MRM] 0x6c Connected assigned ConnId: 0x1
[18:09:31.381] [SMS] ENAS SMS INIT REQ rxed
[18:09:31.385] [MRM] 0x55 Connected assigned ConnId: 0x2
[18:09:31.388] [ATM] ATMManager_RegisterUMM(evt:35, nPortId:0)...
[18:09:31.391] SMSMGR : bSmsFormat(3GPP)
[18:09:31.395] [SMS] SMSMGR : UICC FILE INFO rxed(FID = 0x0)
[18:09:31.398] [MRM] Disable Scrumble Log
[18:09:31.401] [NAS_INSIG] CACHE|NAS_PROTOCOL_CONFIG_WRITE_REQ(3)|CACHE_VALID_USIM(1)
[18:09:31.404] [NAS_CACHE] Scrumble Log: 0
[18:09:31.454] [MRM] 5G NR SA: 1 NSA: 0 LTE SA: 0
[18:09:31.458] [MRM] Set NR SA Mode for RRC: 1
[18:09:31.462] [L3API][H] Set BandNR[15]:  n1 n3 n5 n7 n8 n20 n26 n28 n38 n40 n41 n66 n71 n77 n78
[18:09:31.465] [MRM] Set Endc Enable for RRC: 0
[18:09:31.468] [L3API][H] 	Set EN-DC Enable:0
[18:09:31.471] [L3API][H]  set v1540:15  n1 n3 n5 n7 n8 n20 n26 n28 n38 n40 n41 n66 n71 n77 n78
[18:09:31.475] [MRM] Set LTE Only Mode for RRC: 1
[18:09:31.479] [L3API][H] Enable UL MIMO
[18:09:31.482] [L3API][H] TDD UL MIMO
[18:09:31.485] [L3API][H] Disable CA
[18:09:31.488] [L3API][H] Bit 13 : disabled
[18:09:31.491] [L3API][H] Bit 18 : disabled
[18:09:31.494] [L3API][H] Bit 13 : disabled
[18:09:31.498] [L3API][H] Bit 18 : disabled
[18:09:31.501] [L3API][H]  SetFgi: 1E9805FE 00000000 0000C1FF / 1E9805FE 00000000 0000C1FF
[18:09:31.505] [L3API][H]  SetFgi: FDD/TDD configured
[18:09:31.508] [L3API][H] Bit 13 : disabled
[18:09:31.511] [L3API][H] Bit 18 : disabled
[18:09:31.515] [L3API][H]  Set FGI Common (1E9805FE 00000000 0000C1FF)
[18:09:31.518] [L3API][H]  Set FGI FDD only (00000000 00000000 00000000)
[18:09:31.522] [L3API][H]  Set FGI TDD only (00000000 00000000 00000000)
[18:09:31.525] [L3API][H] 	[Y]Set interRAT_BandList(0) in BCL(31)
[18:09:31.528] [NAS_INSIG] CACHE|NAS_PROTOCOL_CONFIG_WRITE_REQ(3)|CACHE_VALID_USIM(1)
[18:09:31.532] [NAS_CACHE] 5G NR SA: 1 5G NR NSA: 0 LTE SA: 0
[18:09:31.535] [MRM] Set UE MRDC Capability PDU - mode: 1 length: 10224
[18:09:31.538] [N3API]  mrdcCapaPdu mode:1, size:10224
[18:09:31.542] [N3API][E] mrdcCapaPdu: too big PDU size:10224
[18:09:31.546] [N3API]  mrdcCapaPdu mode:3, size:10224
[18:09:31.549] [N3API] MRDC reset: load default into DB (hasPdu:0)
[18:09:31.552] [N3API] del default MRDC Capa DB
[18:09:31.556] [N3API] MRDC update: gen BCL 128 from gMrdcSupportedBcTable[128] (sbl e:32 n:15 nrBcl:108 skipFb:0)
[18:09:31.559] [N3API] MRDC tbl[0] e:1+3 n:1+78
[18:09:31.562] [N3API] [0]tbl0-4,0  MRDC tbl[1] e:1+7 n:1+78
[18:09:31.565] [N3API] [1]tbl1-4,0  MRDC tbl[2] e:1+28 n:1+78
[18:09:31.568] [N3API] [2]tbl2-4,0  MRDC tbl[3] e:1+40 n:1+78
[18:09:31.572] [N3API] [3]tbl3-4,0  MRDC tbl[4] e:3+7 n:1+78
[18:09:31.575] [N3API] MRDC: [4]tbl4-4,0  
[18:09:31.578] [N3API] MRDC tbl[5] e:3+28 n:1+78
[18:09:31.582] [N3API] [5]tbl5-4,0  MRDC tbl[6] e:3+40 n:1+78
[18:09:31.585] [N3API] [6]tbl6-4,0  MRDC tbl[7] e:7+28 n:1+78
[18:09:31.588] [N3API] [7]tbl7-4,0  MRDC tbl[8] e:7+40 n:1+78
[18:09:31.592] [N3API] [8]tbl8-4,0  MRDC tbl[9] e:28+40 n:1+78
[18:09:31.595] [N3API] MRDC: [9]tbl9-4,0  
[18:09:31.598] [N3API] MRDC tbl[10] e:1+3+7 n:1+78
[18:09:31.601] [N3API] [10]tbl10-5,1  MRDC tbl[11] e:1+3+28 n:1+78
[18:09:31.604] [N3API] [11]tbl11-5,1  MRDC tbl[12] e:1+3+40 n:1+78
[18:09:31.608] [N3API] [12]tbl12-5,1  MRDC tbl[13] e:1+7+28 n:1+78
[18:09:31.611] [N3API] [13]tbl13-5,1  MRDC tbl[14] e:1+7+40 n:1+78
[18:09:31.614] [N3API] MRDC: [14]tbl14-5,1  
[18:09:31.618] [N3API] MRDC tbl[15] e:1+28+40 n:1+78
[18:09:31.621] [N3API] [15]tbl15-5,1  MRDC tbl[16] e:3+7+28 n:1+78
[18:09:31.625] [N3API] [16]tbl16-5,1  MRDC tbl[17] e:3+7+40 n:1+78
[18:09:31.628] [N3API] [17]tbl17-5,1  MRDC tbl[18] e:3+28+40 n:1+78
[18:09:31.631] [N3API] [18]tbl18-5,1  MRDC tbl[19] e:7+28+40 n:1+78
[18:09:31.635] [N3API] MRDC: [19]tbl19-5,1  
[18:09:31.638] [N3API] MRDC tbl[20] e:1+3 n:5+78
[18:09:31.641] [N3API] [20]tbl20-4,0  MRDC tbl[21] e:1+7 n:5+78
[18:09:31.645] [N3API] [21]tbl21-4,0  MRDC tbl[22] e:1+28 n:5+78
[18:09:31.648] [N3API] [22]tbl22-4,0  MRDC tbl[23] e:1+40 n:5+78
[18:09:31.652] [N3API] [23]tbl23-4,0  MRDC tbl[24] e:3+7 n:5+78
[18:09:31.655] [N3API] MRDC: [24]tbl24-4,0  
[18:09:31.658] [N3API] MRDC tbl[25] e:3+28 n:5+78
[18:09:31.661] [N3API] [25]tbl25-4,0  MRDC tbl[26] e:3+40 n:5+78
[18:09:31.664] [N3API] [26]tbl26-4,0  MRDC tbl[27] e:7+28 n:5+78
[18:09:31.667] [N3API] [27]tbl27-4,0  MRDC tbl[28] e:7+40 n:5+78
[18:09:31.670] [N3API] [28]tbl28-4,0  MRDC tbl[29] e:28+40 n:5+78
[18:09:31.673] [N3API] MRDC: [29]tbl29-4,0  
[18:09:31.677] [N3API] MRDC tbl[30] e:1+3+7 n:5+78
[18:09:31.679] [N3API] [30]tbl30-5,1  MRDC tbl[31] e:1+3+28 n:5+78
[18:09:31.682] [N3API] [31]tbl31-5,1  MRDC tbl[32] e:1+3+40 n:5+78
[18:09:31.685] [N3API] [32]tbl32-5,1  MRDC tbl[33] e:1+7+28 n:5+78
[18:09:31.689] [N3API] [33]tbl33-5,1  MRDC tbl[34] e:1+7+40 n:5+78
[18:09:31.692] [N3API] MRDC: [34]tbl34-5,1  
[18:09:31.696] [N3API] MRDC tbl[35] e:1+28+40 n:5+78
[18:09:31.699] [N3API] [35]tbl35-5,1  MRDC tbl[36] e:3+7+28 n:5+78
[18:09:31.702] [N3API] [36]tbl36-5,1  MRDC tbl[37] e:3+7+40 n:5+78
[18:09:31.705] [N3API] [37]tbl37-5,1  MRDC tbl[38] e:3+28+40 n:5+78
[18:09:31.709] [N3API] [38]tbl38-5,1  MRDC tbl[39] e:7+28+40 n:5+78
[18:09:31.712] [N3API] MRDC: [39]tbl39-5,1  
[18:09:31.716] [N3API] MRDC tbl[40] e:1+3 n:1+40
[18:09:31.719] [N3API] [40]tbl40-4,0  MRDC tbl[41] e:1+7 n:1+40
[18:09:31.723] [N3API] [41]tbl41-4,0  MRDC tbl[42] e:1+28 n:1+40
[18:09:31.726] [N3API] [42]tbl42-4,0  MRDC tbl[43] e:1+40 n:1+40
[18:09:31.729] [N3API] [43]tbl43-4,0  MRDC tbl[44] e:3+7 n:1+40
[18:09:31.733] [N3API] MRDC: [44]tbl44-4,0  
[18:09:31.736] [N3API] MRDC tbl[45] e:3+28 n:1+40
[18:09:31.739] [N3API] [45]tbl45-4,0  MRDC tbl[46] e:3+40 n:1+40
[18:09:31.743] [N3API] [46]tbl46-4,0  MRDC tbl[47] e:7+28 n:1+40
[18:09:31.746] [N3API] [47]tbl47-4,0  MRDC tbl[48] e:7+40 n:1+40
[18:09:31.750] [N3API] [48]tbl48-4,0  MRDC tbl[49] e:28+40 n:1+40
[18:09:31.753] [N3API] MRDC: [49]tbl49-4,0  
[18:09:31.757] [N3API] MRDC tbl[50] e:1+3+7 n:1+40
[18:09:31.760] [N3API] [50]tbl50-5,1  MRDC tbl[51] e:1+3+28 n:1+40
[18:09:31.763] [N3API] [51]tbl51-5,1  MRDC tbl[52] e:1+3+40 n:1+40
[18:09:31.767] [N3API] [52]tbl52-5,1  MRDC tbl[53] e:1+7+28 n:1+40
[18:09:31.770] [N3API] [53]tbl53-5,1  MRDC tbl[54] e:1+7+40 n:1+40
[18:09:31.773] [N3API] MRDC: [54]tbl54-5,1  
[18:09:31.777] [N3API] MRDC tbl[55] e:1+28+40 n:1+40
[18:09:31.780] [N3API] [55]tbl55-5,1  MRDC tbl[56] e:3+7+28 n:1+40
[18:09:31.783] [N3API] [56]tbl56-5,1  MRDC tbl[57] e:3+7+40 n:1+40
[18:09:31.786] [N3API] [57]tbl57-5,1  MRDC tbl[58] e:3+28+40 n:1+40
[18:09:31.789] [N3API] [58]tbl58-5,1  MRDC tbl[59] e:7+28+40 n:1+40
[18:09:31.793] [N3API] MRDC: [59]tbl59-5,1  
[18:09:31.798] [N3API] MRDC tbl[60] e:1+3 n:5+40
[18:09:31.802] [N3API] [60]tbl60-4,0  MRDC tbl[61] e:1+7 n:5+40
[18:09:31.805] [N3API] [61]tbl61-4,0  MRDC tbl[62] e:1+28 n:5+40
[18:09:31.808] [N3API] [62]tbl62-4,0  MRDC tbl[63] e:1+40 n:5+40
[18:09:31.811] [N3API] [63]tbl63-4,0  MRDC tbl[64] e:3+7 n:5+40
[18:09:31.815] [N3API] MRDC: [64]tbl64-4,0  
[18:09:31.818] [N3API] MRDC tbl[65] e:3+28 n:5+78
[18:09:31.821] [N3API] [65]tbl65-4,0  MRDC tbl[66] e:3+40 n:5+40
[18:09:31.824] [N3API] [66]tbl66-4,0  MRDC tbl[67] e:7+28 n:5+40
[18:09:31.827] [N3API] [67]tbl67-4,0  MRDC tbl[68] e:7+40 n:5+40
[18:09:31.830] [N3API] [68]tbl68-4,0  MRDC tbl[69] e:28+40 n:5+40
[18:09:31.833] [N3API] MRDC: [69]tbl69-4,0  
[18:09:31.837] [N3API] MRDC tbl[70] e:1+3+7 n:5+40
[18:09:31.840] [N3API] [70]tbl70-5,1  MRDC tbl[71] e:1+3+28 n:5+40
[18:09:32.846] $ ifconfig
[18:09:32.853] e:1+3+40 n:5+40
[18:09:32.857] [N3API] [72]tbl72-5,1  MRDC tbl[73] e:1+7+28 n:5+40
[18:09:32.861] [N3API] [73]tbl73-5,1  MRDC tbl[74] e:1+7+40 n:5+40
[18:09:32.865] [N3API] MRDC: [74]tbl74-5,1  
[18:09:32.869] [N3API] MRDC tbl[75] e:1+28+40 n:5+40
[18:09:32.872] [N3API] [75]tbl75-5,1  MRDC tbl[76] e:3+7+28 n:5+40
[18:09:32.875] [N3API] [76]tbl76-5,1  MRDC tbl[77] e:3+7+40 n:5+40
[18:09:32.878] [N3API] [77]tbl77-5,1  MRDC tbl[78] e:3+28+40 n:5+40
[18:09:32.881] [N3API] [78]tbl78-5,1  MRDC tbl[79] e:7+28+40 n:5+40
[18:09:32.883] [N3API] MRDC: [79]tbl79-5,1  
[18:09:32.887] [N3API] MRDC tbl[80] e:1+3 n:78VLAN: all hmac cleared
[18:09:32.890] br0: port 1(usb0) entered blocking state
[18:09:32.892] br0: port 1(usb0) entered forwarding state
[18:09:32.895] [N3API] [80]tbl80-3,2  MRDC tbl[81] e:1+7 n:78
[18:09:32.899] [N3API] [81]tbl81-3,2  MRDC tbl[82] e:1+28 n:78
[18:09:32.902] [N3API] [82]tbl82-3,2  MRDC tbl[83] e:1+40 n:78
[18:09:32.906] [N3API] [83]tbl83-3,2  MRDC tbl[84] e:3+7 n:78
[18:09:32.909] [N3API] MRDC: [84]tbl84-3,2  
[18:09:32.913] [N3API] MRDC tbl[85] e:3+28 n:78
[18:09:32.917] [N3API] [85]tbl85-3,2  MRDC tbl[86] e:3+40 n:78
[18:09:32.920] [N3API] [86]tbl86-3,2  MRDC tbl[87] e:7+28 n:78
[18:09:32.923] [N3API] [87]tbl87-3,2  MRDC tbl[88] e:7+40 n:78
[18:09:32.927] [N3API] [88]tbl88-3,2  MRDC tbl[89] e:28+40 n:78
[18:09:32.930] [N3API] MRDC: [89]tbl89-3,2  
[18:09:32.933] [N3API] MRDC tbl[90] e:1+3+7 n:78
[18:09:32.936] [N3API] [90]tbl90-4,3  MRDC tbl[91] e:1+3+28 n:78
[18:09:32.939] [N3API] [91]tbl91-4,3  MRDC tbl[92] e:1+3+40 n:78
[18:09:32.942] [N3API] [92]tbl92-4,3  MRDC tbl[93] e:1+7+28 n:78
[18:09:32.946] [N3API] [93]tbl93-4,3  MRDC tbl[94] e:1+7+40 n:78
[18:09:32.949] [N3API] MRDC: [94]tbl94-4,3  
[18:09:32.952] [N3API] MRDC tbl[95] e:1+28+40 n:78
[18:09:32.955] [N3API] [95]tbl95-4,3  MRDC tbl[96] e:3+7+28 n:78
[18:09:32.959] [N3API] [96]tbl96-4,3  MRDC tbl[97] e:3+7+40 n:78
[18:09:32.962] [N3API] [97]tbl97-4,3  MRDC tbl[98] e:3+28+40 n:78
[18:09:32.965] [N3API] [98]tbl98-4,3  MRDC tbl[99] e:7+28+40 n:78
[18:09:32.968] [N3API] MRDC: [99]tbl99-4,3  
[18:09:32.971] [N3API] MRDC tbl[100] e:1+3+7+28 n:78
[18:09:32.974] [N3API] [100]tbl100-5,4  MRDC tbl[101] e:1+3+7+40 n:78
[18:09:32.977] [N3API] [101]tbl101-5,4  MRDC tbl[102] e:1+7+28+40 n:78
[18:09:32.980] [N3API] [102]tbl102-5,4  MRDC tbl[103] e:3+7+28+40 n:78
[18:09:32.983] [N3API] [103]tbl103-5,4  MRDC tbl[104] e:1+3 n:40
[18:09:32.986] [N3API] MRDC: [104]tbl104-3,2  
[18:09:32.989] [N3API] MRDC tbl[105] e:1+7 n:40
[18:09:32.993] [N3API] [105]tbl105-3,2  MRDC tbl[106] e:1+28 n:40
[18:09:32.996] [N3API] [106]tbl106-3,2  MRDC tbl[107] e:1+40 n:40
[18:09:32.998] [N3API] [107]tbl107-3,2  MRDC tbl[108] e:3+7 n:40
[18:09:33.002] [N3API] [108]tbl108-3,2  MRDC tbl[109] e:3+28 n:40
[18:09:33.005] [N3API] MRDC: [109]tbl109-3,2  
[18:09:33.008] [N3API] MRDC tbl[110] e:3+40 n:40
[18:09:33.012] [N3API] [110]tbl110-3,2  MRDC tbl[111] e:7+28 n:40
[18:09:33.015] [N3API] [111]tbl111-3,2  MRDC tbl[112] e:7+40 n:40
[18:09:33.018] [N3API] [112]tbl112-3,2  MRDC tbl[113] e:28+40 n:40
[18:09:33.022] [N3API] [113]tbl113-3,2  MRDC tbl[114] e:1+3+7 n:40
[18:09:33.026] [N3API] MRDC: [114]tbl114-4,3  
[18:09:33.029] [N3API] MRDC tbl[115] e:1+3+28 n:40
[18:09:33.032] [N3API] [115]tbl115-4,3  MRDC tbl[116] e:1+3+40 n:40
[18:09:33.035] [N3API] [116]tbl116-4,3  MRDC tbl[117] e:1+7+28 n:40
[18:09:33.039] [N3API] [117]tbl117-4,3  MRDC tbl[118] e:1+7+40 n:40
[18:09:33.042] [N3API] [118]tbl118-4,3  MRDC tbl[119] e:1+28+40 n:40
[18:09:33.045] [N3API] MRDC: [119]tbl119-4,3  
[18:09:33.049] [N3API] MRDC tbl[120] e:3+7+28 n:40
[18:09:33.052] [N3API] [120]tbl120-4,3  MRDC tbl[121] e:3+7+40 n:40
[18:09:33.055] [N3API] [121]tbl121-4,3  MRDC tbl[122] e:3+28+40 n:40
[18:09:33.059] [N3API] [122]tbl122-4,3  MRDC tbl[123] e:7+28+40 n:40
[18:09:33.062] [N3API] [123]tbl123-4,3  MRDC tbl[124] e:1+3+7+28 n:40
[18:09:33.065] [N3API] MRDC: [124]tbl124-5,4  
[18:09:33.068] [N3API] MRDC tbl[125] e:1+3+7+40 n:40
[18:09:33.072] [N3API] [125]tbl125-5,4  MRDC tbl[126] e:1+7+28+40 n:40
[18:09:33.075] [N3API] [126]tbl126-5,4  MRDC tbl[127] e:3+7+28+40 n:40
[18:09:33.078] [N3API] MRDC: [127]tbl127-5,4  
[18:09:33.082] [N3API] MRDC BCL:128, FSCL:5
[18:09:33.085] [ASN]  [OSS DB] enc PDU sz: 1873
[18:09:33.088] [OTA DB] 29:MRDC [1873]
[18:09:33.091] [N3API] MRDC update: reset UE capability DB
[18:09:33.094] 89 80 70 ....
[18:09:33.097] mrd: cm_set_NRUERadioCapaReq()
[18:09:33.100] mrd: get_load_capa_pdu_uper_file(0) - isFirstChunk=1
[18:09:33.103] mrd: read_rrc_capa_pdu_chunk(/var/nr/param/capa/UE_NR_Capability.uper) - (0~1686)/fileSize(1686)
[18:09:33.106] E1 A2 30 00 47 46 5A 03 1F 8D 83 85 20 00 16 09 ....
[18:09:33.110] mrd: cm_set_NRUERadioCapaReq()
[18:09:33.113] mrd: get_load_capa_pdu_uper_file(2) - isFirstChunk=1
[18:09:33.116] mrd: read_rrc_capa_pdu_chunk(/var/nr/param/capa/UE_EUTRA_Capability.uper) - (0~1853)/fileSize(1853)
[18:09:33.119] [MRM] Set UE MRDC Capability PDU - mode: 2 length: 1910
[18:09:33.122] [N3API]  mrdcCapaPdu mode:2, size:1910
[18:09:33.125] E0 19 80 57 00 10 30 81 43 07 12 44 91 33 26 CF ....
[18:09:33.128] mrd: cm_set_LTEUERadioCapaReq()
[18:09:33.131] [MRM] Set UE NR Capability PDU - mode: 1 length: 1686
[18:09:33.133] [N3API]  ueCapaPdu mode:1, size:1686
[18:09:33.137] [N3API]  ueCapaPdu mode:3, size:1686
[18:09:33.140] [N3API] [CAPA-MEM][op-pre] pInfo=856c9dd8 SBL(own=0 alloc=00000000) BCL.trk=0 FS.trk=0
[18:09:33.143] [N3API]   SBL.val=85795858 cnt=15 BCL.main=857ab578 cnt=108 ABLF(dec=0/00000000/0 own=0/00000000)
[18:09:33.146] [N3API]   FS outer: decode-graph (B), trk=0
[18:09:33.149] [N3API] [CAPA-MEM][pre-ASNFreePdu] pInfo=856c9dd8 SBL(own=0 alloc=00000000) BCL.trk=0 FS.trk=0
[18:09:33.154] [N3API]   SBL.val=85795858 cnt=15 BCL.main=857ab578 cnt=108 ABLF(dec=0/00000000/0 own=0/00000000)
[18:09:33.157] [N3API]   FS outer: decode-graph (B), trk=0
[18:09:33.160] [N3API] L3_NR_FREE_BCL: supportedBandCombinationList, num: 108
[18:09:33.163] [N3API] BCL: free dec 857ab578 (detach untrk)
[18:09:33.166] [N3API] L3_NR_FREE_BCL: supportedBandCombinationList_v1540, num: 108
[18:09:33.170] [N3API] BCL: free dec 857b3358 (detach untrk)
[18:09:33.174] [N3API] L3_NR_FREE_BCL: supportedBandCombinationList_v1610, num: 108
[18:09:33.177] [N3API] BCL: free dec 85815258 (detach untrk)
[18:09:33.180] [N3API] [CAPA-MEM][post-ASNFreePdu] pInfo=856c9dd8 SBL(own=0 alloc=00000000) BCL.trk=0 FS.trk=0
[18:09:33.184] [N3API]   SBL.val=85795858 cnt=15 BCL.main=00000000 cnt=0 ABLF(dec=0/00000000/0 own=0/00000000)
[18:09:33.188] [N3API]   FS outer: decode-graph (B), trk=0
[18:09:33.191] [N3API] [CAPA-MEM][cfg-cache] reset: empty
[18:09:33.194] [OTA RX:10240] 31:NRCAPA [1686]->
[18:09:33.197] E1A23000 47465A03 1F8D8385 20001609 31700018 3F0B804D DFF04088 20402E89
[18:09:33.201] 000A00B0 1F4C4C00 90000010 88006AD0 60003003 D038F21C F8000105 FFC7F1FC
[18:09:33.204] 7FF1FC7F 0708100E DD000100 010001D0 00100010 00000140 A6260148 00000844
[18:09:33.207] 00356830 001801E8 1C790E7C 000082FF E3F8FE3F F8FE3F83 8408076E C000C000
[18:09:33.210] C000EC00 0C000C00 0000A053 13012400 00042200 1AB41800 0C00F40E 3C873E00
[18:09:33.214] 00416F81 E06F01C0 1C004005 0298980D 20000021 1000D5A0 C0006007 A071E439
[18:09:33.217] F000020B FF8FE3F8 FFE3F8FE 0E10201D B9000100 01000390 00100010 00000281
[18:09:33.221] 4C4C0790 00001088 006AD060 003003D0 38F21CF8 000105BC 0701BC07 00708100
[18:09:33.225] 79C80008 00080000 140A6260 6C800000 84400356 83000180 1E81C790 E7C00008
[18:09:33.227] 2D80200D 80200380 0800A053 1304E400 00042200 1AB41800 0C00F40E 3C873E00
[18:09:33.231] 00416F01 C06F01C0 1C004005 02989833 20000021 1000D5A0 C0006007 A071E439
[18:09:33.234] F000020B 7E0F8378 0E00E002 002814C4 C1B90000 01088006 AD060003 003D038F
[18:09:33.238] 21CF8000 105BF07C 1BF07C07 00100140 A63612C8 00000844 00356830 001801E8
[18:09:33.240] 1C790E7C 000082BF F0FC3F0F FC3F0FC0 E0020028 14C6C279 00000108 8006AD06
[18:09:33.244] 0003003D 038F21CF 80001057 FF1FF7FD FFC7FDFF 1C20402B 39000900 03900090
[18:09:33.246] 00000503 98D85021 20000021 1000D5A0 C0006007 A071E439 F000020A FFE3FEFF
[18:09:33.249] BFF8FFBF E3850807 6EC001C0 01C000EC 001C001C 00000200 04000000 A0130212
[18:09:33.252] A0000000 88006AD0 60003003 D038F21C F8000105 FFC7F1FC E6362640 48000008
[18:09:33.255] 44003568 30001801 E81C790E 7C000082 BBF8FFBF EEFE3FEF F8E14201 59C00040
[18:09:33.258] 001C0004 00000080 01000000 2814C6C4 D9000001 088006AD 06000300 3D038F21
[18:09:33.262] CF800010 577F1FF7 FDDFC7FD FF1C2840 2B380008 00038000 80000010 00200000
[18:09:33.265] 05029888 A7200000 211000D5 A0C00060 07A071E4 39F00002 0BFF8FE3 F8380080
[18:09:33.269] 0A010801 C0000000 00070080 0000001C 04000002 00701800 000001C0 70000040
[18:09:33.272] 07034000 01801C13 00000800 70640000 1001C1B0 0000A107 09400003 001C2700
[18:09:33.276] 000E1070 9C000040 41C28000 01010713 00000404 1C4D0000 1000F134 0028A600
[18:09:33.279] 09007800 001C0400 001400F0 0000384E 00002C01 E0000071 34000058 03C04000
[18:09:33.283] E1380000 C0078080 01C4D000 01801700 00038080 01827000 6805C000 00C0201C
[18:09:33.287] 2700001C 0160000E 02000709 C0000780 5C00000E 02000613 4001A017 00000300
[18:09:33.290] 80713400 00700580 00380800 1C4D0000 1E017000 00384E00 184D0008 005C0000
[18:09:33.293] 0C1381C4 D0000220 160000E1 38007134 00009005 C04000E1 38006134 00260170
[18:09:33.296] 1000304E 07134000 0A005804 0384E001 C4D00002 A3A40017 44200000 00000000
[18:09:33.298] 00000023 011808C0 46023011 82008020 08020080 40040040 04004004 00400400
[18:09:33.302] 40040040 04000FC2 10000000 00000000 00000010 20400000 00000000 00000000
[18:09:33.305] 00000000 00007EFF FFFC4600 07000503 82803818 04200C03 C0F00000 00000000
[18:09:33.308] 00040000 00040000 00030000 00020000 00014000 0000C000 00007000 00004000
[18:09:33.312] 00002400 00001400 00000B00 00000600 00000340 000001C0 000000F0 3D93B583
[18:09:33.315] B5A3B592 35823592 B582B590 B580B591 B581B593 358335A3 359535A5 34100000
[18:09:33.318] 00000000 10000008 00000300 00010000 00500000 18000007 00000200 00009000
[18:09:33.320] 00280000 0B000003 000000D0 00003800 000F0000 04010127 820F051E 091C1038
[18:09:33.324] 24304060 9341068A 4D5141AA 2A35412A 829514AA A283D454 AA80A801 40080180
[18:09:33.327] 20050060 0C006010 02402805 00180600 900E0140 06020034 04807001 80A00901
[18:09:33.331] 60140060 30044068 0900280C 01501A02 E0380600 140780D8 02005020 03800A03
[18:09:33.334] C07C0101 08100221 0501E03E 00808408 01105000 00600001 40000308 28010030
[18:09:33.338] 0400A00C 01818040 0900A014 20A00400 C0100280 30060A03 C06C0100 281001C1
[18:09:33.341] 03008012 01402828 0F01B004 00A04007 08140080 18020050 0600C0C0 20048050
[18:09:33.345] 0A0A03C0 04010008 10000205 00200600 80140180 30300800 20140002 80F01B00
[18:09:33.348] 400A0400 70814008 00802001 0060000C 02004805 00A0A03C 06C01002 81001C20
[18:09:33.351] 50020060 08014018 03050020 06008014 01803050 1E002008 00408000 10280100
[18:09:33.355] 300400A0 0C018280 F0010040 02040000 28010030 0400A00C 01881400 80080200
[18:09:33.357] 10060001 40780D80 20050200 38140080 18020050 0600C406 01002402 80505002
[18:09:33.361] 00600801 40180305 01E00200 80040800 01018040 0900A014 14078008 02001020
[18:09:33.364] 00014008 01802005 00600C40 60100040 28000501 E0360080 140800E0 50020060
[18:09:33.368] 08014018 031AA030 401032F6 70000000 014A2000 0420
[18:09:33.371] [N3API] init_BCL param - 33
[18:09:33.374] [N3API] RF bit_mask : a2 00 00 00 00
[18:09:33.377] [N3API] [CAPA-MEM][post-decode] pInfo=00000000 SBL(own=0 alloc=00000000) BCL.trk=0 FS.trk=0
[18:09:33.380] [N3API] nr pdu filter hw=26 sbl 16->14 bcl 33->32
[18:09:33.383] [N3API] [CAPA-MEM][DB-set] pInfo=856c9dd8 SBL(own=0 alloc=00000000) BCL.trk=0 FS.trk=0
[18:09:33.387] [N3API]   SBL.val=85599458 cnt=14 BCL.main=85594428 cnt=32 ABLF(dec=0/00000000/0 own=0/00000000)
[18:09:33.390] [N3API]   FS outer: decode-graph (B), trk=0
[18:09:33.394] [L3API][H] Enable UL MIMO
[18:09:33.397] [L3API][H] TDD UL MIMO
[18:09:33.400] [L3API][H] Disable CA
[18:09:33.403] [L3API][H] Bit 13 : disabled
[18:09:33.454] [L3API][H] Bit 18 : disabled
[18:09:33.458] [L3API][H] Bit 13 : disabled
[18:09:33.462] [L3API][H] Bit 18 : disabled
[18:09:33.465] [L3API][H]  SetFgi: 1E9805FE 00000000 0000C1FF / 1E9805FE 00000000 0000C1FF
[18:09:33.469] [L3API][H]  SetFgi: FDD/TDD configured
[18:09:33.472] [L3API][H] Bit 13 : disabled
[18:09:33.475] [L3API][H] Bit 18 : disabled
[18:09:33.479] [L3API][H]  Set FGI Common (1E9805FE 00000000 0000C1FF)
[18:09:33.482] [L3API][H]  Set FGI FDD only (00000000 00000000 00000000)
[18:09:33.485] [L3API][H]  Set FGI TDD only (00000000 00000000 00000000)
[18:09:33.488] [L3API][H] 	[Y]Set interRAT_BandList(0) in BCL(31)
[18:09:33.491] [N3API]  EUTRA band[32]:
[18:09:33.495] [N3API] 	 B1 B2 B3 B4 B5 B6 B7 B8 B10 B12 B13 B14 B17 B18 B19 B20
[18:09:33.498] [N3API] 	 B25 B26 B28 B29 B30 B34 B38 B39 B40 B41 B42 B43 B48 B52 B66 B71
[18:09:33.502] [N3API] 
[18:09:33.505] Set bit-mask: 856CB4E4(000000E0) - 0 00000010
[18:09:33.507] [N3API] [MPR][PC] band:n38 pc:1 v1610:0 isPc1dot5:0 mpr_present:0 mpr_val:0x00
[18:09:33.511] [N3API] [MPR][PC] done band:n38 mpr_present:0 mpr_val:0x00
[18:09:33.514] [N3API] [MPR][PC] band:n40 pc:1 v1610:0 isPc1dot5:0 mpr_present:0 mpr_val:0x00
[18:09:33.517] [N3API] [MPR][PC] done band:n40 mpr_present:0 mpr_val:0x00
[18:09:33.521] [N3API] [MPR][PC] band:n41 pc:1 v1610:1 isPc1dot5:1 mpr_present:1 mpr_val:0x10
[18:09:33.524] [N3API] [MPR][PC] set n41 modifiedMPR_Behaviour=0x10
[18:09:33.528] [N3API] [MPR][PC] done band:n41 mpr_present:1 mpr_val:0x10
[18:09:33.531] [N3API] [MPR][PC] band:n77 pc:1 v1610:1 isPc1dot5:1 mpr_present:1 mpr_val:0x80
[18:09:33.535] [N3API] [MPR][PC] set n77 modifiedMPR_Behaviour=0x80
[18:09:33.538] [N3API] [MPR][PC] done band:n77 mpr_present:1 mpr_val:0x80
[18:09:33.541] [N3API] [MPR][PC] band:n78 pc:1 v1610:1 isPc1dot5:1 mpr_present:0 mpr_val:0x00
[18:09:33.545] [N3API] [MPR][PC] set n78 modifiedMPR_Behaviour=0x80
[18:09:33.548] [N3API] [MPR][PC] done band:n78 mpr_present:1 mpr_val:0x80
[18:09:33.551] [N3API] === reset UE Capa PDU
[18:09:33.555] [N3API] [CAPA-MEM][reset-done] pInfo=856c9dd8 SBL(own=0 alloc=00000000) BCL.trk=0 FS.trk=0
[18:09:33.557] [N3API]   SBL.val=85599458 cnt=14 BCL.main=85594428 cnt=32 ABLF(dec=0/00000000/0 own=0/00000000)
[18:09:33.560] [N3API]   FS outer: decode-graph (B), trk=0
[18:09:33.564] [N3API] [CAPA-MEM][op-post] pInfo=856c9dd8 SBL(own=0 alloc=00000000) BCL.trk=0 FS.trk=0
[18:09:33.567] [N3API]   SBL.val=85599458 cnt=14 BCL.main=85594428 cnt=32 ABLF(dec=0/00000000/0 own=0/00000000)
[18:09:33.570] [N3API]   FS outer: decode-graph (B), trk=0
[18:09:33.573] [MRM] Set UE EUTRA Capability PDU - mode: 1 length: 1853
[18:09:33.576] [L3API][H]  eutraCapaPdu mode:1, size:1853
[18:09:33.579] [L3API][H]  eutraCapaPdu mode:3, size:1853
[18:09:33.583] [L3API][H] eutra reset: hasPdu:1 RunSrc=CFG
[18:09:33.586] [OTA RX][0] 30:UECAPA [1853]->
[18:09:33.589] E0198057 00103081 43071244 913326CF A54EA14A A5EFDFBF 7E5EBFFF FFF83D7F
[18:09:33.593] FFFFF07A FFFFFFE0 F5FFFFFF C1EBFFFF FF83D7FF FFFF07AF FFFFFE0F 5FFFFFFC
[18:09:33.596] 1EBFFFFF F83D7FFF FFF07AFF FFFFE0F5 FFFFFFC1 EBFFFFFF 83D7FFFF FF07AFFF
[18:09:33.599] FFFE0F5F FFFFFC1E BFFFFFF8 3D7FFFFF F07AFFFF FFE0F5FF FFFFC1EB FFFFFF83
[18:09:33.604] D7FFFFFF 07AFFFFF FE0F5FFF FFFC1FF8 3FE26800 E6DE039E 40000000 1FEB8000
[18:09:33.606] 04060D0A 8597F000 00005F78 01801801 80180180 18018018 01801801 80180180
[18:09:33.609] 18018018 01801801 80180180 18018018 018210C0 0C108600 60843003 04218018
[18:09:33.612] 210C00C1 08600608 43003042 18018210 C00C1086 00608430 03042180 18210C00
[18:09:33.616] C1086006 08430030 42180182 10C00C10 86006084 30030421 8018210C 00C10860
[18:09:33.619] 06084300 30421801 8210C00C 10860060 84300304 21801821 0C00C108 60060843
[18:09:33.623] 00304218 018210C0 0C108600 60843003 04218018 210C00C1 08600608 43003042
[18:09:33.626] 18018210 C00C1086 00608430 03042180 18210C00 C1086006 08430030 4212D3E2
[18:09:33.629] 82EE0600 00208184 00082061 80020818 80008206 28002081 8C000820 63800208
[18:09:33.632] 19200082 06880020 81A40008 20698002 081B2000 8206D800 2081BE00 08207280
[18:09:33.636] 02081CE0 00820740 002081D2 00082075 0002081D E0008207 F8002081 FE000820
[18:09:33.639] 7F800208 1FE00082 06000024 83800008 2801040C 20004907 08001050 82081860
[18:09:33.642] 00920E18 0020A184 10310001 141C4000 41440820 62800248 38A00082 8A1040C6
[18:09:33.645] 00049071 80010518 20818E00 08A0E380 020A3841 03240012 41C90004 14908206
[18:09:33.648] 88002483 A200082A 21040D20 00490748 00105482 081A6000 920E9800 20A98410
[18:09:33.652] 36400124 1D900041 5908206D 8002483B 600082B6 1040DF00 049077C0 01057C20
[18:09:33.655] 81CA0009 20F28002 0B284103 9C001241 E7000416 70820740 002483D0 00082D01
[18:09:33.658] 040E9000 4907A400 105A4208 1D400092 0F500020 B504103B C001241E F000416F
[18:09:33.661] 08207F80 02483FE0 0082FE10 40FF0004 907FC001 05FC2081 FE000920 FF80020B
[18:09:33.664] F84103FC 001241FF 000417F0 82060008 24838000 08380000 82061008 24838400
[18:09:33.667] 08384000 82061808 24838600 08386000 82062004 22838800 08388000 82062808
[18:09:33.671] 24838A00 0838A000 82063008 24838C00 0838C000 82063804 22838E00 0838E000
[18:09:33.674] 82064808 24839200 08392000 82068808 2483A200 083A2000 82069008 2483A400
[18:09:33.677] 083A4000 82069808 2483A600 083A6000 8206C808 2483B200 083B2000 8206D808
[18:09:33.680] 2483B600 083B6000 8206F808 2483BE00 083BE000 82072808 2483CA00 083CA000
[18:09:33.683] 82073808 2483CE00 083CE000 82074008 2483D000 083D0000 82074808 2483D200
[18:09:33.687] 083D2000 82075008 2483D400 083D4000 82077808 2483DE00 083DE000 8207F808
[18:09:33.690] 2483FE00 083FE000 8207F808 2483FE00 083FE000 8207F808 2483FE00 083FE000
[18:09:33.694] 8207F808 2483FE00 083FE000 83DEBFFF FFF8397F FFFFF2FF FFFFE5FF FFFFCBFF
[18:09:33.697] FFFF97FF FFFF2FFF FFFE5FFF FFFCBFFF FFF97FFF FFF2FFFF FFE5FFFF FFCBFFFF
[18:09:33.701] FF97FFFF FF2FFFFF FE5FFFFF FCBFFFFF F97FFFFF F2FFFFFF E5FFFFFF CBFFFFFF
[18:09:33.704] 97FFFFFF 2FFFFFFE 5FFFFFFC BFFFFFF9 7FFFFFF2 FFFFFFE5 FFFFFFCB FFFFFF97
[18:09:33.707] FFFFFF2F FFFFFE5F FFFFFCBF FFFFF97F FFFFF2FF FFFFE5FF FFFFCBFF FFFF97FF
[18:09:33.710] FFFF2FFF FFFE5FFF FFFCBFFF FFF97FFF FFF2FFFF FFE5FFFF FFCBFFFF FF97FFFF
[18:09:33.713] FF2FFFFF FE5FFFFF FCBFFFFF F97FFFFF F2FFFFFF E5FFFFFF CBFFFFFF 97FFFFFF
[18:09:33.717] 2FFFFFFE 5FFFFFFC BFFFFFF9 7FFFFFF2 FFFFFFE5 FFFFFFCB FFFFFF97 FFFFFF2F
[18:09:33.721] FFFFFE5F FFFFFCBF FFFFF97F FFFFF2FF FFFFE5FF FFFFCBFF FFFF97FF FFFF2FFF
[18:09:33.724] FFFE5FFF FFFCBFFF FFF97FFF FFF2FFFF FFE5FFFF FFCBFFFF FF97FFFF FF2FFFFF
[18:09:33.728] FE5FFFFF FCBFFFFF F97FFFFF F2FFFFFF E5FFFFFF CBFFFFFF 97FFFFFF 2FFFFFFE
[18:09:33.730] 5FFFFFFC BFFFFFF9 7FFFFFF2 FFFFFFE5 FFFFFFCB FFFFFF97 FFFFFF2F FFFFFE5F
[18:09:33.734] FFFFFCBF FFFFF97F FFFFF2FF FFFFE5FF FFFFCBFF FFFF97FF FFFF2FFF FFFE5FFF
[18:09:33.738] FFFCBFFF FFF97FFF FFF2FFFF FFE5FFFF FFCBFFFF FF97FFFF FF2FFFFF FE5FFFFF
[18:09:33.742] FCBFFFFF F97FFFFF F2FFFFFF E5FFFFFF CBFFFFFF 97FFFFFF 2FFFFFFE 5FFFFFFD
[18:09:33.745] FFC80002 D083B800 0000FF80 000001FE 00000007 F8000000 03FE0000 000FFC00
[18:09:33.748] 00000000 0FF00000 003FC000 0000FFC0 000003FC 0000000F F0000000 00003FE0
[18:09:33.752] 0000007F 80000001 FE000000 00FF8000 0003FF00 00000000 03FC0000 000FF000
[18:09:33.755] 00003FF0 000000FF 00000003 FC000000 00007EE0 00000000 00000000 00000000
[18:09:33.758] 00000000 00000000 202020C0 21402160 00800020 00080002 00008000 20000800
[18:09:33.761] 02000080 00200008 00020000 80002000 08000200 00800020 00080002 002020A0
[18:09:33.765] 28080830 28320C02 140A1485 00858285 A1600080 00200008 00020000 80002000
[18:09:33.768] 08000200 00800020 00080002 00008000 20000800 02000080 00200008 00020020
[18:09:33.778] 20A02808 08302832 0C02140A 14850085 8285A172 8401E32D 300C2FFF FFFFDFFF
[18:09:33.781] F59B9420 08E00452 40000800 00412E68 022605EF 05001040 00100008 00000C10
[18:09:33.785] 41040043 94008000 82087220 01000021 830C0113 02F41022 00004080 64
[18:09:33.788] [L3API][H] pdu filter hw sbl 24->21 bcl10 120->105 add 0->0 red 0->0
[18:09:33.791] [L3API][H]  supportedBandCombination_v10i0 free - 0x856BD7A8
[18:09:33.795] [L3API][H]  supportedBandCombination_r10 free - 0x856AE758
[18:09:33.798] [L3API][H] eutra RunSrc:CFG->PDU
[18:09:33.801] [L3API][H] eutra reset: skip cfg overlay (OSS_DECODE)
[18:09:33.805] [L3API][H] eutra reset: cfg ca_mode=0 (NON_CA=0)
[18:09:33.808] [L3API][H] eutra reset: NON_CA - strip CA from run DB
[18:09:33.811] [L3API][H] eutra keep Non-CA BCL (ca_mode=0) r10 105->21 add 0->0 red 0->0
[18:09:33.815] [L3API][H] eutra reset: DB from PDU (sz=1853) RunSrc=PDU (no overlay)
[18:09:33.818] mrd: ca_band_combination_list()
[18:09:33.822] mrd: CA user_version : 0
[18:09:33.825] mrd: CA Band combination List file_ver:0, ucfg_user_ver:0
[18:09:33.828] mrd: /var/nr/param/capa/rrc_ca_combination_list_mode_none.bin : version match
[18:09:33.832] mrd: File(/var/nr/param/capa/rrc_ca_combination_list_working.bin) size : 330
[18:09:33.835] mrd: Create New CA Band Combination List File(/var/nr/param/capa/rrc_ca_combination_list_working.bin)
[18:09:33.839] mrd: ca disable index : 0
[18:09:33.843] mrd: Enable/Disable Enable_field among CA Band Combination List
[18:09:33.846] mrd: The Supported CA Band combination list not set.(user_ver(0)
[18:09:33.849] Modem IPC mode:
[18:09:33.853]   master_proc_idle=1
[18:09:33.856]   assert_level=3
[18:09:33.859]   sdu_prio=1
[18:09:33.863] Linux IPC mode:
[18:09:33.866]   proc_idle enabled=1(cpu=0)
[18:09:33.870]   assert_level=3(3)
[18:09:33.873]   sdu_prio=1(1)
[18:09:33.877] mrd: [mrd_db_device_info] MCC[001] MNC[012], MNC len(3), SVN(0)
[18:09:33.880] mrd: NR UICC INFORMATION INDICATION(DEV_IDX(1)
[18:09:33.882] mrd: USIM Status 1
[18:09:33.886] mrd: USIM Slot	0
[18:09:33.889] mrd: IMSI : 001012345678901
[18:09:33.892] mrd: IMEI : 123456798213141
[18:09:33.896] mrd: SV : 0
[18:09:33.899] mrd: ICCID : 89014103255041700619
[18:09:33.903] mrd: EID : 00000000000000000000000000000000
[18:09:33.906] mrautocm: [mrcm_uicc_info_ind] status from (0) to (1)
[18:09:33.909] mrd: [mrd_db_device_info] MCC[001] MNC[012], MNC len(3), SVN(0)
[18:09:33.913] mrd: NR UICC INFORMATION INDICATION(DEV_IDX(1)
[18:09:33.916] mrd: USIM Status 1
[18:09:33.919] mrd: USIM Slot	0
[18:09:33.922] mrd: IMSI : 001012345678901
[18:09:33.926] mrd: IMEI : 123456798213141
[18:09:33.929] mrd: SV : 0
[18:09:33.931] mrd: ICCID : 8901410325[NV] +nv_write [mrd] NET(4) data=0x7fb3aa7010 offs=0xc7 size=0x1
[18:09:33.935] 5041700619
[18:09:33.942] mrd: EID : 00000000000000000000000000000000
[18:09:33.947] mrautocm: [mrcm_uicc_info_ind] status from (0) to (1)
[18:09:33.951] mrd: DEVICE CONFIG SET RESPONSE(DEV_IDX(1) Result(0)
[18:09:33.954] mrd: [mrd_db_device_info] MCC[001] MNC[012], MNC len(3), SVN(0)
[18:09:33.958] mrd: NR UICC INFORMATION INDICATION(DEV_IDX(1)
[18:09:33.962] mrd: USIM Status 1
[18:09:33.966] mrd: USIM Slot	0
[18:09:33.969] mrd: IMSI : 001012345678901
[18:09:33.973] mrd: IMEI : 123456798213141
[18:09:33.976] mrd: SV : 0
[18:09:33.980] mrd: ICCID : 89014103255041700619
[18:09:33.983] mrd: EID : 00000000000000000000000000000000
[18:09:33.986] mrautocm: [mrcm_uicc_info_ind] status from (0) to (1)
[18:09:33.989] [NV] [LTE_NV] mrd Write Skip id=4(NET)
[18:09:33.993] [NV] -nv_write [mrd] NET(4) data=0x7fb3aa7010 offs=0xc7 size=0x1
[18:09:33.996] mrd: DEVICE CONFIG SET RESPONSE(DEV_IDX(1) Result(0)
[18:09:33.999] mrd: NR RRC CAPA SET RESPONSE(DEV_IDX(1))
[18:09:34.003] mrd: Result : 0
[18:09:34.006] mrd: NR RRC CAPA SET RESPONSE(DEV_IDX(1))
[18:09:34.010] mrd: Result : 0
[18:09:34.013] mrd: NR RRC CAPA SET RESPONSE(DEV_IDX(1))
[18:09:34.016] mrd: Result : 0
[18:09:34.020] mrd: LTE RRC CAPA SET RESPONSE(DEV_IDX(1))
[18:09:34.023] mrd: Result : [NV] +nv_write [mrd] NET(4) data=0x7fb3aa7010 offs=0xc9 size=0x1
[18:09:34.027] 0
[18:09:34.030] [NV] [LTE_NV] mrd Write Skip id=4(NET)
[18:09:34.033] [NV] -nv_write [mrd] NET(4) data=0x7fb3aa7010 offs=0xc9 size=0x1
[18:09:34.037] mrd: SMS STORAGE CONFIG WRITE RESPONSE
[18:09:34.040] shell
[18:09:34.044] # mrd: ONLINE REQUEST ret=110
[18:09:34.047] mrd: run_lte_scr nr=0
[18:09:34.050] mrd: run_cm_online_request_thread() - init_complete
[18:09:34.054] mrd: [online_request]Watchdog First start
[18:09:34.057] mrbip: LTE PS INIT Completed
[18:09:34.061] mrbip: Start
[18:09:34.064] mrautocm: MRAPI_UiccIdReadReq midType (0)
[18:09:34.067] mrautocm: [MRAPI_UiccIdReadReq]
[18:09:34.071] mrd: [SERVER] new connection request
[18:09:34.074] mrd: lted_srv_alloc_client id=4
[18:09:34.078] mrd: [SERVER] assigns client index 4 proc=mratcm(1455)
[18:09:34.081] c00: gdm_irq_set_type: cpu=0 hwirq=99 type=4
[18:09:34.084] c00: set_affinity: irq=46(UART RX) cpu=0
[18:09:34.088] c00: gdm_irq_set_type: cpu=0 hwirq=98 type=4
[18:09:34.091] c00: set_affinity: irq=47(UART TX) cpu=0
[18:09:34.095] uart port[1] fc=0 cr=0000002b
[18:09:34.098] highd open nr=1
[18:09:34.101] gif_open mratcm 1/0
[18:09:34.105] mrd: [mrd_db_device_info] MCC[001] MNC[012], MNC len(3), SVN(0)
[18:09:34.108] mrd: NR UICC INFORMATION INDICATION(DEV_IDX(1)
[18:09:34.112] mrd: USIM Status 1
[18:09:34.115] mrd: USIM Slot	0
[18:09:34.118] mrd: IMSI : 001012345678901
[18:09:34.122] mrd: IMEI : 123456798213141
[18:09:34.125] mrd: SV : 0
[18:09:34.128] mrd: ICCID : 89014103255041700619
[18:09:34.130] mrd: EID : 00000000000000000000000000000000
[18:09:34.134] mrautocm: [mrcm_uicc_info_ind] status from (0) to (1)
[18:09:34.137] mrautocm: [MRAPI_S_GET_UsimOperator]
[18:09:34.141] mrautocm: [mrcm_uicc_info_ind] USIM Operator From (E_USIM_OPER_UNKNOWN) To(E_USIM_OPER_UNKNOWN)
[18:09:34.143] ifconfig
[18:09:34.146] br0       Link encap:Ethernet  HWaddr 00:0A:3B:FF:FF:01  
[18:09:34.149]           inet addr:192.168.0.1  Bcast:192.168.0.255  Mask:255.255.255.0
[18:09:34.152]           inet6 addr: fe80::903f:16ff:fe33:3db0/64 Scope:Link
[18:09:34.156]           UP BROADCAST RUNNING MULTICAST  MTU:1500  Metric:1
[18:09:34.159]           RX packets:102 errors:0 dropped:0 overruns:0 frame:0
[18:09:34.162]           TX packets:41 errors:0 dropped:0 overruns:0 carrier:0
[18:09:34.164]           collisions:0 txqueuelen:1000 
[18:09:34.168]           RX bytes:20535 (20.0 KiB)  TX bytes:3652 (3.5 KiB)
[18:09:34.171] lo        Link encap:Local Loopback  
[18:09:34.174]           inet addr:127.0.0.1  Mask:255.0.0.0
[18:09:34.177]           inet6 addr: ::1/128 Scope:Host
[18:09:34.181]           UP LOOPBACK RUNNING  MTU:65536  Metric:1
[18:09:34.184]           RX packets:0 errors:0 dropped:0 overruns:0 frame:0
[18:09:34.188]           TX packets:0 errors:0 dropped:0 overruns:0 carrier:0
[18:09:34.191]           collisions:0 txqueuelen:1000 
[18:09:34.194]           RX bytes:0 (0.0 B)  TX bytes:0 (0.0 B)
[18:09:34.198] usb0      Link encap:Ethernet  HWaddr 00:0A:3B:FF:FF:01  
[18:09:34.201]           inet6 addr: fe80::20a:3bff:feff:ff01/64 Scope:Link
[18:09:34.205]           UP BROADCAST RUNNING MULTICAST  MTU:1500  Metric:1
[18:09:34.208]           RX packets:107 errors:0 dropped:0 overruns:0 frame:0
[18:09:35.216]           TX packets:36 errors:0 dropped:0 overruns:0 carrier:0
[18:09:35.221]           collisions:0 txqueuelen:1000 
[18:09:35.223]           RX bytes:21176 (20.6 KiB)  TX bytes:5344 (5.2 KiB)
[18:09:36.233] === TEST STOP ===
